Workbook

Sheet ALL
A1: ASSET | B1: ISIN | C1: LibelléISIN | D1: Quantité | E1: Prix de revient | F1: Place de Cotation | G1: Cours en devise | H1: Cours/VL | I1: Date du cours / VL | J1: Valorisation * | K1: "+/- Values latentes" | L1: Performance** | M1: Poids %
A2: OBLIGATION | B2: IE0000UJ3480 | C2: IS.IBD.DEC.28 T.USD UC.ETF USD IE0000UJ3480 | D2: 1 015 | E2: 98,55 € | F2: Paris | G2: 99,3746 EUR | H2: 993746 | I2: 45361 | J2: 100 865,22 € | K2: 836,97 € | L2: 0,84 % | M2: 4.4466667
A3: OBLIGATION | B3: IE000ZOI8OK5 | C3: ISHARES IBONDS DEC 2027 ¤ CORP IE000ZOI8OK5 | D3: 9 435 | E3: 5,30 € | F3: Frankfurt_ETF_ETP | G3: 5,3822 EUR | H3: 53822 | I3: 45361 | J3: 50 781,06 € | K3: 775,56 € | L3: 1,55 % | M3: 2.24
A4: OBLIGATION | B4: IE000BWITBP9 | C4: ISHRS IBD DEC 26 USD -ACC IE000BWITBP9 | D4: 2 040 | E4: 9794870 | F4: London | G4: 108,07 USD | H4: 9789836 | I4: 45361 | J4: 199 712,66 € | K4: -102,69 € | L4: -0,05 % | M4: 8.8066667
A5: OBLIGATION | B5: IE000GUOATN7 | C5: ISHS IBONDS DEC25 UC.ETF C EUR IE000GUOATN7 | D5: 19 212 | E5: 5205 | F5: Frankfurt_ETF_ETP | G5: 5,2234 EUR | H5: 52234 | I5: 45361 | J5: 100 351,96 € | K5: 353,50 € | L5: 0,35 % | M5: 4.4266667
A6: OBLIGATION | B6: IE000WA6L436 | C6: ISHS IBONDS DEC26 UC.ETF C EUR IE000WA6L436 | D6: 19 665 | E6: 52508 | F6: Paris | G6: 5,313 EUR | H6: 5313 | I6: 45361 | J6: 104 480,15 € | K6: 1 223,17 € | L6: 1,18 % | M6: 4.6066667
A7: OBLIGATION | B7: IE000I1D7D10 | C7: ISHS IBONDS DEC27 UC.ETF C USD IE000I1D7D10 | D7: 1 015 | E7: 98,70 € | F7: Paris | G7: 99,1209 EUR | H7: 991209 | I7: 45361 | J7: 100 607,71 € | K7: 427,21 € | L7: 0,43 % | M7: 4.44
A8: OBLIGATION | B8: IE0008UEVOE0 | C8: ISHS IBONDS DEC28 UC.ETF C EUR IE0008UEVOE0 | D8: 9 375 | E8: 53343 | F8: Paris | G8: 5,432 EUR | H8: 5432 | I8: 45361 | J8: 50 925,00 € | K8: 915,94 € | L8: 1,83 % | M8: 2.2466667
A9: OBLIGATION | B9: LU0115290974 | C9: ODDO BHF EUR.HIG.YLD BD CR-EUR LU0115290974 | D9: 8 319,19 | E9: 30051 | F9: OPC | G9: 30,477 EUR | H9: 30477 | I9: 45332 | J9: 253 543,95 € | K9: 3 543,97 € | L9: 1,42 % | M9: 11.186667
A10: OBLIGATION | B10: DE000A2QBG39 | C10: ODDO BHF MONEY MARKET CN-EUR DE000A2QBG39 | D10: 518363 | E10: 1 041,74000 € | F10: OPC | G10: 1048,23 EUR | H10: 1048,23 € | I10: 45332 | J10: 543 363,65 € | K10: 3 364,18 € | L10: 0,62 % | M10: 23.966667
A11: EQUITY | B11: IE00B5BMR087 | C11: ISHARES CORE S&P 500 UCITS ETF IE00B5BMR087 | D11: 1400 | E11: 53444571 | F11: Frankfurt_ETF_ETP | G11: 545,48 EUR | H11: 545,48 € | I11: 45361 | J11: 763 672,00 € | K11: 15448,00 € | L11: 2,06 % | M11: 33.333333

Sheet VIX HISTORIQUE
B1: PRODUCT | D1: DATE | E1: 2018 | F1: 6 | G1: 8 | I1: TYPE | J1: DAILY
B2: S&P | D2: IE000ZOI8OK5 | G2: CRASH | H2: -0.05 | I2: VIX THRESHOLD | J2: 25
B3: .INX | D3: VIX | G3: VIX3M | I3: VIX6M | K3: VIX1Y | N3: VIX THRESHOLD | O3: 25
A4: =IFERROR(__xludf.DUMMYFUNCTION("GOOGLEFINANCE(B$3, ""price"", DATE($E$1, $F$1, $G$1), TODAY(), $J$1)"),"Date") -> Date | B4: =IFERROR(__xludf.DUMMYFUNCTION("""COMPUTED_VALUE"""),"Close") -> Close | C4: =IFERROR(__xludf.DUMMYFUNCTION("GOOGLEFINANCE(D$3, ""price"", DATE($E$1, $F$1, $G$1), TODAY(), $J$1)"),"Date") -> Date | D4: =IFERROR(__xludf.DUMMYFUNCTION("""COMPUTED_VALUE"""),"Close") -> Close | E4: S&P Return | F4: =IFERROR(__xludf.DUMMYFUNCTION("GOOGLEFINANCE(G$3, ""price"", DATE($E$1, $F$1, $G$1), TODAY(), $J$1)"),"Date") -> Date | G4: =IFERROR(__xludf.DUMMYFUNCTION("""COMPUTED_VALUE"""),"Close") -> Close | H4: =IFERROR(__xludf.DUMMYFUNCTION("GOOGLEFINANCE(I$3, ""price"", DATE($E$1, $F$1, $G$1), TODAY(), $J$1)"),"Date") -> Date | I4: =IFERROR(__xludf.DUMMYFUNCTION("""COMPUTED_VALUE"""),"Close") -> Close | J4: =IFERROR(__xludf.DUMMYFUNCTION("GOOGLEFINANCE(K$3, ""price"", DATE($E$1, $F$1, $G$1), TODAY(), $J$1)"),"Date") -> Date | K4: =IFERROR(__xludf.DUMMYFUNCTION("""COMPUTED_VALUE"""),"Close") -> Close | M4: CRAH TEST | N4: PREDICT CRASH
A5: =IFERROR(__xludf.DUMMYFUNCTION("""COMPUTED_VALUE"""),43259.66666666667) -> 43259.667 | B5: =IFERROR(__xludf.DUMMYFUNCTION("""COMPUTED_VALUE"""),2779.03) -> 2779.03 | C5: =IFERROR(__xludf.DUMMYFUNCTION("""COMPUTED_VALUE"""),43259.63611111111) -> 43259.636 | D5: =IFERROR(__xludf.DUMMYFUNCTION("""COMPUTED_VALUE"""),12.18) -> 12.18 | F5: =IFERROR(__xludf.DUMMYFUNCTION("""COMPUTED_VALUE"""),43259.63611111111) -> 43259.636 | G5: =IFERROR(__xludf.DUMMYFUNCTION("""COMPUTED_VALUE"""),14.6) -> 14.6 | H5: =IFERROR(__xludf.DUMMYFUNCTION("""COMPUTED_VALUE"""),43259.63611111111) -> 43259.636 | I5: =IFERROR(__xludf.DUMMYFUNCTION("""COMPUTED_VALUE"""),16.13) -> 16.13 | J5: =IFERROR(__xludf.DUMMYFUNCTION("""COMPUTED_VALUE"""),43259.63611111111) -> 43259.636 | K5: =IFERROR(__xludf.DUMMYFUNCTION("""COMPUTED_VALUE"""),17.23) -> 17.23 | N5: =IF(I5>$O$3,"PREDICT CRASH","") | O5: =IF(E5>$O$3,"PREDICT CRASH","")
A6: =IFERROR(__xludf.DUMMYFUNCTION("""COMPUTED_VALUE"""),43262.66666666667) -> 43262.667 | B6: =IFERROR(__xludf.DUMMYFUNCTION("""COMPUTED_VALUE"""),2782.0) -> 2782 | C6: =IFERROR(__xludf.DUMMYFUNCTION("""COMPUTED_VALUE"""),43262.63611111111) -> 43262.636 | D6: =IFERROR(__xludf.DUMMYFUNCTION("""COMPUTED_VALUE"""),12.35) -> 12.35 | E6: =B6/B5-1 -> 0.0010687182 | F6: =IFERROR(__xludf.DUMMYFUNCTION("""COMPUTED_VALUE"""),43262.63611111111) -> 43262.636 | G6: =IFERROR(__xludf.DUMMYFUNCTION("""COMPUTED_VALUE"""),14.55) -> 14.55 | H6: =IFERROR(__xludf.DUMMYFUNCTION("""COMPUTED_VALUE"""),43262.63611111111) -> 43262.636 | I6: =IFERROR(__xludf.DUMMYFUNCTION("""COMPUTED_VALUE"""),16.12) -> 16.12 | J6: =IFERROR(__xludf.DUMMYFUNCTION("""COMPUTED_VALUE"""),43262.63611111111) -> 43262.636 | K6: =IFERROR(__xludf.DUMMYFUNCTION("""COMPUTED_VALUE"""),17.17) -> 17.17 | M6: =If((E6<$H$2),"CRASH","") | N6: =IF(I6>$O$3,"PREDICT CRASH","")
A7: =IFERROR(__xludf.DUMMYFUNCTION("""COMPUTED_VALUE"""),43263.66666666667) -> 43263.667 | B7: =IFERROR(__xludf.DUMMYFUNCTION("""COMPUTED_VALUE"""),2786.85) -> 2786.85 | C7: =IFERROR(__xludf.DUMMYFUNCTION("""COMPUTED_VALUE"""),43263.63611111111) -> 43263.636 | D7: =IFERROR(__xludf.DUMMYFUNCTION("""COMPUTED_VALUE"""),12.34) -> 12.34 | E7: =B7/B6-1 -> 0.0017433501 | F7: =IFERROR(__xludf.DUMMYFUNCTION("""COMPUTED_VALUE"""),43263.63611111111) -> 43263.636 | G7: =IFERROR(__xludf.DUMMYFUNCTION("""COMPUTED_VALUE"""),14.59) -> 14.59 | H7: =IFERROR(__xludf.DUMMYFUNCTION("""COMPUTED_VALUE"""),43263.63611111111) -> 43263.636 | I7: =IFERROR(__xludf.DUMMYFUNCTION("""COMPUTED_VALUE"""),16.17) -> 16.17 | J7: =IFERROR(__xludf.DUMMYFUNCTION("""COMPUTED_VALUE"""),43263.63611111111) -> 43263.636 | K7: =IFERROR(__xludf.DUMMYFUNCTION("""COMPUTED_VALUE"""),17.23) -> 17.23 | M7: =If((E7<$H$2),"CRASH","") | N7: =IF(I7>$O$3,"PREDICT CRASH","")
A8: =IFERROR(__xludf.DUMMYFUNCTION("""COMPUTED_VALUE"""),43264.66666666667) -> 43264.667 | B8: =IFERROR(__xludf.DUMMYFUNCTION("""COMPUTED_VALUE"""),2775.63) -> 2775.63 | C8: =IFERROR(__xludf.DUMMYFUNCTION("""COMPUTED_VALUE"""),43264.63611111111) -> 43264.636 | D8: =IFERROR(__xludf.DUMMYFUNCTION("""COMPUTED_VALUE"""),12.94) -> 12.94 | E8: =B8/B7-1 -> -0.0040260509 | F8: =IFERROR(__xludf.DUMMYFUNCTION("""COMPUTED_VALUE"""),43264.63611111111) -> 43264.636 | G8: =IFERROR(__xludf.DUMMYFUNCTION("""COMPUTED_VALUE"""),14.92) -> 14.92 | H8: =IFERROR(__xludf.DUMMYFUNCTION("""COMPUTED_VALUE"""),43264.63611111111) -> 43264.636 | I8: =IFERROR(__xludf.DUMMYFUNCTION("""COMPUTED_VALUE"""),16.43) -> 16.43 | J8: =IFERROR(__xludf.DUMMYFUNCTION("""COMPUTED_VALUE"""),43264.63611111111) -> 43264.636 | K8: =IFERROR(__xludf.DUMMYFUNCTION("""COMPUTED_VALUE"""),17.44) -> 17.44 | M8: =If((E8<$H$2),"CRASH","") | N8: =IF(I8>$O$3,"PREDICT CRASH","")
A9: =IFERROR(__xludf.DUMMYFUNCTION("""COMPUTED_VALUE"""),43265.66666666667) -> 43265.667 | B9: =IFERROR(__xludf.DUMMYFUNCTION("""COMPUTED_VALUE"""),2782.49) -> 2782.49 | C9: =IFERROR(__xludf.DUMMYFUNCTION("""COMPUTED_VALUE"""),43265.63611111111) -> 43265.636 | D9: =IFERROR(__xludf.DUMMYFUNCTION("""COMPUTED_VALUE"""),12.12) -> 12.12 | E9: =B9/B8-1 -> 0.002471511 | F9: =IFERROR(__xludf.DUMMYFUNCTION("""COMPUTED_VALUE"""),43265.63611111111) -> 43265.636 | G9: =IFERROR(__xludf.DUMMYFUNCTION("""COMPUTED_VALUE"""),14.4) -> 14.4 | H9: =IFERROR(__xludf.DUMMYFUNCTION("""COMPUTED_VALUE"""),43265.63611111111) -> 43265.636 | I9: =IFERROR(__xludf.DUMMYFUNCTION("""COMPUTED_VALUE"""),16.09) -> 16.09 | J9: =IFERROR(__xludf.DUMMYFUNCTION("""COMPUTED_VALUE"""),43265.63611111111) -> 43265.636 | K9: =IFERROR(__xludf.DUMMYFUNCTION("""COMPUTED_VALUE"""),17.31) -> 17.31 | M9: =If((E9<$H$2),"CRASH","") | N9: =IF(I9>$O$3,"PREDICT CRASH","")
A10: =IFERROR(__xludf.DUMMYFUNCTION("""COMPUTED_VALUE"""),43266.66666666667) -> 43266.667 | B10: =IFERROR(__xludf.DUMMYFUNCTION("""COMPUTED_VALUE"""),2779.66) -> 2779.66 | C10: =IFERROR(__xludf.DUMMYFUNCTION("""COMPUTED_VALUE"""),43266.63611111111) -> 43266.636 | D10: =IFERROR(__xludf.DUMMYFUNCTION("""COMPUTED_VALUE"""),11.98) -> 11.98 | E10: =B10/B9-1 -> -0.0010170746 | F10: =IFERROR(__xludf.DUMMYFUNCTION("""COMPUTED_VALUE"""),43266.63611111111) -> 43266.636 | G10: =IFERROR(__xludf.DUMMYFUNCTION("""COMPUTED_VALUE"""),14.42) -> 14.42 | H10: =IFERROR(__xludf.DUMMYFUNCTION("""COMPUTED_VALUE"""),43266.63611111111) -> 43266.636 | I10: =IFERROR(__xludf.DUMMYFUNCTION("""COMPUTED_VALUE"""),16.32) -> 16.32 | J10: =IFERROR(__xludf.DUMMYFUNCTION("""COMPUTED_VALUE"""),43266.63611111111) -> 43266.636 | K10: =IFERROR(__xludf.DUMMYFUNCTION("""COMPUTED_VALUE"""),17.54) -> 17.54 | M10: =If((E10<$H$2),"CRASH","") | N10: =IF(I10>$O$3,"PREDICT CRASH","")
A11: =IFERROR(__xludf.DUMMYFUNCTION("""COMPUTED_VALUE"""),43269.66666666667) -> 43269.667 | B11: =IFERROR(__xludf.DUMMYFUNCTION("""COMPUTED_VALUE"""),2773.75) -> 2773.75 | C11: =IFERROR(__xludf.DUMMYFUNCTION("""COMPUTED_VALUE"""),43269.63611111111) -> 43269.636 | D11: =IFERROR(__xludf.DUMMYFUNCTION("""COMPUTED_VALUE"""),12.31) -> 12.31 | E11: =B11/B10-1 -> -0.0021261593 | F11: =IFERROR(__xludf.DUMMYFUNCTION("""COMPUTED_VALUE"""),43269.63611111111) -> 43269.636 | G11: =IFERROR(__xludf.DUMMYFUNCTION("""COMPUTED_VALUE"""),14.48) -> 14.48 | H11: =IFERROR(__xludf.DUMMYFUNCTION("""COMPUTED_VALUE"""),43269.63611111111) -> 43269.636 | I11: =IFERROR(__xludf.DUMMYFUNCTION("""COMPUTED_VALUE"""),16.35) -> 16.35 | J11: =IFERROR(__xludf.DUMMYFUNCTION("""COMPUTED_VALUE"""),43269.63611111111) -> 43269.636 | K11: =IFERROR(__xludf.DUMMYFUNCTION("""COMPUTED_VALUE"""),17.61) -> 17.61 | M11: =If((E11<$H$2),"CRASH","") | N11: =IF(I11>$O$3,"PREDICT CRASH","")
A12: =IFERROR(__xludf.DUMMYFUNCTION("""COMPUTED_VALUE"""),43270.66666666667) -> 43270.667 | B12: =IFERROR(__xludf.DUMMYFUNCTION("""COMPUTED_VALUE"""),2762.59) -> 2762.59 | C12: =IFERROR(__xludf.DUMMYFUNCTION("""COMPUTED_VALUE"""),43270.63611111111) -> 43270.636 | D12: =IFERROR(__xludf.DUMMYFUNCTION("""COMPUTED_VALUE"""),13.35) -> 13.35 | E12: =B12/B11-1 -> -0.004023434 | F12: =IFERROR(__xludf.DUMMYFUNCTION("""COMPUTED_VALUE"""),43270.63611111111) -> 43270.636 | G12: =IFERROR(__xludf.DUMMYFUNCTION("""COMPUTED_VALUE"""),15.17) -> 15.17 | H12: =IFERROR(__xludf.DUMMYFUNCTION("""COMPUTED_VALUE"""),43270.63611111111) -> 43270.636 | I12: =IFERROR(__xludf.DUMMYFUNCTION("""COMPUTED_VALUE"""),16.89) -> 16.89 | J12: =IFERROR(__xludf.DUMMYFUNCTION("""COMPUTED_VALUE"""),43270.63611111111) -> 43270.636 | K12: =IFERROR(__xludf.DUMMYFUNCTION("""COMPUTED_VALUE"""),18.09) -> 18.09 | M12: =If((E12<$H$2),"CRASH","") | N12: =IF(I12>$O$3,"PREDICT CRASH","")
A13: =IFERROR(__xludf.DUMMYFUNCTION("""COMPUTED_VALUE"""),43271.66666666667) -> 43271.667 | B13: =IFERROR(__xludf.DUMMYFUNCTION("""COMPUTED_VALUE"""),2767.32) -> 2767.32 | C13: =IFERROR(__xludf.DUMMYFUNCTION("""COMPUTED_VALUE"""),43271.63611111111) -> 43271.636 | D13: =IFERROR(__xludf.DUMMYFUNCTION("""COMPUTED_VALUE"""),12.79) -> 12.79 | E13: =B13/B12-1 -> 0.0017121614 | F13: =IFERROR(__xludf.DUMMYFUNCTION("""COMPUTED_VALUE"""),43271.63611111111) -> 43271.636 | G13: =IFERROR(__xludf.DUMMYFUNCTION("""COMPUTED_VALUE"""),14.79) -> 14.79 | H13: =IFERROR(__xludf.DUMMYFUNCTION("""COMPUTED_VALUE"""),43271.63611111111) -> 43271.636 | I13: =IFERROR(__xludf.DUMMYFUNCTION("""COMPUTED_VALUE"""),16.52) -> 16.52 | J13: =IFERROR(__xludf.DUMMYFUNCTION("""COMPUTED_VALUE"""),43271.63611111111) -> 43271.636 | K13: =IFERROR(__xludf.DUMMYFUNCTION("""COMPUTED_VALUE"""),17.77) -> 17.77 | M13: =If((E13<$H$2),"CRASH","") | N13: =IF(I13>$O$3,"PREDICT CRASH","")
A14: =IFERROR(__xludf.DUMMYFUNCTION("""COMPUTED_VALUE"""),43272.66666666667) -> 43272.667 | B14: =IFERROR(__xludf.DUMMYFUNCTION("""COMPUTED_VALUE"""),2749.76) -> 2749.76 | C14: =IFERROR(__xludf.DUMMYFUNCTION("""COMPUTED_VALUE"""),43272.63611111111) -> 43272.636 | D14: =IFERROR(__xludf.DUMMYFUNCTION("""COMPUTED_VALUE"""),14.64) -> 14.64 | E14: =B14/B13-1 -> -0.0063454895 | F14: =IFERROR(__xludf.DUMMYFUNCTION("""COMPUTED_VALUE"""),43272.63611111111) -> 43272.636 | G14: =IFERROR(__xludf.DUMMYFUNCTION("""COMPUTED_VALUE"""),15.87) -> 15.87 | H14: =IFERROR(__xludf.DUMMYFUNCTION("""COMPUTED_VALUE"""),43272.63611111111) -> 43272.636 | I14: =IFERROR(__xludf.DUMMYFUNCTION("""COMPUTED_VALUE"""),17.2) -> 17.2 | J14: =IFERROR(__xludf.DUMMYFUNCTION("""COMPUTED_VALUE"""),43272.63611111111) -> 43272.636 | K14: =IFERROR(__xludf.DUMMYFUNCTION("""COMPUTED_VALUE"""),18.18) -> 18.18 | M14: =If((E14<$H$2),"CRASH","") | N14: =IF(I14>$O$3,"PREDICT CRASH","")
A15: =IFERROR(__xludf.DUMMYFUNCTION("""COMPUTED_VALUE"""),43273.66666666667) -> 43273.667 | B15: =IFERROR(__xludf.DUMMYFUNCTION("""COMPUTED_VALUE"""),2754.88) -> 2754.88 | C15: =IFERROR(__xludf.DUMMYFUNCTION("""COMPUTED_VALUE"""),43273.63611111111) -> 43273.636 | D15: =IFERROR(__xludf.DUMMYFUNCTION("""COMPUTED_VALUE"""),13.77) -> 13.77 | E15: =B15/B14-1 -> 0.0018619807 | F15: =IFERROR(__xludf.DUMMYFUNCTION("""COMPUTED_VALUE"""),43273.63611111111) -> 43273.636 | G15: =IFERROR(__xludf.DUMMYFUNCTION("""COMPUTED_VALUE"""),15.5) -> 15.5 | H15: =IFERROR(__xludf.DUMMYFUNCTION("""COMPUTED_VALUE"""),43273.63611111111) -> 43273.636 | I15: =IFERROR(__xludf.DUMMYFUNCTION("""COMPUTED_VALUE"""),16.92) -> 16.92 | J15: =IFERROR(__xludf.DUMMYFUNCTION("""COMPUTED_VALUE"""),43273.63611111111) -> 43273.636 | K15: =IFERROR(__xludf.DUMMYFUNCTION("""COMPUTED_VALUE"""),18.12) -> 18.12 | M15: =If((E15<$H$2),"CRASH","") | N15: =IF(I15>$O$3,"PREDICT CRASH","")
A16: =IFERROR(__xludf.DUMMYFUNCTION("""COMPUTED_VALUE"""),43276.66666666667) -> 43276.667 | B16: =IFERROR(__xludf.DUMMYFUNCTION("""COMPUTED_VALUE"""),2717.07) -> 2717.07 | C16: =IFERROR(__xludf.DUMMYFUNCTION("""COMPUTED_VALUE"""),43276.63611111111) -> 43276.636 | D16: =IFERROR(__xludf.DUMMYFUNCTION("""COMPUTED_VALUE"""),17.33) -> 17.33 | E16: =B16/B15-1 -> -0.013724736 | F16: =IFERROR(__xludf.DUMMYFUNCTION("""COMPUTED_VALUE"""),43276.63611111111) -> 43276.636 | G16: =IFERROR(__xludf.DUMMYFUNCTION("""COMPUTED_VALUE"""),17.52) -> 17.52 | H16: =IFERROR(__xludf.DUMMYFUNCTION("""COMPUTED_VALUE"""),43276.63611111111) -> 43276.636 | I16: =IFERROR(__xludf.DUMMYFUNCTION("""COMPUTED_VALUE"""),18.27) -> 18.27 | J16: =IFERROR(__xludf.DUMMYFUNCTION("""COMPUTED_VALUE"""),43276.63611111111) -> 43276.636 | K16: =IFERROR(__xludf.DUMMYFUNCTION("""COMPUTED_VALUE"""),18.87) -> 18.87 | M16: =If((E16<$H$2),"CRASH","") | N16: =IF(I16>$O$3,"PREDICT CRASH","")
A17: =IFERROR(__xludf.DUMMYFUNCTION("""COMPUTED_VALUE"""),43277.66666666667) -> 43277.667 | B17: =IFERROR(__xludf.DUMMYFUNCTION("""COMPUTED_VALUE"""),2723.06) -> 2723.06 | C17: =IFERROR(__xludf.DUMMYFUNCTION("""COMPUTED_VALUE"""),43277.63611111111) -> 43277.636 | D17: =IFERROR(__xludf.DUMMYFUNCTION("""COMPUTED_VALUE"""),15.92) -> 15.92 | E17: =B17/B16-1 -> 0.0022045807 | F17: =IFERROR(__xludf.DUMMYFUNCTION("""COMPUTED_VALUE"""),43277.63611111111) -> 43277.636 | G17: =IFERROR(__xludf.DUMMYFUNCTION("""COMPUTED_VALUE"""),16.87) -> 16.87 | H17: =IFERROR(__xludf.DUMMYFUNCTION("""COMPUTED_VALUE"""),43277.63611111111) -> 43277.636 | I17: =IFERROR(__xludf.DUMMYFUNCTION("""COMPUTED_VALUE"""),17.79) -> 17.79 | J17: =IFERROR(__xludf.DUMMYFUNCTION("""COMPUTED_VALUE"""),43277.63611111111) -> 43277.636 | K17: =IFERROR(__xludf.DUMMYFUNCTION("""COMPUTED_VALUE"""),18.49) -> 18.49 | M17: =If((E17<$H$2),"CRASH","") | N17: =IF(I17>$O$3,"PREDICT CRASH","")
A18: =IFERROR(__xludf.DUMMYFUNCTION("""COMPUTED_VALUE"""),43278.66666666667) -> 43278.667 | B18: =IFERROR(__xludf.DUMMYFUNCTION("""COMPUTED_VALUE"""),2699.63) -> 2699.63 | C18: =IFERROR(__xludf.DUMMYFUNCTION("""COMPUTED_VALUE"""),43278.63611111111) -> 43278.636 | D18: =IFERROR(__xludf.DUMMYFUNCTION("""COMPUTED_VALUE"""),17.91) -> 17.91 | E18: =B18/B17-1 -> -0.0086042908 | F18: =IFERROR(__xludf.DUMMYFUNCTION("""COMPUTED_VALUE"""),43278.63611111111) -> 43278.636 | G18: =IFERROR(__xludf.DUMMYFUNCTION("""COMPUTED_VALUE"""),18.05) -> 18.05 | H18: =IFERROR(__xludf.DUMMYFUNCTION("""COMPUTED_VALUE"""),43278.63611111111) -> 43278.636 | I18: =IFERROR(__xludf.DUMMYFUNCTION("""COMPUTED_VALUE"""),18.66) -> 18.66 | J18: =IFERROR(__xludf.DUMMYFUNCTION("""COMPUTED_VALUE"""),43278.63611111111) -> 43278.636 | K18: =IFERROR(__xludf.DUMMYFUNCTION("""COMPUTED_VALUE"""),18.99) -> 18.99 | M18: =If((E18<$H$2),"CRASH","") | N18: =IF(I18>$O$3,"PREDICT CRASH","")
A19: =IFERROR(__xludf.DUMMYFUNCTION("""COMPUTED_VALUE"""),43279.66666666667) -> 43279.667 | B19: =IFERROR(__xludf.DUMMYFUNCTION("""COMPUTED_VALUE"""),2716.31) -> 2716.31 | C19: =IFERROR(__xludf.DUMMYFUNCTION("""COMPUTED_VALUE"""),43279.63611111111) -> 43279.636 | D19: =IFERROR(__xludf.DUMMYFUNCTION("""COMPUTED_VALUE"""),16.85) -> 16.85 | E19: =B19/B18-1 -> 0.0061786245 | F19: =IFERROR(__xludf.DUMMYFUNCTION("""COMPUTED_VALUE"""),43279.63611111111) -> 43279.636 | G19: =IFERROR(__xludf.DUMMYFUNCTION("""COMPUTED_VALUE"""),17.52) -> 17.52 | H19: =IFERROR(__xludf.DUMMYFUNCTION("""COMPUTED_VALUE"""),43279.63611111111) -> 43279.636 | I19: =IFERROR(__xludf.DUMMYFUNCTION("""COMPUTED_VALUE"""),18.29) -> 18.29 | J19: =IFERROR(__xludf.DUMMYFUNCTION("""COMPUTED_VALUE"""),43279.63611111111) -> 43279.636 | K19: =IFERROR(__xludf.DUMMYFUNCTION("""COMPUTED_VALUE"""),18.78) -> 18.78 | M19: =If((E19<$H$2),"CRASH","") | N19: =IF(I19>$O$3,"PREDICT CRASH","")
A20: =IFERROR(__xludf.DUMMYFUNCTION("""COMPUTED_VALUE"""),43280.66666666667) -> 43280.667 | B20: =IFERROR(__xludf.DUMMYFUNCTION("""COMPUTED_VALUE"""),2718.37) -> 2718.37 | C20: =IFERROR(__xludf.DUMMYFUNCTION("""COMPUTED_VALUE"""),43280.63611111111) -> 43280.636 | D20: =IFERROR(__xludf.DUMMYFUNCTION("""COMPUTED_VALUE"""),16.09) -> 16.09 | E20: =B20/B19-1 -> 0.00075838178 | F20: =IFERROR(__xludf.DUMMYFUNCTION("""COMPUTED_VALUE"""),43280.63611111111) -> 43280.636 | G20: =IFERROR(__xludf.DUMMYFUNCTION("""COMPUTED_VALUE"""),17.14) -> 17.14 | H20: =IFERROR(__xludf.DUMMYFUNCTION("""COMPUTED_VALUE"""),43280.63611111111) -> 43280.636 | I20: =IFERROR(__xludf.DUMMYFUNCTION("""COMPUTED_VALUE"""),18.09) -> 18.09 | J20: =IFERROR(__xludf.DUMMYFUNCTION("""COMPUTED_VALUE"""),43280.63611111111) -> 43280.636 | K20: =IFERROR(__xludf.DUMMYFUNCTION("""COMPUTED_VALUE"""),18.67) -> 18.67 | M20: =If((E20<$H$2),"CRASH","") | N20: =IF(I20>$O$3,"PREDICT CRASH","")
A21: =IFERROR(__xludf.DUMMYFUNCTION("""COMPUTED_VALUE"""),43283.66666666667) -> 43283.667 | B21: =IFERROR(__xludf.DUMMYFUNCTION("""COMPUTED_VALUE"""),2726.71) -> 2726.71 | C21: =IFERROR(__xludf.DUMMYFUNCTION("""COMPUTED_VALUE"""),43283.63611111111) -> 43283.636 | D21: =IFERROR(__xludf.DUMMYFUNCTION("""COMPUTED_VALUE"""),15.6) -> 15.6 | E21: =B21/B20-1 -> 0.003068015 | F21: =IFERROR(__xludf.DUMMYFUNCTION("""COMPUTED_VALUE"""),43283.63611111111) -> 43283.636 | G21: =IFERROR(__xludf.DUMMYFUNCTION("""COMPUTED_VALUE"""),16.95) -> 16.95 | H21: =IFERROR(__xludf.DUMMYFUNCTION("""COMPUTED_VALUE"""),43283.63611111111) -> 43283.636 | I21: =IFERROR(__xludf.DUMMYFUNCTION("""COMPUTED_VALUE"""),17.97) -> 17.97 | J21: =IFERROR(__xludf.DUMMYFUNCTION("""COMPUTED_VALUE"""),43283.63611111111) -> 43283.636 | K21: =IFERROR(__xludf.DUMMYFUNCTION("""COMPUTED_VALUE"""),18.65) -> 18.65 | M21: =If((E21<$H$2),"CRASH","") | N21: =IF(I21>$O$3,"PREDICT CRASH","")
A22: =IFERROR(__xludf.DUMMYFUNCTION("""COMPUTED_VALUE"""),43284.54166666667) -> 43284.542 | B22: =IFERROR(__xludf.DUMMYFUNCTION("""COMPUTED_VALUE"""),2713.22) -> 2713.22 | C22: =IFERROR(__xludf.DUMMYFUNCTION("""COMPUTED_VALUE"""),43284.54166666667) -> 43284.542 | D22: =IFERROR(__xludf.DUMMYFUNCTION("""COMPUTED_VALUE"""),16.14) -> 16.14 | E22: =B22/B21-1 -> -0.0049473541 | F22: =IFERROR(__xludf.DUMMYFUNCTION("""COMPUTED_VALUE"""),43284.54166666667) -> 43284.542 | G22: =IFERROR(__xludf.DUMMYFUNCTION("""COMPUTED_VALUE"""),17.35) -> 17.35 | H22: =IFERROR(__xludf.DUMMYFUNCTION("""COMPUTED_VALUE"""),43284.54166666667) -> 43284.542 | I22: =IFERROR(__xludf.DUMMYFUNCTION("""COMPUTED_VALUE"""),18.23) -> 18.23 | J22: =IFERROR(__xludf.DUMMYFUNCTION("""COMPUTED_VALUE"""),43284.54166666667) -> 43284.542 | K22: =IFERROR(__xludf.DUMMYFUNCTION("""COMPUTED_VALUE"""),18.82) -> 18.82 | M22: =If((E22<$H$2),"CRASH","") | N22: =IF(I22>$O$3,"PREDICT CRASH","")
A23: =IFERROR(__xludf.DUMMYFUNCTION("""COMPUTED_VALUE"""),43286.66666666667) -> 43286.667 | B23: =IFERROR(__xludf.DUMMYFUNCTION("""COMPUTED_VALUE"""),2736.61) -> 2736.61 | C23: =IFERROR(__xludf.DUMMYFUNCTION("""COMPUTED_VALUE"""),43286.63611111111) -> 43286.636 | D23: =IFERROR(__xludf.DUMMYFUNCTION("""COMPUTED_VALUE"""),14.97) -> 14.97 | E23: =B23/B22-1 -> 0.0086207532 | F23: =IFERROR(__xludf.DUMMYFUNCTION("""COMPUTED_VALUE"""),43286.63611111111) -> 43286.636 | G23: =IFERROR(__xludf.DUMMYFUNCTION("""COMPUTED_VALUE"""),16.53) -> 16.53 | H23: =IFERROR(__xludf.DUMMYFUNCTION("""COMPUTED_VALUE"""),43286.63611111111) -> 43286.636 | I23: =IFERROR(__xludf.DUMMYFUNCTION("""COMPUTED_VALUE"""),17.63) -> 17.63 | J23: =IFERROR(__xludf.DUMMYFUNCTION("""COMPUTED_VALUE"""),43286.63611111111) -> 43286.636 | K23: =IFERROR(__xludf.DUMMYFUNCTION("""COMPUTED_VALUE"""),18.35) -> 18.35 | M23: =If((E23<$H$2),"CRASH","") | N23: =IF(I23>$O$3,"PREDICT CRASH","")
A24: =IFERROR(__xludf.DUMMYFUNCTION("""COMPUTED_VALUE"""),43287.66666666667) -> 43287.667 | B24: =IFERROR(__xludf.DUMMYFUNCTION("""COMPUTED_VALUE"""),2759.82) -> 2759.82 | C24: =IFERROR(__xludf.DUMMYFUNCTION("""COMPUTED_VALUE"""),43287.63611111111) -> 43287.636 | D24: =IFERROR(__xludf.DUMMYFUNCTION("""COMPUTED_VALUE"""),13.37) -> 13.37 | E24: =B24/B23-1 -> 0.0084812962 | F24: =IFERROR(__xludf.DUMMYFUNCTION("""COMPUTED_VALUE"""),43287.63611111111) -> 43287.636 | G24: =IFERROR(__xludf.DUMMYFUNCTION("""COMPUTED_VALUE"""),15.71) -> 15.71 | H24: =IFERROR(__xludf.DUMMYFUNCTION("""COMPUTED_VALUE"""),43287.63611111111) -> 43287.636 | I24: =IFERROR(__xludf.DUMMYFUNCTION("""COMPUTED_VALUE"""),17.07) -> 17.07 | J24: =IFERROR(__xludf.DUMMYFUNCTION("""COMPUTED_VALUE"""),43287.63611111111) -> 43287.636 | K24: =IFERROR(__xludf.DUMMYFUNCTION("""COMPUTED_VALUE"""),18.0) -> 18 | M24: =If((E24<$H$2),"CRASH","") | N24: =IF(I24>$O$3,"PREDICT CRASH","")
A25: =IFERROR(__xludf.DUMMYFUNCTION("""COMPUTED_VALUE"""),43290.66666666667) -> 43290.667 | B25: =IFERROR(__xludf.DUMMYFUNCTION("""COMPUTED_VALUE"""),2784.17) -> 2784.17 | C25: =IFERROR(__xludf.DUMMYFUNCTION("""COMPUTED_VALUE"""),43290.63611111111) -> 43290.636 | D25: =IFERROR(__xludf.DUMMYFUNCTION("""COMPUTED_VALUE"""),12.69) -> 12.69 | E25: =B25/B24-1 -> 0.0088230392 | F25: =IFERROR(__xludf.DUMMYFUNCTION("""COMPUTED_VALUE"""),43290.63611111111) -> 43290.636 | G25: =IFERROR(__xludf.DUMMYFUNCTION("""COMPUTED_VALUE"""),14.87) -> 14.87 | H25: =IFERROR(__xludf.DUMMYFUNCTION("""COMPUTED_VALUE"""),43290.63611111111) -> 43290.636 | I25: =IFERROR(__xludf.DUMMYFUNCTION("""COMPUTED_VALUE"""),16.29) -> 16.29 | J25: =IFERROR(__xludf.DUMMYFUNCTION("""COMPUTED_VALUE"""),43290.63611111111) -> 43290.636 | K25: =IFERROR(__xludf.DUMMYFUNCTION("""COMPUTED_VALUE"""),17.4) -> 17.4 | M25: =If((E25<$H$2),"CRASH","") | N25: =IF(I25>$O$3,"PREDICT CRASH","")
A26: =IFERROR(__xludf.DUMMYFUNCTION("""COMPUTED_VALUE"""),43291.66666666667) -> 43291.667 | B26: =IFERROR(__xludf.DUMMYFUNCTION("""COMPUTED_VALUE"""),2793.84) -> 2793.84 | C26: =IFERROR(__xludf.DUMMYFUNCTION("""COMPUTED_VALUE"""),43291.63611111111) -> 43291.636 | D26: =IFERROR(__xludf.DUMMYFUNCTION("""COMPUTED_VALUE"""),12.64) -> 12.64 | E26: =B26/B25-1 -> 0.0034732075 | F26: =IFERROR(__xludf.DUMMYFUNCTION("""COMPUTED_VALUE"""),43291.63611111111) -> 43291.636 | G26: =IFERROR(__xludf.DUMMYFUNCTION("""COMPUTED_VALUE"""),14.71) -> 14.71 | H26: =IFERROR(__xludf.DUMMYFUNCTION("""COMPUTED_VALUE"""),43291.63611111111) -> 43291.636 | I26: =IFERROR(__xludf.DUMMYFUNCTION("""COMPUTED_VALUE"""),16.11) -> 16.11 | J26: =IFERROR(__xludf.DUMMYFUNCTION("""COMPUTED_VALUE"""),43291.63611111111) -> 43291.636 | K26: =IFERROR(__xludf.DUMMYFUNCTION("""COMPUTED_VALUE"""),17.23) -> 17.23 | M26: =If((E26<$H$2),"CRASH","") | N26: =IF(I26>$O$3,"PREDICT CRASH","")
A27: =IFERROR(__xludf.DUMMYFUNCTION("""COMPUTED_VALUE"""),43292.66666666667) -> 43292.667 | B27: =IFERROR(__xludf.DUMMYFUNCTION("""COMPUTED_VALUE"""),2774.02) -> 2774.02 | C27: =IFERROR(__xludf.DUMMYFUNCTION("""COMPUTED_VALUE"""),43292.63611111111) -> 43292.636 | D27: =IFERROR(__xludf.DUMMYFUNCTION("""COMPUTED_VALUE"""),13.63) -> 13.63 | E27: =B27/B26-1 -> -0.0070941786 | F27: =IFERROR(__xludf.DUMMYFUNCTION("""COMPUTED_VALUE"""),43292.63611111111) -> 43292.636 | G27: =IFERROR(__xludf.DUMMYFUNCTION("""COMPUTED_VALUE"""),15.38) -> 15.38 | H27: =IFERROR(__xludf.DUMMYFUNCTION("""COMPUTED_VALUE"""),43292.63611111111) -> 43292.636 | I27: =IFERROR(__xludf.DUMMYFUNCTION("""COMPUTED_VALUE"""),16.54) -> 16.54 | J27: =IFERROR(__xludf.DUMMYFUNCTION("""COMPUTED_VALUE"""),43292.63611111111) -> 43292.636 | K27: =IFERROR(__xludf.DUMMYFUNCTION("""COMPUTED_VALUE"""),17.46) -> 17.46 | M27: =If((E27<$H$2),"CRASH","") | N27: =IF(I27>$O$3,"PREDICT CRASH","")
A28: =IFERROR(__xludf.DUMMYFUNCTION("""COMPUTED_VALUE"""),43293.66666666667) -> 43293.667 | B28: =IFERROR(__xludf.DUMMYFUNCTION("""COMPUTED_VALUE"""),2798.29) -> 2798.29 | C28: =IFERROR(__xludf.DUMMYFUNCTION("""COMPUTED_VALUE"""),43293.63611111111) -> 43293.636 | D28: =IFERROR(__xludf.DUMMYFUNCTION("""COMPUTED_VALUE"""),12.58) -> 12.58 | E28: =B28/B27-1 -> 0.0087490357 | F28: =IFERROR(__xludf.DUMMYFUNCTION("""COMPUTED_VALUE"""),43293.63611111111) -> 43293.636 | G28: =IFERROR(__xludf.DUMMYFUNCTION("""COMPUTED_VALUE"""),14.76) -> 14.76 | H28: =IFERROR(__xludf.DUMMYFUNCTION("""COMPUTED_VALUE"""),43293.63611111111) -> 43293.636 | I28: =IFERROR(__xludf.DUMMYFUNCTION("""COMPUTED_VALUE"""),16.1) -> 16.1 | J28: =IFERROR(__xludf.DUMMYFUNCTION("""COMPUTED_VALUE"""),43293.63611111111) -> 43293.636 | K28: =IFERROR(__xludf.DUMMYFUNCTION("""COMPUTED_VALUE"""),17.22) -> 17.22 | M28: =If((E28<$H$2),"CRASH","") | N28: =IF(I28>$O$3,"PREDICT CRASH","")
A29: =IFERROR(__xludf.DUMMYFUNCTION("""COMPUTED_VALUE"""),43294.66666666667) -> 43294.667 | B29: =IFERROR(__xludf.DUMMYFUNCTION("""COMPUTED_VALUE"""),2801.31) -> 2801.31 | C29: =IFERROR(__xludf.DUMMYFUNCTION("""COMPUTED_VALUE"""),43294.63611111111) -> 43294.636 | D29: =IFERROR(__xludf.DUMMYFUNCTION("""COMPUTED_VALUE"""),12.18) -> 12.18 | E29: =B29/B28-1 -> 0.0010792305 | F29: =IFERROR(__xludf.DUMMYFUNCTION("""COMPUTED_VALUE"""),43294.63611111111) -> 43294.636 | G29: =IFERROR(__xludf.DUMMYFUNCTION("""COMPUTED_VALUE"""),14.54) -> 14.54 | H29: =IFERROR(__xludf.DUMMYFUNCTION("""COMPUTED_VALUE"""),43294.63611111111) -> 43294.636 | I29: =IFERROR(__xludf.DUMMYFUNCTION("""COMPUTED_VALUE"""),15.9) -> 15.9 | J29: =IFERROR(__xludf.DUMMYFUNCTION("""COMPUTED_VALUE"""),43294.63611111111) -> 43294.636 | K29: =IFERROR(__xludf.DUMMYFUNCTION("""COMPUTED_VALUE"""),17.11) -> 17.11 | M29: =If((E29<$H$2),"CRASH","") | N29: =IF(I29>$O$3,"PREDICT CRASH","")
A30: =IFERROR(__xludf.DUMMYFUNCTION("""COMPUTED_VALUE"""),43297.66666666667) -> 43297.667 | B30: =IFERROR(__xludf.DUMMYFUNCTION("""COMPUTED_VALUE"""),2798.43) -> 2798.43 | C30: =IFERROR(__xludf.DUMMYFUNCTION("""COMPUTED_VALUE"""),43297.63611111111) -> 43297.636 | D30: =IFERROR(__xludf.DUMMYFUNCTION("""COMPUTED_VALUE"""),12.83) -> 12.83 | E30: =B30/B29-1 -> -0.0010280904 | F30: =IFERROR(__xludf.DUMMYFUNCTION("""COMPUTED_VALUE"""),43297.63611111111) -> 43297.636 | G30: =IFERROR(__xludf.DUMMYFUNCTION("""COMPUTED_VALUE"""),14.85) -> 14.85 | H30: =IFERROR(__xludf.DUMMYFUNCTION("""COMPUTED_VALUE"""),43297.63611111111) -> 43297.636 | I30: =IFERROR(__xludf.DUMMYFUNCTION("""COMPUTED_VALUE"""),16.1) -> 16.1 | J30: =IFERROR(__xludf.DUMMYFUNCTION("""COMPUTED_VALUE"""),43297.63611111111) -> 43297.636 | K30: =IFERROR(__xludf.DUMMYFUNCTION("""COMPUTED_VALUE"""),17.21) -> 17.21 | M30: =If((E30<$H$2),"CRASH","") | N30: =IF(I30>$O$3,"PREDICT CRASH","")
A31: =IFERROR(__xludf.DUMMYFUNCTION("""COMPUTED_VALUE"""),43298.66666666667) -> 43298.667 | B31: =IFERROR(__xludf.DUMMYFUNCTION("""COMPUTED_VALUE"""),2809.55) -> 2809.55 | C31: =IFERROR(__xludf.DUMMYFUNCTION("""COMPUTED_VALUE"""),43298.63611111111) -> 43298.636 | D31: =IFERROR(__xludf.DUMMYFUNCTION("""COMPUTED_VALUE"""),12.06) -> 12.06 | E31: =B31/B30-1 -> 0.0039736567 | F31: =IFERROR(__xludf.DUMMYFUNCTION("""COMPUTED_VALUE"""),43298.63611111111) -> 43298.636 | G31: =IFERROR(__xludf.DUMMYFUNCTION("""COMPUTED_VALUE"""),14.4) -> 14.4 | H31: =IFERROR(__xludf.DUMMYFUNCTION("""COMPUTED_VALUE"""),43298.63611111111) -> 43298.636 | I31: =IFERROR(__xludf.DUMMYFUNCTION("""COMPUTED_VALUE"""),15.83) -> 15.83 | J31: =IFERROR(__xludf.DUMMYFUNCTION("""COMPUTED_VALUE"""),43298.63611111111) -> 43298.636 | K31: =IFERROR(__xludf.DUMMYFUNCTION("""COMPUTED_VALUE"""),17.14) -> 17.14 | M31: =If((E31<$H$2),"CRASH","") | N31: =IF(I31>$O$3,"PREDICT CRASH","")
A32: =IFERROR(__xludf.DUMMYFUNCTION("""COMPUTED_VALUE"""),43299.66666666667) -> 43299.667 | B32: =IFERROR(__xludf.DUMMYFUNCTION("""COMPUTED_VALUE"""),2815.62) -> 2815.62 | C32: =IFERROR(__xludf.DUMMYFUNCTION("""COMPUTED_VALUE"""),43299.63611111111) -> 43299.636 | D32: =IFERROR(__xludf.DUMMYFUNCTION("""COMPUTED_VALUE"""),12.1) -> 12.1 | E32: =B32/B31-1 -> 0.0021604883 | F32: =IFERROR(__xludf.DUMMYFUNCTION("""COMPUTED_VALUE"""),43299.63611111111) -> 43299.636 | G32: =IFERROR(__xludf.DUMMYFUNCTION("""COMPUTED_VALUE"""),14.39) -> 14.39 | H32: =IFERROR(__xludf.DUMMYFUNCTION("""COMPUTED_VALUE"""),43299.63611111111) -> 43299.636 | I32: =IFERROR(__xludf.DUMMYFUNCTION("""COMPUTED_VALUE"""),15.88) -> 15.88 | J32: =IFERROR(__xludf.DUMMYFUNCTION("""COMPUTED_VALUE"""),43299.63611111111) -> 43299.636 | K32: =IFERROR(__xludf.DUMMYFUNCTION("""COMPUTED_VALUE"""),17.17) -> 17.17 | M32: =If((E32<$H$2),"CRASH","") | N32: =IF(I32>$O$3,"PREDICT CRASH","")
A33: =IFERROR(__xludf.DUMMYFUNCTION("""COMPUTED_VALUE"""),43300.66666666667) -> 43300.667 | B33: =IFERROR(__xludf.DUMMYFUNCTION("""COMPUTED_VALUE"""),2804.49) -> 2804.49 | C33: =IFERROR(__xludf.DUMMYFUNCTION("""COMPUTED_VALUE"""),43300.63611111111) -> 43300.636 | D33: =IFERROR(__xludf.DUMMYFUNCTION("""COMPUTED_VALUE"""),12.87) -> 12.87 | E33: =B33/B32-1 -> -0.0039529482 | F33: =IFERROR(__xludf.DUMMYFUNCTION("""COMPUTED_VALUE"""),43300.63611111111) -> 43300.636 | G33: =IFERROR(__xludf.DUMMYFUNCTION("""COMPUTED_VALUE"""),14.97) -> 14.97 | H33: =IFERROR(__xludf.DUMMYFUNCTION("""COMPUTED_VALUE"""),43300.63611111111) -> 43300.636 | I33: =IFERROR(__xludf.DUMMYFUNCTION("""COMPUTED_VALUE"""),16.22) -> 16.22 | J33: =IFERROR(__xludf.DUMMYFUNCTION("""COMPUTED_VALUE"""),43300.63611111111) -> 43300.636 | K33: =IFERROR(__xludf.DUMMYFUNCTION("""COMPUTED_VALUE"""),17.41) -> 17.41 | M33: =If((E33<$H$2),"CRASH","") | N33: =IF(I33>$O$3,"PREDICT CRASH","")
A34: =IFERROR(__xludf.DUMMYFUNCTION("""COMPUTED_VALUE"""),43301.66666666667) -> 43301.667 | B34: =IFERROR(__xludf.DUMMYFUNCTION("""COMPUTED_VALUE"""),2801.83) -> 2801.83 | C34: =IFERROR(__xludf.DUMMYFUNCTION("""COMPUTED_VALUE"""),43301.63611111111) -> 43301.636 | D34: =IFERROR(__xludf.DUMMYFUNCTION("""COMPUTED_VALUE"""),12.86) -> 12.86 | E34: =B34/B33-1 -> -0.00094847905 | F34: =IFERROR(__xludf.DUMMYFUNCTION("""COMPUTED_VALUE"""),43301.63611111111) -> 43301.636 | G34: =IFERROR(__xludf.DUMMYFUNCTION("""COMPUTED_VALUE"""),15.08) -> 15.08 | H34: =IFERROR(__xludf.DUMMYFUNCTION("""COMPUTED_VALUE"""),43301.63611111111) -> 43301.636 | I34: =IFERROR(__xludf.DUMMYFUNCTION("""COMPUTED_VALUE"""),16.41) -> 16.41 | J34: =IFERROR(__xludf.DUMMYFUNCTION("""COMPUTED_VALUE"""),43301.63611111111) -> 43301.636 | K34: =IFERROR(__xludf.DUMMYFUNCTION("""COMPUTED_VALUE"""),17.62) -> 17.62 | M34: =If((E34<$H$2),"CRASH","") | N34: =IF(I34>$O$3,"PREDICT CRASH","")
A35: =IFERROR(__xludf.DUMMYFUNCTION("""COMPUTED_VALUE"""),43304.66666666667) -> 43304.667 | B35: =IFERROR(__xludf.DUMMYFUNCTION("""COMPUTED_VALUE"""),2806.98) -> 2806.98 | C35: =IFERROR(__xludf.DUMMYFUNCTION("""COMPUTED_VALUE"""),43304.63611111111) -> 43304.636 | D35: =IFERROR(__xludf.DUMMYFUNCTION("""COMPUTED_VALUE"""),12.62) -> 12.62 | E35: =B35/B34-1 -> 0.0018380844 | F35: =IFERROR(__xludf.DUMMYFUNCTION("""COMPUTED_VALUE"""),43304.63611111111) -> 43304.636 | G35: =IFERROR(__xludf.DUMMYFUNCTION("""COMPUTED_VALUE"""),14.86) -> 14.86 | H35: =IFERROR(__xludf.DUMMYFUNCTION("""COMPUTED_VALUE"""),43304.63611111111) -> 43304.636 | I35: =IFERROR(__xludf.DUMMYFUNCTION("""COMPUTED_VALUE"""),16.24) -> 16.24 | J35: =IFERROR(__xludf.DUMMYFUNCTION("""COMPUTED_VALUE"""),43304.63611111111) -> 43304.636 | K35: =IFERROR(__xludf.DUMMYFUNCTION("""COMPUTED_VALUE"""),17.45) -> 17.45 | M35: =If((E35<$H$2),"CRASH","") | N35: =IF(I35>$O$3,"PREDICT CRASH","")
A36: =IFERROR(__xludf.DUMMYFUNCTION("""COMPUTED_VALUE"""),43305.66666666667) -> 43305.667 | B36: =IFERROR(__xludf.DUMMYFUNCTION("""COMPUTED_VALUE"""),2820.4) -> 2820.4 | C36: =IFERROR(__xludf.DUMMYFUNCTION("""COMPUTED_VALUE"""),43305.63611111111) -> 43305.636 | D36: =IFERROR(__xludf.DUMMYFUNCTION("""COMPUTED_VALUE"""),12.41) -> 12.41 | E36: =B36/B35-1 -> 0.0047809389 | F36: =IFERROR(__xludf.DUMMYFUNCTION("""COMPUTED_VALUE"""),43305.63611111111) -> 43305.636 | G36: =IFERROR(__xludf.DUMMYFUNCTION("""COMPUTED_VALUE"""),14.7) -> 14.7 | H36: =IFERROR(__xludf.DUMMYFUNCTION("""COMPUTED_VALUE"""),43305.63611111111) -> 43305.636 | I36: =IFERROR(__xludf.DUMMYFUNCTION("""COMPUTED_VALUE"""),16.09) -> 16.09 | J36: =IFERROR(__xludf.DUMMYFUNCTION("""COMPUTED_VALUE"""),43305.63611111111) -> 43305.636 | K36: =IFERROR(__xludf.DUMMYFUNCTION("""COMPUTED_VALUE"""),17.33) -> 17.33 | M36: =If((E36<$H$2),"CRASH","") | N36: =IF(I36>$O$3,"PREDICT CRASH","")
A37: =IFERROR(__xludf.DUMMYFUNCTION("""COMPUTED_VALUE"""),43306.66666666667) -> 43306.667 | B37: =IFERROR(__xludf.DUMMYFUNCTION("""COMPUTED_VALUE"""),2846.07) -> 2846.07 | C37: =IFERROR(__xludf.DUMMYFUNCTION("""COMPUTED_VALUE"""),43306.63611111111) -> 43306.636 | D37: =IFERROR(__xludf.DUMMYFUNCTION("""COMPUTED_VALUE"""),12.29) -> 12.29 | E37: =B37/B36-1 -> 0.0091015459 | F37: =IFERROR(__xludf.DUMMYFUNCTION("""COMPUTED_VALUE"""),43306.63611111111) -> 43306.636 | G37: =IFERROR(__xludf.DUMMYFUNCTION("""COMPUTED_VALUE"""),14.55) -> 14.55 | H37: =IFERROR(__xludf.DUMMYFUNCTION("""COMPUTED_VALUE"""),43306.63611111111) -> 43306.636 | I37: =IFERROR(__xludf.DUMMYFUNCTION("""COMPUTED_VALUE"""),15.89) -> 15.89 | J37: =IFERROR(__xludf.DUMMYFUNCTION("""COMPUTED_VALUE"""),43306.63611111111) -> 43306.636 | K37: =IFERROR(__xludf.DUMMYFUNCTION("""COMPUTED_VALUE"""),17.14) -> 17.14 | M37: =If((E37<$H$2),"CRASH","") | N37: =IF(I37>$O$3,"PREDICT CRASH","")
A38: =IFERROR(__xludf.DUMMYFUNCTION("""COMPUTED_VALUE"""),43307.66666666667) -> 43307.667 | B38: =IFERROR(__xludf.DUMMYFUNCTION("""COMPUTED_VALUE"""),2837.44) -> 2837.44 | C38: =IFERROR(__xludf.DUMMYFUNCTION("""COMPUTED_VALUE"""),43307.63611111111) -> 43307.636 | D38: =IFERROR(__xludf.DUMMYFUNCTION("""COMPUTED_VALUE"""),12.14) -> 12.14 | E38: =B38/B37-1 -> -0.0030322515 | F38: =IFERROR(__xludf.DUMMYFUNCTION("""COMPUTED_VALUE"""),43307.63611111111) -> 43307.636 | G38: =IFERROR(__xludf.DUMMYFUNCTION("""COMPUTED_VALUE"""),14.4) -> 14.4 | H38: =IFERROR(__xludf.DUMMYFUNCTION("""COMPUTED_VALUE"""),43307.63611111111) -> 43307.636 | I38: =IFERROR(__xludf.DUMMYFUNCTION("""COMPUTED_VALUE"""),15.87) -> 15.87 | J38: =IFERROR(__xludf.DUMMYFUNCTION("""COMPUTED_VALUE"""),43307.63611111111) -> 43307.636 | K38: =IFERROR(__xludf.DUMMYFUNCTION("""COMPUTED_VALUE"""),17.18) -> 17.18 | M38: =If((E38<$H$2),"CRASH","") | N38: =IF(I38>$O$3,"PREDICT CRASH","")
A39: =IFERROR(__xludf.DUMMYFUNCTION("""COMPUTED_VALUE"""),43308.66666666667) -> 43308.667 | B39: =IFERROR(__xludf.DUMMYFUNCTION("""COMPUTED_VALUE"""),2818.82) -> 2818.82 | C39: =IFERROR(__xludf.DUMMYFUNCTION("""COMPUTED_VALUE"""),43308.63611111111) -> 43308.636 | D39: =IFERROR(__xludf.DUMMYFUNCTION("""COMPUTED_VALUE"""),13.03) -> 13.03 | E39: =B39/B38-1 -> -0.0065622533 | F39: =IFERROR(__xludf.DUMMYFUNCTION("""COMPUTED_VALUE"""),43308.63611111111) -> 43308.636 | G39: =IFERROR(__xludf.DUMMYFUNCTION("""COMPUTED_VALUE"""),15.0) -> 15 | H39: =IFERROR(__xludf.DUMMYFUNCTION("""COMPUTED_VALUE"""),43308.63611111111) -> 43308.636 | I39: =IFERROR(__xludf.DUMMYFUNCTION("""COMPUTED_VALUE"""),16.22) -> 16.22 | J39: =IFERROR(__xludf.DUMMYFUNCTION("""COMPUTED_VALUE"""),43308.63611111111) -> 43308.636 | K39: =IFERROR(__xludf.DUMMYFUNCTION("""COMPUTED_VALUE"""),17.33) -> 17.33 | M39: =If((E39<$H$2),"CRASH","") | N39: =IF(I39>$O$3,"PREDICT CRASH","")
A40: =IFERROR(__xludf.DUMMYFUNCTION("""COMPUTED_VALUE"""),43311.66666666667) -> 43311.667 | B40: =IFERROR(__xludf.DUMMYFUNCTION("""COMPUTED_VALUE"""),2802.6) -> 2802.6 | C40: =IFERROR(__xludf.DUMMYFUNCTION("""COMPUTED_VALUE"""),43311.63611111111) -> 43311.636 | D40: =IFERROR(__xludf.DUMMYFUNCTION("""COMPUTED_VALUE"""),14.26) -> 14.26 | E40: =B40/B39-1 -> -0.0057541808 | F40: =IFERROR(__xludf.DUMMYFUNCTION("""COMPUTED_VALUE"""),43311.63611111111) -> 43311.636 | G40: =IFERROR(__xludf.DUMMYFUNCTION("""COMPUTED_VALUE"""),15.66) -> 15.66 | H40: =IFERROR(__xludf.DUMMYFUNCTION("""COMPUTED_VALUE"""),43311.63611111111) -> 43311.636 | I40: =IFERROR(__xludf.DUMMYFUNCTION("""COMPUTED_VALUE"""),16.68) -> 16.68 | J40: =IFERROR(__xludf.DUMMYFUNCTION("""COMPUTED_VALUE"""),43311.63611111111) -> 43311.636 | K40: =IFERROR(__xludf.DUMMYFUNCTION("""COMPUTED_VALUE"""),17.66) -> 17.66 | M40: =If((E40<$H$2),"CRASH","") | N40: =IF(I40>$O$3,"PREDICT CRASH","")
A41: =IFERROR(__xludf.DUMMYFUNCTION("""COMPUTED_VALUE"""),43312.66666666667) -> 43312.667 | B41: =IFERROR(__xludf.DUMMYFUNCTION("""COMPUTED_VALUE"""),2816.29) -> 2816.29 | C41: =IFERROR(__xludf.DUMMYFUNCTION("""COMPUTED_VALUE"""),43312.63611111111) -> 43312.636 | D41: =IFERROR(__xludf.DUMMYFUNCTION("""COMPUTED_VALUE"""),12.83) -> 12.83 | E41: =B41/B40-1 -> 0.0048847499 | F41: =IFERROR(__xludf.DUMMYFUNCTION("""COMPUTED_VALUE"""),43312.63611111111) -> 43312.636 | G41: =IFERROR(__xludf.DUMMYFUNCTION("""COMPUTED_VALUE"""),14.87) -> 14.87 | H41: =IFERROR(__xludf.DUMMYFUNCTION("""COMPUTED_VALUE"""),43312.63611111111) -> 43312.636 | I41: =IFERROR(__xludf.DUMMYFUNCTION("""COMPUTED_VALUE"""),16.21) -> 16.21 | J41: =IFERROR(__xludf.DUMMYFUNCTION("""COMPUTED_VALUE"""),43312.63611111111) -> 43312.636 | K41: =IFERROR(__xludf.DUMMYFUNCTION("""COMPUTED_VALUE"""),17.42) -> 17.42 | M41: =If((E41<$H$2),"CRASH","") | N41: =IF(I41>$O$3,"PREDICT CRASH","")
A42: =IFERROR(__xludf.DUMMYFUNCTION("""COMPUTED_VALUE"""),43313.66666666667) -> 43313.667 | B42: =IFERROR(__xludf.DUMMYFUNCTION("""COMPUTED_VALUE"""),2813.36) -> 2813.36 | C42: =IFERROR(__xludf.DUMMYFUNCTION("""COMPUTED_VALUE"""),43313.63611111111) -> 43313.636 | D42: =IFERROR(__xludf.DUMMYFUNCTION("""COMPUTED_VALUE"""),13.15) -> 13.15 | E42: =B42/B41-1 -> -0.0010403758 | F42: =IFERROR(__xludf.DUMMYFUNCTION("""COMPUTED_VALUE"""),43313.63611111111) -> 43313.636 | G42: =IFERROR(__xludf.DUMMYFUNCTION("""COMPUTED_VALUE"""),15.22) -> 15.22 | H42: =IFERROR(__xludf.DUMMYFUNCTION("""COMPUTED_VALUE"""),43313.63611111111) -> 43313.636 | I42: =IFERROR(__xludf.DUMMYFUNCTION("""COMPUTED_VALUE"""),16.41) -> 16.41 | J42: =IFERROR(__xludf.DUMMYFUNCTION("""COMPUTED_VALUE"""),43313.63611111111) -> 43313.636 | K42: =IFERROR(__xludf.DUMMYFUNCTION("""COMPUTED_VALUE"""),17.59) -> 17.59 | M42: =If((E42<$H$2),"CRASH","") | N42: =IF(I42>$O$3,"PREDICT CRASH","")
A43: =IFERROR(__xludf.DUMMYFUNCTION("""COMPUTED_VALUE"""),43314.66666666667) -> 43314.667 | B43: =IFERROR(__xludf.DUMMYFUNCTION("""COMPUTED_VALUE"""),2827.22) -> 2827.22 | C43: =IFERROR(__xludf.DUMMYFUNCTION("""COMPUTED_VALUE"""),43314.63611111111) -> 43314.636 | D43: =IFERROR(__xludf.DUMMYFUNCTION("""COMPUTED_VALUE"""),12.19) -> 12.19 | E43: =B43/B42-1 -> 0.0049264936 | F43: =IFERROR(__xludf.DUMMYFUNCTION("""COMPUTED_VALUE"""),43314.63611111111) -> 43314.636 | G43: =IFERROR(__xludf.DUMMYFUNCTION("""COMPUTED_VALUE"""),14.76) -> 14.76 | H43: =IFERROR(__xludf.DUMMYFUNCTION("""COMPUTED_VALUE"""),43314.63611111111) -> 43314.636 | I43: =IFERROR(__xludf.DUMMYFUNCTION("""COMPUTED_VALUE"""),16.08) -> 16.08 | J43: =IFERROR(__xludf.DUMMYFUNCTION("""COMPUTED_VALUE"""),43314.63611111111) -> 43314.636 | K43: =IFERROR(__xludf.DUMMYFUNCTION("""COMPUTED_VALUE"""),17.34) -> 17.34 | M43: =If((E43<$H$2),"CRASH","") | N43: =IF(I43>$O$3,"PREDICT CRASH","")
A44: =IFERROR(__xludf.DUMMYFUNCTION("""COMPUTED_VALUE"""),43315.66666666667) -> 43315.667 | B44: =IFERROR(__xludf.DUMMYFUNCTION("""COMPUTED_VALUE"""),2840.35) -> 2840.35 | C44: =IFERROR(__xludf.DUMMYFUNCTION("""COMPUTED_VALUE"""),43315.63611111111) -> 43315.636 | D44: =IFERROR(__xludf.DUMMYFUNCTION("""COMPUTED_VALUE"""),11.64) -> 11.64 | E44: =B44/B43-1 -> 0.0046441381 | F44: =IFERROR(__xludf.DUMMYFUNCTION("""COMPUTED_VALUE"""),43315.63611111111) -> 43315.636 | G44: =IFERROR(__xludf.DUMMYFUNCTION("""COMPUTED_VALUE"""),14.49) -> 14.49 | H44: =IFERROR(__xludf.DUMMYFUNCTION("""COMPUTED_VALUE"""),43315.63611111111) -> 43315.636 | I44: =IFERROR(__xludf.DUMMYFUNCTION("""COMPUTED_VALUE"""),15.9) -> 15.9 | J44: =IFERROR(__xludf.DUMMYFUNCTION("""COMPUTED_VALUE"""),43315.63611111111) -> 43315.636 | K44: =IFERROR(__xludf.DUMMYFUNCTION("""COMPUTED_VALUE"""),17.13) -> 17.13 | M44: =If((E44<$H$2),"CRASH","") | N44: =IF(I44>$O$3,"PREDICT CRASH","")
A45: =IFERROR(__xludf.DUMMYFUNCTION("""COMPUTED_VALUE"""),43318.66666666667) -> 43318.667 | B45: =IFERROR(__xludf.DUMMYFUNCTION("""COMPUTED_VALUE"""),2850.4) -> 2850.4 | C45: =IFERROR(__xludf.DUMMYFUNCTION("""COMPUTED_VALUE"""),43318.63611111111) -> 43318.636 | D45: =IFERROR(__xludf.DUMMYFUNCTION("""COMPUTED_VALUE"""),11.27) -> 11.27 | E45: =B45/B44-1 -> 0.0035382963 | F45: =IFERROR(__xludf.DUMMYFUNCTION("""COMPUTED_VALUE"""),43318.63611111111) -> 43318.636 | G45: =IFERROR(__xludf.DUMMYFUNCTION("""COMPUTED_VALUE"""),14.23) -> 14.23 | H45: =IFERROR(__xludf.DUMMYFUNCTION("""COMPUTED_VALUE"""),43318.63611111111) -> 43318.636 | I45: =IFERROR(__xludf.DUMMYFUNCTION("""COMPUTED_VALUE"""),15.68) -> 15.68 | J45: =IFERROR(__xludf.DUMMYFUNCTION("""COMPUTED_VALUE"""),43318.63611111111) -> 43318.636 | K45: =IFERROR(__xludf.DUMMYFUNCTION("""COMPUTED_VALUE"""),16.92) -> 16.92 | M45: =If((E45<$H$2),"CRASH","") | N45: =IF(I45>$O$3,"PREDICT CRASH","")
A46: =IFERROR(__xludf.DUMMYFUNCTION("""COMPUTED_VALUE"""),43319.66666666667) -> 43319.667 | B46: =IFERROR(__xludf.DUMMYFUNCTION("""COMPUTED_VALUE"""),2858.45) -> 2858.45 | C46: =IFERROR(__xludf.DUMMYFUNCTION("""COMPUTED_VALUE"""),43319.63611111111) -> 43319.636 | D46: =IFERROR(__xludf.DUMMYFUNCTION("""COMPUTED_VALUE"""),10.93) -> 10.93 | E46: =B46/B45-1 -> 0.002824165 | F46: =IFERROR(__xludf.DUMMYFUNCTION("""COMPUTED_VALUE"""),43319.63611111111) -> 43319.636 | G46: =IFERROR(__xludf.DUMMYFUNCTION("""COMPUTED_VALUE"""),13.93) -> 13.93 | H46: =IFERROR(__xludf.DUMMYFUNCTION("""COMPUTED_VALUE"""),43319.63611111111) -> 43319.636 | I46: =IFERROR(__xludf.DUMMYFUNCTION("""COMPUTED_VALUE"""),15.41) -> 15.41 | J46: =IFERROR(__xludf.DUMMYFUNCTION("""COMPUTED_VALUE"""),43319.63611111111) -> 43319.636 | K46: =IFERROR(__xludf.DUMMYFUNCTION("""COMPUTED_VALUE"""),16.76) -> 16.76 | M46: =If((E46<$H$2),"CRASH","") | N46: =IF(I46>$O$3,"PREDICT CRASH","")
A47: =IFERROR(__xludf.DUMMYFUNCTION("""COMPUTED_VALUE"""),43320.66666666667) -> 43320.667 | B47: =IFERROR(__xludf.DUMMYFUNCTION("""COMPUTED_VALUE"""),2857.7) -> 2857.7 | C47: =IFERROR(__xludf.DUMMYFUNCTION("""COMPUTED_VALUE"""),43320.63611111111) -> 43320.636 | D47: =IFERROR(__xludf.DUMMYFUNCTION("""COMPUTED_VALUE"""),10.85) -> 10.85 | E47: =B47/B46-1 -> -0.00026237996 | F47: =IFERROR(__xludf.DUMMYFUNCTION("""COMPUTED_VALUE"""),43320.63611111111) -> 43320.636 | G47: =IFERROR(__xludf.DUMMYFUNCTION("""COMPUTED_VALUE"""),13.96) -> 13.96 | H47: =IFERROR(__xludf.DUMMYFUNCTION("""COMPUTED_VALUE"""),43320.63611111111) -> 43320.636 | I47: =IFERROR(__xludf.DUMMYFUNCTION("""COMPUTED_VALUE"""),15.45) -> 15.45 | J47: =IFERROR(__xludf.DUMMYFUNCTION("""COMPUTED_VALUE"""),43320.63611111111) -> 43320.636 | K47: =IFERROR(__xludf.DUMMYFUNCTION("""COMPUTED_VALUE"""),16.85) -> 16.85 | M47: =If((E47<$H$2),"CRASH","") | N47: =IF(I47>$O$3,"PREDICT CRASH","")
A48: =IFERROR(__xludf.DUMMYFUNCTION("""COMPUTED_VALUE"""),43321.66666666667) -> 43321.667 | B48: =IFERROR(__xludf.DUMMYFUNCTION("""COMPUTED_VALUE"""),2853.58) -> 2853.58 | C48: =IFERROR(__xludf.DUMMYFUNCTION("""COMPUTED_VALUE"""),43321.63611111111) -> 43321.636 | D48: =IFERROR(__xludf.DUMMYFUNCTION("""COMPUTED_VALUE"""),11.27) -> 11.27 | E48: =B48/B47-1 -> -0.0014417189 | F48: =IFERROR(__xludf.DUMMYFUNCTION("""COMPUTED_VALUE"""),43321.63611111111) -> 43321.636 | G48: =IFERROR(__xludf.DUMMYFUNCTION("""COMPUTED_VALUE"""),14.13) -> 14.13 | H48: =IFERROR(__xludf.DUMMYFUNCTION("""COMPUTED_VALUE"""),43321.63611111111) -> 43321.636 | I48: =IFERROR(__xludf.DUMMYFUNCTION("""COMPUTED_VALUE"""),15.54) -> 15.54 | J48: =IFERROR(__xludf.DUMMYFUNCTION("""COMPUTED_VALUE"""),43321.63611111111) -> 43321.636 | K48: =IFERROR(__xludf.DUMMYFUNCTION("""COMPUTED_VALUE"""),16.89) -> 16.89 | M48: =If((E48<$H$2),"CRASH","") | N48: =IF(I48>$O$3,"PREDICT CRASH","")
A49: =IFERROR(__xludf.DUMMYFUNCTION("""COMPUTED_VALUE"""),43322.66666666667) -> 43322.667 | B49: =IFERROR(__xludf.DUMMYFUNCTION("""COMPUTED_VALUE"""),2833.28) -> 2833.28 | C49: =IFERROR(__xludf.DUMMYFUNCTION("""COMPUTED_VALUE"""),43322.63611111111) -> 43322.636 | D49: =IFERROR(__xludf.DUMMYFUNCTION("""COMPUTED_VALUE"""),13.16) -> 13.16 | E49: =B49/B48-1 -> -0.007113871 | F49: =IFERROR(__xludf.DUMMYFUNCTION("""COMPUTED_VALUE"""),43322.63611111111) -> 43322.636 | G49: =IFERROR(__xludf.DUMMYFUNCTION("""COMPUTED_VALUE"""),15.22) -> 15.22 | H49: =IFERROR(__xludf.DUMMYFUNCTION("""COMPUTED_VALUE"""),43322.63611111111) -> 43322.636 | I49: =IFERROR(__xludf.DUMMYFUNCTION("""COMPUTED_VALUE"""),16.29) -> 16.29 | J49: =IFERROR(__xludf.DUMMYFUNCTION("""COMPUTED_VALUE"""),43322.63611111111) -> 43322.636 | K49: =IFERROR(__xludf.DUMMYFUNCTION("""COMPUTED_VALUE"""),17.4) -> 17.4 | M49: =If((E49<$H$2),"CRASH","") | N49: =IF(I49>$O$3,"PREDICT CRASH","")
A50: =IFERROR(__xludf.DUMMYFUNCTION("""COMPUTED_VALUE"""),43325.66666666667) -> 43325.667 | B50: =IFERROR(__xludf.DUMMYFUNCTION("""COMPUTED_VALUE"""),2821.93) -> 2821.93 | C50: =IFERROR(__xludf.DUMMYFUNCTION("""COMPUTED_VALUE"""),43325.63611111111) -> 43325.636 | D50: =IFERROR(__xludf.DUMMYFUNCTION("""COMPUTED_VALUE"""),14.78) -> 14.78 | E50: =B50/B49-1 -> -0.0040059578 | F50: =IFERROR(__xludf.DUMMYFUNCTION("""COMPUTED_VALUE"""),43325.63611111111) -> 43325.636 | G50: =IFERROR(__xludf.DUMMYFUNCTION("""COMPUTED_VALUE"""),16.21) -> 16.21 | H50: =IFERROR(__xludf.DUMMYFUNCTION("""COMPUTED_VALUE"""),43325.63611111111) -> 43325.636 | I50: =IFERROR(__xludf.DUMMYFUNCTION("""COMPUTED_VALUE"""),16.97) -> 16.97 | J50: =IFERROR(__xludf.DUMMYFUNCTION("""COMPUTED_VALUE"""),43325.63611111111) -> 43325.636 | K50: =IFERROR(__xludf.DUMMYFUNCTION("""COMPUTED_VALUE"""),17.83) -> 17.83 | M50: =If((E50<$H$2),"CRASH","") | N50: =IF(I50>$O$3,"PREDICT CRASH","")
A51: =IFERROR(__xludf.DUMMYFUNCTION("""COMPUTED_VALUE"""),43326.66666666667) -> 43326.667 | B51: =IFERROR(__xludf.DUMMYFUNCTION("""COMPUTED_VALUE"""),2839.96) -> 2839.96 | C51: =IFERROR(__xludf.DUMMYFUNCTION("""COMPUTED_VALUE"""),43326.63611111111) -> 43326.636 | D51: =IFERROR(__xludf.DUMMYFUNCTION("""COMPUTED_VALUE"""),13.31) -> 13.31 | E51: =B51/B50-1 -> 0.0063892442 | F51: =IFERROR(__xludf.DUMMYFUNCTION("""COMPUTED_VALUE"""),43326.63611111111) -> 43326.636 | G51: =IFERROR(__xludf.DUMMYFUNCTION("""COMPUTED_VALUE"""),15.35) -> 15.35 | H51: =IFERROR(__xludf.DUMMYFUNCTION("""COMPUTED_VALUE"""),43326.63611111111) -> 43326.636 | I51: =IFERROR(__xludf.DUMMYFUNCTION("""COMPUTED_VALUE"""),16.39) -> 16.39 | J51: =IFERROR(__xludf.DUMMYFUNCTION("""COMPUTED_VALUE"""),43326.63611111111) -> 43326.636 | K51: =IFERROR(__xludf.DUMMYFUNCTION("""COMPUTED_VALUE"""),17.45) -> 17.45 | M51: =If((E51<$H$2),"CRASH","") | N51: =IF(I51>$O$3,"PREDICT CRASH","")
A52: =IFERROR(__xludf.DUMMYFUNCTION("""COMPUTED_VALUE"""),43327.66666666667) -> 43327.667 | B52: =IFERROR(__xludf.DUMMYFUNCTION("""COMPUTED_VALUE"""),2818.37) -> 2818.37 | C52: =IFERROR(__xludf.DUMMYFUNCTION("""COMPUTED_VALUE"""),43327.63611111111) -> 43327.636 | D52: =IFERROR(__xludf.DUMMYFUNCTION("""COMPUTED_VALUE"""),14.64) -> 14.64 | E52: =B52/B51-1 -> -0.0076022197 | F52: =IFERROR(__xludf.DUMMYFUNCTION("""COMPUTED_VALUE"""),43327.63611111111) -> 43327.636 | G52: =IFERROR(__xludf.DUMMYFUNCTION("""COMPUTED_VALUE"""),16.19) -> 16.19 | H52: =IFERROR(__xludf.DUMMYFUNCTION("""COMPUTED_VALUE"""),43327.63611111111) -> 43327.636 | I52: =IFERROR(__xludf.DUMMYFUNCTION("""COMPUTED_VALUE"""),16.94) -> 16.94 | J52: =IFERROR(__xludf.DUMMYFUNCTION("""COMPUTED_VALUE"""),43327.63611111111) -> 43327.636 | K52: =IFERROR(__xludf.DUMMYFUNCTION("""COMPUTED_VALUE"""),17.72) -> 17.72 | M52: =If((E52<$H$2),"CRASH","") | N52: =IF(I52>$O$3,"PREDICT CRASH","")
A53: =IFERROR(__xludf.DUMMYFUNCTION("""COMPUTED_VALUE"""),43328.66666666667) -> 43328.667 | B53: =IFERROR(__xludf.DUMMYFUNCTION("""COMPUTED_VALUE"""),2840.69) -> 2840.69 | C53: =IFERROR(__xludf.DUMMYFUNCTION("""COMPUTED_VALUE"""),43328.63611111111) -> 43328.636 | D53: =IFERROR(__xludf.DUMMYFUNCTION("""COMPUTED_VALUE"""),13.45) -> 13.45 | E53: =B53/B52-1 -> 0.0079194712 | F53: =IFERROR(__xludf.DUMMYFUNCTION("""COMPUTED_VALUE"""),43328.63611111111) -> 43328.636 | G53: =IFERROR(__xludf.DUMMYFUNCTION("""COMPUTED_VALUE"""),15.51) -> 15.51 | H53: =IFERROR(__xludf.DUMMYFUNCTION("""COMPUTED_VALUE"""),43328.63611111111) -> 43328.636 | I53: =IFERROR(__xludf.DUMMYFUNCTION("""COMPUTED_VALUE"""),16.47) -> 16.47 | J53: =IFERROR(__xludf.DUMMYFUNCTION("""COMPUTED_VALUE"""),43328.63611111111) -> 43328.636 | K53: =IFERROR(__xludf.DUMMYFUNCTION("""COMPUTED_VALUE"""),17.38) -> 17.38 | M53: =If((E53<$H$2),"CRASH","") | N53: =IF(I53>$O$3,"PREDICT CRASH","")
A54: =IFERROR(__xludf.DUMMYFUNCTION("""COMPUTED_VALUE"""),43329.66666666667) -> 43329.667 | B54: =IFERROR(__xludf.DUMMYFUNCTION("""COMPUTED_VALUE"""),2850.13) -> 2850.13 | C54: =IFERROR(__xludf.DUMMYFUNCTION("""COMPUTED_VALUE"""),43329.63611111111) -> 43329.636 | D54: =IFERROR(__xludf.DUMMYFUNCTION("""COMPUTED_VALUE"""),12.64) -> 12.64 | E54: =B54/B53-1 -> 0.0033231363 | F54: =IFERROR(__xludf.DUMMYFUNCTION("""COMPUTED_VALUE"""),43329.63611111111) -> 43329.636 | G54: =IFERROR(__xludf.DUMMYFUNCTION("""COMPUTED_VALUE"""),15.17) -> 15.17 | H54: =IFERROR(__xludf.DUMMYFUNCTION("""COMPUTED_VALUE"""),43329.63611111111) -> 43329.636 | I54: =IFERROR(__xludf.DUMMYFUNCTION("""COMPUTED_VALUE"""),16.26) -> 16.26 | J54: =IFERROR(__xludf.DUMMYFUNCTION("""COMPUTED_VALUE"""),43329.63611111111) -> 43329.636 | K54: =IFERROR(__xludf.DUMMYFUNCTION("""COMPUTED_VALUE"""),17.27) -> 17.27 | M54: =If((E54<$H$2),"CRASH","") | N54: =IF(I54>$O$3,"PREDICT CRASH","")
A55: =IFERROR(__xludf.DUMMYFUNCTION("""COMPUTED_VALUE"""),43332.66666666667) -> 43332.667 | B55: =IFERROR(__xludf.DUMMYFUNCTION("""COMPUTED_VALUE"""),2857.05) -> 2857.05 | C55: =IFERROR(__xludf.DUMMYFUNCTION("""COMPUTED_VALUE"""),43332.63611111111) -> 43332.636 | D55: =IFERROR(__xludf.DUMMYFUNCTION("""COMPUTED_VALUE"""),12.49) -> 12.49 | E55: =B55/B54-1 -> 0.0024279594 | F55: =IFERROR(__xludf.DUMMYFUNCTION("""COMPUTED_VALUE"""),43332.63611111111) -> 43332.636 | G55: =IFERROR(__xludf.DUMMYFUNCTION("""COMPUTED_VALUE"""),15.0) -> 15 | H55: =IFERROR(__xludf.DUMMYFUNCTION("""COMPUTED_VALUE"""),43332.63611111111) -> 43332.636 | I55: =IFERROR(__xludf.DUMMYFUNCTION("""COMPUTED_VALUE"""),16.15) -> 16.15 | J55: =IFERROR(__xludf.DUMMYFUNCTION("""COMPUTED_VALUE"""),43332.63611111111) -> 43332.636 | K55: =IFERROR(__xludf.DUMMYFUNCTION("""COMPUTED_VALUE"""),17.16) -> 17.16 | M55: =If((E55<$H$2),"CRASH","") | N55: =IF(I55>$O$3,"PREDICT CRASH","")
A56: =IFERROR(__xludf.DUMMYFUNCTION("""COMPUTED_VALUE"""),43333.66666666667) -> 43333.667 | B56: =IFERROR(__xludf.DUMMYFUNCTION("""COMPUTED_VALUE"""),2862.96) -> 2862.96 | C56: =IFERROR(__xludf.DUMMYFUNCTION("""COMPUTED_VALUE"""),43333.63611111111) -> 43333.636 | D56: =IFERROR(__xludf.DUMMYFUNCTION("""COMPUTED_VALUE"""),12.86) -> 12.86 | E56: =B56/B55-1 -> 0.0020685672 | F56: =IFERROR(__xludf.DUMMYFUNCTION("""COMPUTED_VALUE"""),43333.63611111111) -> 43333.636 | G56: =IFERROR(__xludf.DUMMYFUNCTION("""COMPUTED_VALUE"""),15.19) -> 15.19 | H56: =IFERROR(__xludf.DUMMYFUNCTION("""COMPUTED_VALUE"""),43333.63611111111) -> 43333.636 | I56: =IFERROR(__xludf.DUMMYFUNCTION("""COMPUTED_VALUE"""),16.33) -> 16.33 | J56: =IFERROR(__xludf.DUMMYFUNCTION("""COMPUTED_VALUE"""),43333.63611111111) -> 43333.636 | K56: =IFERROR(__xludf.DUMMYFUNCTION("""COMPUTED_VALUE"""),17.24) -> 17.24 | M56: =If((E56<$H$2),"CRASH","") | N56: =IF(I56>$O$3,"PREDICT CRASH","")
A57: =IFERROR(__xludf.DUMMYFUNCTION("""COMPUTED_VALUE"""),43334.66666666667) -> 43334.667 | B57: =IFERROR(__xludf.DUMMYFUNCTION("""COMPUTED_VALUE"""),2861.82) -> 2861.82 | C57: =IFERROR(__xludf.DUMMYFUNCTION("""COMPUTED_VALUE"""),43334.63611111111) -> 43334.636 | D57: =IFERROR(__xludf.DUMMYFUNCTION("""COMPUTED_VALUE"""),12.25) -> 12.25 | E57: =B57/B56-1 -> -0.00039818929 | F57: =IFERROR(__xludf.DUMMYFUNCTION("""COMPUTED_VALUE"""),43334.63611111111) -> 43334.636 | G57: =IFERROR(__xludf.DUMMYFUNCTION("""COMPUTED_VALUE"""),15.08) -> 15.08 | H57: =IFERROR(__xludf.DUMMYFUNCTION("""COMPUTED_VALUE"""),43334.63611111111) -> 43334.636 | I57: =IFERROR(__xludf.DUMMYFUNCTION("""COMPUTED_VALUE"""),16.25) -> 16.25 | J57: =IFERROR(__xludf.DUMMYFUNCTION("""COMPUTED_VALUE"""),43334.63611111111) -> 43334.636 | K57: =IFERROR(__xludf.DUMMYFUNCTION("""COMPUTED_VALUE"""),17.2) -> 17.2 | M57: =If((E57<$H$2),"CRASH","") | N57: =IF(I57>$O$3,"PREDICT CRASH","")
A58: =IFERROR(__xludf.DUMMYFUNCTION("""COMPUTED_VALUE"""),43335.66666666667) -> 43335.667 | B58: =IFERROR(__xludf.DUMMYFUNCTION("""COMPUTED_VALUE"""),2856.98) -> 2856.98 | C58: =IFERROR(__xludf.DUMMYFUNCTION("""COMPUTED_VALUE"""),43335.63611111111) -> 43335.636 | D58: =IFERROR(__xludf.DUMMYFUNCTION("""COMPUTED_VALUE"""),12.41) -> 12.41 | E58: =B58/B57-1 -> -0.0016912315 | F58: =IFERROR(__xludf.DUMMYFUNCTION("""COMPUTED_VALUE"""),43335.63611111111) -> 43335.636 | G58: =IFERROR(__xludf.DUMMYFUNCTION("""COMPUTED_VALUE"""),15.06) -> 15.06 | H58: =IFERROR(__xludf.DUMMYFUNCTION("""COMPUTED_VALUE"""),43335.63611111111) -> 43335.636 | I58: =IFERROR(__xludf.DUMMYFUNCTION("""COMPUTED_VALUE"""),16.28) -> 16.28 | J58: =IFERROR(__xludf.DUMMYFUNCTION("""COMPUTED_VALUE"""),43335.63611111111) -> 43335.636 | K58: =IFERROR(__xludf.DUMMYFUNCTION("""COMPUTED_VALUE"""),17.25) -> 17.25 | M58: =If((E58<$H$2),"CRASH","") | N58: =IF(I58>$O$3,"PREDICT CRASH","")
A59: =IFERROR(__xludf.DUMMYFUNCTION("""COMPUTED_VALUE"""),43336.66666666667) -> 43336.667 | B59: =IFERROR(__xludf.DUMMYFUNCTION("""COMPUTED_VALUE"""),2874.69) -> 2874.69 | C59: =IFERROR(__xludf.DUMMYFUNCTION("""COMPUTED_VALUE"""),43336.63611111111) -> 43336.636 | D59: =IFERROR(__xludf.DUMMYFUNCTION("""COMPUTED_VALUE"""),11.99) -> 11.99 | E59: =B59/B58-1 -> 0.0061988533 | F59: =IFERROR(__xludf.DUMMYFUNCTION("""COMPUTED_VALUE"""),43336.63611111111) -> 43336.636 | G59: =IFERROR(__xludf.DUMMYFUNCTION("""COMPUTED_VALUE"""),14.82) -> 14.82 | H59: =IFERROR(__xludf.DUMMYFUNCTION("""COMPUTED_VALUE"""),43336.63611111111) -> 43336.636 | I59: =IFERROR(__xludf.DUMMYFUNCTION("""COMPUTED_VALUE"""),16.07) -> 16.07 | J59: =IFERROR(__xludf.DUMMYFUNCTION("""COMPUTED_VALUE"""),43336.63611111111) -> 43336.636 | K59: =IFERROR(__xludf.DUMMYFUNCTION("""COMPUTED_VALUE"""),17.08) -> 17.08 | M59: =If((E59<$H$2),"CRASH","") | N59: =IF(I59>$O$3,"PREDICT CRASH","")
A60: =IFERROR(__xludf.DUMMYFUNCTION("""COMPUTED_VALUE"""),43339.66666666667) -> 43339.667 | B60: =IFERROR(__xludf.DUMMYFUNCTION("""COMPUTED_VALUE"""),2896.74) -> 2896.74 | C60: =IFERROR(__xludf.DUMMYFUNCTION("""COMPUTED_VALUE"""),43339.63611111111) -> 43339.636 | D60: =IFERROR(__xludf.DUMMYFUNCTION("""COMPUTED_VALUE"""),12.16) -> 12.16 | E60: =B60/B59-1 -> 0.0076703923 | F60: =IFERROR(__xludf.DUMMYFUNCTION("""COMPUTED_VALUE"""),43339.63611111111) -> 43339.636 | G60: =IFERROR(__xludf.DUMMYFUNCTION("""COMPUTED_VALUE"""),14.79) -> 14.79 | H60: =IFERROR(__xludf.DUMMYFUNCTION("""COMPUTED_VALUE"""),43339.63611111111) -> 43339.636 | I60: =IFERROR(__xludf.DUMMYFUNCTION("""COMPUTED_VALUE"""),16.0) -> 16 | J60: =IFERROR(__xludf.DUMMYFUNCTION("""COMPUTED_VALUE"""),43339.63611111111) -> 43339.636 | K60: =IFERROR(__xludf.DUMMYFUNCTION("""COMPUTED_VALUE"""),17.01) -> 17.01 | M60: =If((E60<$H$2),"CRASH","") | N60: =IF(I60>$O$3,"PREDICT CRASH","")
A61: =IFERROR(__xludf.DUMMYFUNCTION("""COMPUTED_VALUE"""),43340.66666666667) -> 43340.667 | B61: =IFERROR(__xludf.DUMMYFUNCTION("""COMPUTED_VALUE"""),2897.52) -> 2897.52 | C61: =IFERROR(__xludf.DUMMYFUNCTION("""COMPUTED_VALUE"""),43340.63611111111) -> 43340.636 | D61: =IFERROR(__xludf.DUMMYFUNCTION("""COMPUTED_VALUE"""),12.5) -> 12.5 | E61: =B61/B60-1 -> 0.00026926821 | F61: =IFERROR(__xludf.DUMMYFUNCTION("""COMPUTED_VALUE"""),43340.63611111111) -> 43340.636 | G61: =IFERROR(__xludf.DUMMYFUNCTION("""COMPUTED_VALUE"""),15.11) -> 15.11 | H61: =IFERROR(__xludf.DUMMYFUNCTION("""COMPUTED_VALUE"""),43340.63611111111) -> 43340.636 | I61: =IFERROR(__xludf.DUMMYFUNCTION("""COMPUTED_VALUE"""),16.25) -> 16.25 | J61: =IFERROR(__xludf.DUMMYFUNCTION("""COMPUTED_VALUE"""),43340.63611111111) -> 43340.636 | K61: =IFERROR(__xludf.DUMMYFUNCTION("""COMPUTED_VALUE"""),17.21) -> 17.21 | M61: =If((E61<$H$2),"CRASH","") | N61: =IF(I61>$O$3,"PREDICT CRASH","")
A62: =IFERROR(__xludf.DUMMYFUNCTION("""COMPUTED_VALUE"""),43341.66666666667) -> 43341.667 | B62: =IFERROR(__xludf.DUMMYFUNCTION("""COMPUTED_VALUE"""),2914.04) -> 2914.04 | C62: =IFERROR(__xludf.DUMMYFUNCTION("""COMPUTED_VALUE"""),43341.63611111111) -> 43341.636 | D62: =IFERROR(__xludf.DUMMYFUNCTION("""COMPUTED_VALUE"""),12.25) -> 12.25 | E62: =B62/B61-1 -> 0.0057014274 | F62: =IFERROR(__xludf.DUMMYFUNCTION("""COMPUTED_VALUE"""),43341.63611111111) -> 43341.636 | G62: =IFERROR(__xludf.DUMMYFUNCTION("""COMPUTED_VALUE"""),14.95) -> 14.95 | H62: =IFERROR(__xludf.DUMMYFUNCTION("""COMPUTED_VALUE"""),43341.63611111111) -> 43341.636 | I62: =IFERROR(__xludf.DUMMYFUNCTION("""COMPUTED_VALUE"""),16.2) -> 16.2 | J62: =IFERROR(__xludf.DUMMYFUNCTION("""COMPUTED_VALUE"""),43341.63611111111) -> 43341.636 | K62: =IFERROR(__xludf.DUMMYFUNCTION("""COMPUTED_VALUE"""),17.2) -> 17.2 | M62: =If((E62<$H$2),"CRASH","") | N62: =IF(I62>$O$3,"PREDICT CRASH","")
A63: =IFERROR(__xludf.DUMMYFUNCTION("""COMPUTED_VALUE"""),43342.66666666667) -> 43342.667 | B63: =IFERROR(__xludf.DUMMYFUNCTION("""COMPUTED_VALUE"""),2901.13) -> 2901.13 | C63: =IFERROR(__xludf.DUMMYFUNCTION("""COMPUTED_VALUE"""),43342.63611111111) -> 43342.636 | D63: =IFERROR(__xludf.DUMMYFUNCTION("""COMPUTED_VALUE"""),13.53) -> 13.53 | E63: =B63/B62-1 -> -0.0044302755 | F63: =IFERROR(__xludf.DUMMYFUNCTION("""COMPUTED_VALUE"""),43342.63611111111) -> 43342.636 | G63: =IFERROR(__xludf.DUMMYFUNCTION("""COMPUTED_VALUE"""),15.54) -> 15.54 | H63: =IFERROR(__xludf.DUMMYFUNCTION("""COMPUTED_VALUE"""),43342.63611111111) -> 43342.636 | I63: =IFERROR(__xludf.DUMMYFUNCTION("""COMPUTED_VALUE"""),16.69) -> 16.69 | J63: =IFERROR(__xludf.DUMMYFUNCTION("""COMPUTED_VALUE"""),43342.63611111111) -> 43342.636 | K63: =IFERROR(__xludf.DUMMYFUNCTION("""COMPUTED_VALUE"""),17.58) -> 17.58 | M63: =If((E63<$H$2),"CRASH","") | N63: =IF(I63>$O$3,"PREDICT CRASH","")
A64: =IFERROR(__xludf.DUMMYFUNCTION("""COMPUTED_VALUE"""),43343.66666666667) -> 43343.667 | B64: =IFERROR(__xludf.DUMMYFUNCTION("""COMPUTED_VALUE"""),2901.52) -> 2901.52 | C64: =IFERROR(__xludf.DUMMYFUNCTION("""COMPUTED_VALUE"""),43343.63611111111) -> 43343.636 | D64: =IFERROR(__xludf.DUMMYFUNCTION("""COMPUTED_VALUE"""),12.86) -> 12.86 | E64: =B64/B63-1 -> 0.00013443038 | F64: =IFERROR(__xludf.DUMMYFUNCTION("""COMPUTED_VALUE"""),43343.63611111111) -> 43343.636 | G64: =IFERROR(__xludf.DUMMYFUNCTION("""COMPUTED_VALUE"""),15.15) -> 15.15 | H64: =IFERROR(__xludf.DUMMYFUNCTION("""COMPUTED_VALUE"""),43343.63611111111) -> 43343.636 | I64: =IFERROR(__xludf.DUMMYFUNCTION("""COMPUTED_VALUE"""),16.43) -> 16.43 | J64: =IFERROR(__xludf.DUMMYFUNCTION("""COMPUTED_VALUE"""),43343.63611111111) -> 43343.636 | K64: =IFERROR(__xludf.DUMMYFUNCTION("""COMPUTED_VALUE"""),17.41) -> 17.41 | M64: =If((E64<$H$2),"CRASH","") | N64: =IF(I64>$O$3,"PREDICT CRASH","")
A65: =IFERROR(__xludf.DUMMYFUNCTION("""COMPUTED_VALUE"""),43347.66666666667) -> 43347.667 | B65: =IFERROR(__xludf.DUMMYFUNCTION("""COMPUTED_VALUE"""),2896.72) -> 2896.72 | C65: =IFERROR(__xludf.DUMMYFUNCTION("""COMPUTED_VALUE"""),43347.63611111111) -> 43347.636 | D65: =IFERROR(__xludf.DUMMYFUNCTION("""COMPUTED_VALUE"""),13.16) -> 13.16 | E65: =B65/B64-1 -> -0.0016543053 | F65: =IFERROR(__xludf.DUMMYFUNCTION("""COMPUTED_VALUE"""),43347.63611111111) -> 43347.636 | G65: =IFERROR(__xludf.DUMMYFUNCTION("""COMPUTED_VALUE"""),15.45) -> 15.45 | H65: =IFERROR(__xludf.DUMMYFUNCTION("""COMPUTED_VALUE"""),43347.63611111111) -> 43347.636 | I65: =IFERROR(__xludf.DUMMYFUNCTION("""COMPUTED_VALUE"""),16.59) -> 16.59 | J65: =IFERROR(__xludf.DUMMYFUNCTION("""COMPUTED_VALUE"""),43347.63611111111) -> 43347.636 | K65: =IFERROR(__xludf.DUMMYFUNCTION("""COMPUTED_VALUE"""),17.5) -> 17.5 | M65: =If((E65<$H$2),"CRASH","") | N65: =IF(I65>$O$3,"PREDICT CRASH","")
A66: =IFERROR(__xludf.DUMMYFUNCTION("""COMPUTED_VALUE"""),43348.66666666667) -> 43348.667 | B66: =IFERROR(__xludf.DUMMYFUNCTION("""COMPUTED_VALUE"""),2888.6) -> 2888.6 | C66: =IFERROR(__xludf.DUMMYFUNCTION("""COMPUTED_VALUE"""),43348.63611111111) -> 43348.636 | D66: =IFERROR(__xludf.DUMMYFUNCTION("""COMPUTED_VALUE"""),13.91) -> 13.91 | E66: =B66/B65-1 -> -0.0028031705 | F66: =IFERROR(__xludf.DUMMYFUNCTION("""COMPUTED_VALUE"""),43348.63611111111) -> 43348.636 | G66: =IFERROR(__xludf.DUMMYFUNCTION("""COMPUTED_VALUE"""),15.92) -> 15.92 | H66: =IFERROR(__xludf.DUMMYFUNCTION("""COMPUTED_VALUE"""),43348.63611111111) -> 43348.636 | I66: =IFERROR(__xludf.DUMMYFUNCTION("""COMPUTED_VALUE"""),16.93) -> 16.93 | J66: =IFERROR(__xludf.DUMMYFUNCTION("""COMPUTED_VALUE"""),43348.63611111111) -> 43348.636 | K66: =IFERROR(__xludf.DUMMYFUNCTION("""COMPUTED_VALUE"""),17.8) -> 17.8 | M66: =If((E66<$H$2),"CRASH","") | N66: =IF(I66>$O$3,"PREDICT CRASH","")
A67: =IFERROR(__xludf.DUMMYFUNCTION("""COMPUTED_VALUE"""),43349.66666666667) -> 43349.667 | B67: =IFERROR(__xludf.DUMMYFUNCTION("""COMPUTED_VALUE"""),2878.05) -> 2878.05 | C67: =IFERROR(__xludf.DUMMYFUNCTION("""COMPUTED_VALUE"""),43349.63611111111) -> 43349.636 | D67: =IFERROR(__xludf.DUMMYFUNCTION("""COMPUTED_VALUE"""),14.65) -> 14.65 | E67: =B67/B66-1 -> -0.0036522883 | F67: =IFERROR(__xludf.DUMMYFUNCTION("""COMPUTED_VALUE"""),43349.63611111111) -> 43349.636 | G67: =IFERROR(__xludf.DUMMYFUNCTION("""COMPUTED_VALUE"""),16.34) -> 16.34 | H67: =IFERROR(__xludf.DUMMYFUNCTION("""COMPUTED_VALUE"""),43349.63611111111) -> 43349.636 | I67: =IFERROR(__xludf.DUMMYFUNCTION("""COMPUTED_VALUE"""),17.26) -> 17.26 | J67: =IFERROR(__xludf.DUMMYFUNCTION("""COMPUTED_VALUE"""),43349.63611111111) -> 43349.636 | K67: =IFERROR(__xludf.DUMMYFUNCTION("""COMPUTED_VALUE"""),18.02) -> 18.02 | M67: =If((E67<$H$2),"CRASH","") | N67: =IF(I67>$O$3,"PREDICT CRASH","")
A68: =IFERROR(__xludf.DUMMYFUNCTION("""COMPUTED_VALUE"""),43350.66666666667) -> 43350.667 | B68: =IFERROR(__xludf.DUMMYFUNCTION("""COMPUTED_VALUE"""),2871.68) -> 2871.68 | C68: =IFERROR(__xludf.DUMMYFUNCTION("""COMPUTED_VALUE"""),43350.63611111111) -> 43350.636 | D68: =IFERROR(__xludf.DUMMYFUNCTION("""COMPUTED_VALUE"""),14.88) -> 14.88 | E68: =B68/B67-1 -> -0.0022133041 | F68: =IFERROR(__xludf.DUMMYFUNCTION("""COMPUTED_VALUE"""),43350.63611111111) -> 43350.636 | G68: =IFERROR(__xludf.DUMMYFUNCTION("""COMPUTED_VALUE"""),16.59) -> 16.59 | H68: =IFERROR(__xludf.DUMMYFUNCTION("""COMPUTED_VALUE"""),43350.63611111111) -> 43350.636 | I68: =IFERROR(__xludf.DUMMYFUNCTION("""COMPUTED_VALUE"""),17.47) -> 17.47 | J68: =IFERROR(__xludf.DUMMYFUNCTION("""COMPUTED_VALUE"""),43350.63611111111) -> 43350.636 | K68: =IFERROR(__xludf.DUMMYFUNCTION("""COMPUTED_VALUE"""),18.18) -> 18.18 | M68: =If((E68<$H$2),"CRASH","") | N68: =IF(I68>$O$3,"PREDICT CRASH","")
A69: =IFERROR(__xludf.DUMMYFUNCTION("""COMPUTED_VALUE"""),43353.66666666667) -> 43353.667 | B69: =IFERROR(__xludf.DUMMYFUNCTION("""COMPUTED_VALUE"""),2877.13) -> 2877.13 | C69: =IFERROR(__xludf.DUMMYFUNCTION("""COMPUTED_VALUE"""),43353.63611111111) -> 43353.636 | D69: =IFERROR(__xludf.DUMMYFUNCTION("""COMPUTED_VALUE"""),14.16) -> 14.16 | E69: =B69/B68-1 -> 0.0018978438 | F69: =IFERROR(__xludf.DUMMYFUNCTION("""COMPUTED_VALUE"""),43353.63611111111) -> 43353.636 | G69: =IFERROR(__xludf.DUMMYFUNCTION("""COMPUTED_VALUE"""),16.17) -> 16.17 | H69: =IFERROR(__xludf.DUMMYFUNCTION("""COMPUTED_VALUE"""),43353.63611111111) -> 43353.636 | I69: =IFERROR(__xludf.DUMMYFUNCTION("""COMPUTED_VALUE"""),17.15) -> 17.15 | J69: =IFERROR(__xludf.DUMMYFUNCTION("""COMPUTED_VALUE"""),43353.63611111111) -> 43353.636 | K69: =IFERROR(__xludf.DUMMYFUNCTION("""COMPUTED_VALUE"""),18.04) -> 18.04 | M69: =If((E69<$H$2),"CRASH","") | N69: =IF(I69>$O$3,"PREDICT CRASH","")
A70: =IFERROR(__xludf.DUMMYFUNCTION("""COMPUTED_VALUE"""),43354.66666666667) -> 43354.667 | B70: =IFERROR(__xludf.DUMMYFUNCTION("""COMPUTED_VALUE"""),2887.89) -> 2887.89 | C70: =IFERROR(__xludf.DUMMYFUNCTION("""COMPUTED_VALUE"""),43354.63611111111) -> 43354.636 | D70: =IFERROR(__xludf.DUMMYFUNCTION("""COMPUTED_VALUE"""),13.22) -> 13.22 | E70: =B70/B69-1 -> 0.003739838 | F70: =IFERROR(__xludf.DUMMYFUNCTION("""COMPUTED_VALUE"""),43354.63611111111) -> 43354.636 | G70: =IFERROR(__xludf.DUMMYFUNCTION("""COMPUTED_VALUE"""),15.54) -> 15.54 | H70: =IFERROR(__xludf.DUMMYFUNCTION("""COMPUTED_VALUE"""),43354.63611111111) -> 43354.636 | I70: =IFERROR(__xludf.DUMMYFUNCTION("""COMPUTED_VALUE"""),16.64) -> 16.64 | J70: =IFERROR(__xludf.DUMMYFUNCTION("""COMPUTED_VALUE"""),43354.63611111111) -> 43354.636 | K70: =IFERROR(__xludf.DUMMYFUNCTION("""COMPUTED_VALUE"""),17.68) -> 17.68 | M70: =If((E70<$H$2),"CRASH","") | N70: =IF(I70>$O$3,"PREDICT CRASH","")
A71: =IFERROR(__xludf.DUMMYFUNCTION("""COMPUTED_VALUE"""),43355.66666666667) -> 43355.667 | B71: =IFERROR(__xludf.DUMMYFUNCTION("""COMPUTED_VALUE"""),2888.92) -> 2888.92 | C71: =IFERROR(__xludf.DUMMYFUNCTION("""COMPUTED_VALUE"""),43355.63611111111) -> 43355.636 | D71: =IFERROR(__xludf.DUMMYFUNCTION("""COMPUTED_VALUE"""),13.14) -> 13.14 | E71: =B71/B70-1 -> 0.00035666178 | F71: =IFERROR(__xludf.DUMMYFUNCTION("""COMPUTED_VALUE"""),43355.63611111111) -> 43355.636 | G71: =IFERROR(__xludf.DUMMYFUNCTION("""COMPUTED_VALUE"""),15.32) -> 15.32 | H71: =IFERROR(__xludf.DUMMYFUNCTION("""COMPUTED_VALUE"""),43355.63611111111) -> 43355.636 | I71: =IFERROR(__xludf.DUMMYFUNCTION("""COMPUTED_VALUE"""),16.4) -> 16.4 | J71: =IFERROR(__xludf.DUMMYFUNCTION("""COMPUTED_VALUE"""),43355.63611111111) -> 43355.636 | K71: =IFERROR(__xludf.DUMMYFUNCTION("""COMPUTED_VALUE"""),17.45) -> 17.45 | M71: =If((E71<$H$2),"CRASH","") | N71: =IF(I71>$O$3,"PREDICT CRASH","")
A72: =IFERROR(__xludf.DUMMYFUNCTION("""COMPUTED_VALUE"""),43356.66666666667) -> 43356.667 | B72: =IFERROR(__xludf.DUMMYFUNCTION("""COMPUTED_VALUE"""),2904.18) -> 2904.18 | C72: =IFERROR(__xludf.DUMMYFUNCTION("""COMPUTED_VALUE"""),43356.63611111111) -> 43356.636 | D72: =IFERROR(__xludf.DUMMYFUNCTION("""COMPUTED_VALUE"""),12.37) -> 12.37 | E72: =B72/B71-1 -> 0.0052822508 | F72: =IFERROR(__xludf.DUMMYFUNCTION("""COMPUTED_VALUE"""),43356.63611111111) -> 43356.636 | G72: =IFERROR(__xludf.DUMMYFUNCTION("""COMPUTED_VALUE"""),14.77) -> 14.77 | H72: =IFERROR(__xludf.DUMMYFUNCTION("""COMPUTED_VALUE"""),43356.63611111111) -> 43356.636 | I72: =IFERROR(__xludf.DUMMYFUNCTION("""COMPUTED_VALUE"""),15.86) -> 15.86 | J72: =IFERROR(__xludf.DUMMYFUNCTION("""COMPUTED_VALUE"""),43356.63611111111) -> 43356.636 | K72: =IFERROR(__xludf.DUMMYFUNCTION("""COMPUTED_VALUE"""),17.11) -> 17.11 | M72: =If((E72<$H$2),"CRASH","") | N72: =IF(I72>$O$3,"PREDICT CRASH","")
A73: =IFERROR(__xludf.DUMMYFUNCTION("""COMPUTED_VALUE"""),43357.66666666667) -> 43357.667 | B73: =IFERROR(__xludf.DUMMYFUNCTION("""COMPUTED_VALUE"""),2904.98) -> 2904.98 | C73: =IFERROR(__xludf.DUMMYFUNCTION("""COMPUTED_VALUE"""),43357.63611111111) -> 43357.636 | D73: =IFERROR(__xludf.DUMMYFUNCTION("""COMPUTED_VALUE"""),12.07) -> 12.07 | E73: =B73/B72-1 -> 0.00027546502 | F73: =IFERROR(__xludf.DUMMYFUNCTION("""COMPUTED_VALUE"""),43357.63611111111) -> 43357.636 | G73: =IFERROR(__xludf.DUMMYFUNCTION("""COMPUTED_VALUE"""),14.37) -> 14.37 | H73: =IFERROR(__xludf.DUMMYFUNCTION("""COMPUTED_VALUE"""),43357.63611111111) -> 43357.636 | I73: =IFERROR(__xludf.DUMMYFUNCTION("""COMPUTED_VALUE"""),15.6) -> 15.6 | J73: =IFERROR(__xludf.DUMMYFUNCTION("""COMPUTED_VALUE"""),43357.63611111111) -> 43357.636 | K73: =IFERROR(__xludf.DUMMYFUNCTION("""COMPUTED_VALUE"""),16.98) -> 16.98 | M73: =If((E73<$H$2),"CRASH","") | N73: =IF(I73>$O$3,"PREDICT CRASH","")
A74: =IFERROR(__xludf.DUMMYFUNCTION("""COMPUTED_VALUE"""),43360.66666666667) -> 43360.667 | B74: =IFERROR(__xludf.DUMMYFUNCTION("""COMPUTED_VALUE"""),2888.8) -> 2888.8 | C74: =IFERROR(__xludf.DUMMYFUNCTION("""COMPUTED_VALUE"""),43360.63611111111) -> 43360.636 | D74: =IFERROR(__xludf.DUMMYFUNCTION("""COMPUTED_VALUE"""),13.68) -> 13.68 | E74: =B74/B73-1 -> -0.0055697457 | F74: =IFERROR(__xludf.DUMMYFUNCTION("""COMPUTED_VALUE"""),43360.63611111111) -> 43360.636 | G74: =IFERROR(__xludf.DUMMYFUNCTION("""COMPUTED_VALUE"""),15.28) -> 15.28 | H74: =IFERROR(__xludf.DUMMYFUNCTION("""COMPUTED_VALUE"""),43360.63611111111) -> 43360.636 | I74: =IFERROR(__xludf.DUMMYFUNCTION("""COMPUTED_VALUE"""),16.1) -> 16.1 | J74: =IFERROR(__xludf.DUMMYFUNCTION("""COMPUTED_VALUE"""),43360.63611111111) -> 43360.636 | K74: =IFERROR(__xludf.DUMMYFUNCTION("""COMPUTED_VALUE"""),17.23) -> 17.23 | M74: =If((E74<$H$2),"CRASH","") | N74: =IF(I74>$O$3,"PREDICT CRASH","")
A75: =IFERROR(__xludf.DUMMYFUNCTION("""COMPUTED_VALUE"""),43361.66666666667) -> 43361.667 | B75: =IFERROR(__xludf.DUMMYFUNCTION("""COMPUTED_VALUE"""),2904.31) -> 2904.31 | C75: =IFERROR(__xludf.DUMMYFUNCTION("""COMPUTED_VALUE"""),43361.63611111111) -> 43361.636 | D75: =IFERROR(__xludf.DUMMYFUNCTION("""COMPUTED_VALUE"""),12.79) -> 12.79 | E75: =B75/B74-1 -> 0.0053690114 | F75: =IFERROR(__xludf.DUMMYFUNCTION("""COMPUTED_VALUE"""),43361.63611111111) -> 43361.636 | G75: =IFERROR(__xludf.DUMMYFUNCTION("""COMPUTED_VALUE"""),15.04) -> 15.04 | H75: =IFERROR(__xludf.DUMMYFUNCTION("""COMPUTED_VALUE"""),43361.63611111111) -> 43361.636 | I75: =IFERROR(__xludf.DUMMYFUNCTION("""COMPUTED_VALUE"""),15.99) -> 15.99 | J75: =IFERROR(__xludf.DUMMYFUNCTION("""COMPUTED_VALUE"""),43361.63611111111) -> 43361.636 | K75: =IFERROR(__xludf.DUMMYFUNCTION("""COMPUTED_VALUE"""),17.1) -> 17.1 | M75: =If((E75<$H$2),"CRASH","") | N75: =IF(I75>$O$3,"PREDICT CRASH","")
A76: =IFERROR(__xludf.DUMMYFUNCTION("""COMPUTED_VALUE"""),43362.66666666667) -> 43362.667 | B76: =IFERROR(__xludf.DUMMYFUNCTION("""COMPUTED_VALUE"""),2907.95) -> 2907.95 | C76: =IFERROR(__xludf.DUMMYFUNCTION("""COMPUTED_VALUE"""),43362.63611111111) -> 43362.636 | D76: =IFERROR(__xludf.DUMMYFUNCTION("""COMPUTED_VALUE"""),11.75) -> 11.75 | E76: =B76/B75-1 -> 0.0012533097 | F76: =IFERROR(__xludf.DUMMYFUNCTION("""COMPUTED_VALUE"""),43362.63611111111) -> 43362.636 | G76: =IFERROR(__xludf.DUMMYFUNCTION("""COMPUTED_VALUE"""),14.65) -> 14.65 | H76: =IFERROR(__xludf.DUMMYFUNCTION("""COMPUTED_VALUE"""),43362.63611111111) -> 43362.636 | I76: =IFERROR(__xludf.DUMMYFUNCTION("""COMPUTED_VALUE"""),15.85) -> 15.85 | J76: =IFERROR(__xludf.DUMMYFUNCTION("""COMPUTED_VALUE"""),43362.63611111111) -> 43362.636 | K76: =IFERROR(__xludf.DUMMYFUNCTION("""COMPUTED_VALUE"""),16.99) -> 16.99 | M76: =If((E76<$H$2),"CRASH","") | N76: =IF(I76>$O$3,"PREDICT CRASH","")
A77: =IFERROR(__xludf.DUMMYFUNCTION("""COMPUTED_VALUE"""),43363.66666666667) -> 43363.667 | B77: =IFERROR(__xludf.DUMMYFUNCTION("""COMPUTED_VALUE"""),2930.75) -> 2930.75 | C77: =IFERROR(__xludf.DUMMYFUNCTION("""COMPUTED_VALUE"""),43363.63611111111) -> 43363.636 | D77: =IFERROR(__xludf.DUMMYFUNCTION("""COMPUTED_VALUE"""),11.8) -> 11.8 | E77: =B77/B76-1 -> 0.007840575 | F77: =IFERROR(__xludf.DUMMYFUNCTION("""COMPUTED_VALUE"""),43363.63611111111) -> 43363.636 | G77: =IFERROR(__xludf.DUMMYFUNCTION("""COMPUTED_VALUE"""),14.51) -> 14.51 | H77: =IFERROR(__xludf.DUMMYFUNCTION("""COMPUTED_VALUE"""),43363.63611111111) -> 43363.636 | I77: =IFERROR(__xludf.DUMMYFUNCTION("""COMPUTED_VALUE"""),15.7) -> 15.7 | J77: =IFERROR(__xludf.DUMMYFUNCTION("""COMPUTED_VALUE"""),43363.63611111111) -> 43363.636 | K77: =IFERROR(__xludf.DUMMYFUNCTION("""COMPUTED_VALUE"""),16.84) -> 16.84 | M77: =If((E77<$H$2),"CRASH","") | N77: =IF(I77>$O$3,"PREDICT CRASH","")
A78: =IFERROR(__xludf.DUMMYFUNCTION("""COMPUTED_VALUE"""),43364.66666666667) -> 43364.667 | B78: =IFERROR(__xludf.DUMMYFUNCTION("""COMPUTED_VALUE"""),2929.67) -> 2929.67 | C78: =IFERROR(__xludf.DUMMYFUNCTION("""COMPUTED_VALUE"""),43364.63611111111) -> 43364.636 | D78: =IFERROR(__xludf.DUMMYFUNCTION("""COMPUTED_VALUE"""),11.68) -> 11.68 | E78: =B78/B77-1 -> -0.00036850635 | F78: =IFERROR(__xludf.DUMMYFUNCTION("""COMPUTED_VALUE"""),43364.63611111111) -> 43364.636 | G78: =IFERROR(__xludf.DUMMYFUNCTION("""COMPUTED_VALUE"""),14.58) -> 14.58 | H78: =IFERROR(__xludf.DUMMYFUNCTION("""COMPUTED_VALUE"""),43364.63611111111) -> 43364.636 | I78: =IFERROR(__xludf.DUMMYFUNCTION("""COMPUTED_VALUE"""),15.9) -> 15.9 | J78: =IFERROR(__xludf.DUMMYFUNCTION("""COMPUTED_VALUE"""),43364.63611111111) -> 43364.636 | K78: =IFERROR(__xludf.DUMMYFUNCTION("""COMPUTED_VALUE"""),17.0) -> 17 | M78: =If((E78<$H$2),"CRASH","") | N78: =IF(I78>$O$3,"PREDICT CRASH","")
A79: =IFERROR(__xludf.DUMMYFUNCTION("""COMPUTED_VALUE"""),43367.66666666667) -> 43367.667 | B79: =IFERROR(__xludf.DUMMYFUNCTION("""COMPUTED_VALUE"""),2919.37) -> 2919.37 | C79: =IFERROR(__xludf.DUMMYFUNCTION("""COMPUTED_VALUE"""),43367.63611111111) -> 43367.636 | D79: =IFERROR(__xludf.DUMMYFUNCTION("""COMPUTED_VALUE"""),12.2) -> 12.2 | E79: =B79/B78-1 -> -0.0035157543 | F79: =IFERROR(__xludf.DUMMYFUNCTION("""COMPUTED_VALUE"""),43367.63611111111) -> 43367.636 | G79: =IFERROR(__xludf.DUMMYFUNCTION("""COMPUTED_VALUE"""),14.77) -> 14.77 | H79: =IFERROR(__xludf.DUMMYFUNCTION("""COMPUTED_VALUE"""),43367.63611111111) -> 43367.636 | I79: =IFERROR(__xludf.DUMMYFUNCTION("""COMPUTED_VALUE"""),15.96) -> 15.96 | J79: =IFERROR(__xludf.DUMMYFUNCTION("""COMPUTED_VALUE"""),43367.63611111111) -> 43367.636 | K79: =IFERROR(__xludf.DUMMYFUNCTION("""COMPUTED_VALUE"""),17.07) -> 17.07 | M79: =If((E79<$H$2),"CRASH","") | N79: =IF(I79>$O$3,"PREDICT CRASH","")
A80: =IFERROR(__xludf.DUMMYFUNCTION("""COMPUTED_VALUE"""),43368.66666666667) -> 43368.667 | B80: =IFERROR(__xludf.DUMMYFUNCTION("""COMPUTED_VALUE"""),2915.56) -> 2915.56 | C80: =IFERROR(__xludf.DUMMYFUNCTION("""COMPUTED_VALUE"""),43368.63611111111) -> 43368.636 | D80: =IFERROR(__xludf.DUMMYFUNCTION("""COMPUTED_VALUE"""),12.42) -> 12.42 | E80: =B80/B79-1 -> -0.0013050761 | F80: =IFERROR(__xludf.DUMMYFUNCTION("""COMPUTED_VALUE"""),43368.63611111111) -> 43368.636 | G80: =IFERROR(__xludf.DUMMYFUNCTION("""COMPUTED_VALUE"""),14.92) -> 14.92 | H80: =IFERROR(__xludf.DUMMYFUNCTION("""COMPUTED_VALUE"""),43368.63611111111) -> 43368.636 | I80: =IFERROR(__xludf.DUMMYFUNCTION("""COMPUTED_VALUE"""),16.05) -> 16.05 | J80: =IFERROR(__xludf.DUMMYFUNCTION("""COMPUTED_VALUE"""),43368.63611111111) -> 43368.636 | K80: =IFERROR(__xludf.DUMMYFUNCTION("""COMPUTED_VALUE"""),17.11) -> 17.11 | M80: =If((E80<$H$2),"CRASH","") | N80: =IF(I80>$O$3,"PREDICT CRASH","")
A81: =IFERROR(__xludf.DUMMYFUNCTION("""COMPUTED_VALUE"""),43369.66666666667) -> 43369.667 | B81: =IFERROR(__xludf.DUMMYFUNCTION("""COMPUTED_VALUE"""),2905.97) -> 2905.97 | C81: =IFERROR(__xludf.DUMMYFUNCTION("""COMPUTED_VALUE"""),43369.63611111111) -> 43369.636 | D81: =IFERROR(__xludf.DUMMYFUNCTION("""COMPUTED_VALUE"""),12.89) -> 12.89 | E81: =B81/B80-1 -> -0.003289248 | F81: =IFERROR(__xludf.DUMMYFUNCTION("""COMPUTED_VALUE"""),43369.63611111111) -> 43369.636 | G81: =IFERROR(__xludf.DUMMYFUNCTION("""COMPUTED_VALUE"""),15.15) -> 15.15 | H81: =IFERROR(__xludf.DUMMYFUNCTION("""COMPUTED_VALUE"""),43369.63611111111) -> 43369.636 | I81: =IFERROR(__xludf.DUMMYFUNCTION("""COMPUTED_VALUE"""),16.2) -> 16.2 | J81: =IFERROR(__xludf.DUMMYFUNCTION("""COMPUTED_VALUE"""),43369.63611111111) -> 43369.636 | K81: =IFERROR(__xludf.DUMMYFUNCTION("""COMPUTED_VALUE"""),17.25) -> 17.25 | M81: =If((E81<$H$2),"CRASH","") | N81: =IF(I81>$O$3,"PREDICT CRASH","")
A82: =IFERROR(__xludf.DUMMYFUNCTION("""COMPUTED_VALUE"""),43370.66666666667) -> 43370.667 | B82: =IFERROR(__xludf.DUMMYFUNCTION("""COMPUTED_VALUE"""),2914.0) -> 2914 | C82: =IFERROR(__xludf.DUMMYFUNCTION("""COMPUTED_VALUE"""),43370.63611111111) -> 43370.636 | D82: =IFERROR(__xludf.DUMMYFUNCTION("""COMPUTED_VALUE"""),12.41) -> 12.41 | E82: =B82/B81-1 -> 0.002763277 | F82: =IFERROR(__xludf.DUMMYFUNCTION("""COMPUTED_VALUE"""),43370.63611111111) -> 43370.636 | G82: =IFERROR(__xludf.DUMMYFUNCTION("""COMPUTED_VALUE"""),14.89) -> 14.89 | H82: =IFERROR(__xludf.DUMMYFUNCTION("""COMPUTED_VALUE"""),43370.63611111111) -> 43370.636 | I82: =IFERROR(__xludf.DUMMYFUNCTION("""COMPUTED_VALUE"""),16.07) -> 16.07 | J82: =IFERROR(__xludf.DUMMYFUNCTION("""COMPUTED_VALUE"""),43370.63611111111) -> 43370.636 | K82: =IFERROR(__xludf.DUMMYFUNCTION("""COMPUTED_VALUE"""),17.23) -> 17.23 | M82: =If((E82<$H$2),"CRASH","") | N82: =IF(I82>$O$3,"PREDICT CRASH","")
A83: =IFERROR(__xludf.DUMMYFUNCTION("""COMPUTED_VALUE"""),43371.66666666667) -> 43371.667 | B83: =IFERROR(__xludf.DUMMYFUNCTION("""COMPUTED_VALUE"""),2913.98) -> 2913.98 | C83: =IFERROR(__xludf.DUMMYFUNCTION("""COMPUTED_VALUE"""),43371.63611111111) -> 43371.636 | D83: =IFERROR(__xludf.DUMMYFUNCTION("""COMPUTED_VALUE"""),12.12) -> 12.12 | E83: =B83/B82-1 -> -6.863418e-06 | F83: =IFERROR(__xludf.DUMMYFUNCTION("""COMPUTED_VALUE"""),43371.63611111111) -> 43371.636 | G83: =IFERROR(__xludf.DUMMYFUNCTION("""COMPUTED_VALUE"""),14.77) -> 14.77 | H83: =IFERROR(__xludf.DUMMYFUNCTION("""COMPUTED_VALUE"""),43371.63611111111) -> 43371.636 | I83: =IFERROR(__xludf.DUMMYFUNCTION("""COMPUTED_VALUE"""),15.98) -> 15.98 | J83: =IFERROR(__xludf.DUMMYFUNCTION("""COMPUTED_VALUE"""),43371.63611111111) -> 43371.636 | K83: =IFERROR(__xludf.DUMMYFUNCTION("""COMPUTED_VALUE"""),17.22) -> 17.22 | M83: =If((E83<$H$2),"CRASH","") | N83: =IF(I83>$O$3,"PREDICT CRASH","")
A84: =IFERROR(__xludf.DUMMYFUNCTION("""COMPUTED_VALUE"""),43374.66666666667) -> 43374.667 | B84: =IFERROR(__xludf.DUMMYFUNCTION("""COMPUTED_VALUE"""),2924.59) -> 2924.59 | C84: =IFERROR(__xludf.DUMMYFUNCTION("""COMPUTED_VALUE"""),43374.63611111111) -> 43374.636 | D84: =IFERROR(__xludf.DUMMYFUNCTION("""COMPUTED_VALUE"""),12.0) -> 12 | E84: =B84/B83-1 -> 0.0036410682 | F84: =IFERROR(__xludf.DUMMYFUNCTION("""COMPUTED_VALUE"""),43374.63611111111) -> 43374.636 | G84: =IFERROR(__xludf.DUMMYFUNCTION("""COMPUTED_VALUE"""),14.74) -> 14.74 | H84: =IFERROR(__xludf.DUMMYFUNCTION("""COMPUTED_VALUE"""),43374.63611111111) -> 43374.636 | I84: =IFERROR(__xludf.DUMMYFUNCTION("""COMPUTED_VALUE"""),15.95) -> 15.95 | J84: =IFERROR(__xludf.DUMMYFUNCTION("""COMPUTED_VALUE"""),43374.63611111111) -> 43374.636 | K84: =IFERROR(__xludf.DUMMYFUNCTION("""COMPUTED_VALUE"""),17.2) -> 17.2 | M84: =If((E84<$H$2),"CRASH","") | N84: =IF(I84>$O$3,"PREDICT CRASH","")
A85: =IFERROR(__xludf.DUMMYFUNCTION("""COMPUTED_VALUE"""),43375.66666666667) -> 43375.667 | B85: =IFERROR(__xludf.DUMMYFUNCTION("""COMPUTED_VALUE"""),2923.43) -> 2923.43 | C85: =IFERROR(__xludf.DUMMYFUNCTION("""COMPUTED_VALUE"""),43375.63611111111) -> 43375.636 | D85: =IFERROR(__xludf.DUMMYFUNCTION("""COMPUTED_VALUE"""),12.05) -> 12.05 | E85: =B85/B84-1 -> -0.00039663679 | F85: =IFERROR(__xludf.DUMMYFUNCTION("""COMPUTED_VALUE"""),43375.63611111111) -> 43375.636 | G85: =IFERROR(__xludf.DUMMYFUNCTION("""COMPUTED_VALUE"""),14.84) -> 14.84 | H85: =IFERROR(__xludf.DUMMYFUNCTION("""COMPUTED_VALUE"""),43375.63611111111) -> 43375.636 | I85: =IFERROR(__xludf.DUMMYFUNCTION("""COMPUTED_VALUE"""),16.03) -> 16.03 | J85: =IFERROR(__xludf.DUMMYFUNCTION("""COMPUTED_VALUE"""),43375.63611111111) -> 43375.636 | K85: =IFERROR(__xludf.DUMMYFUNCTION("""COMPUTED_VALUE"""),17.22) -> 17.22 | M85: =If((E85<$H$2),"CRASH","") | N85: =IF(I85>$O$3,"PREDICT CRASH","")
A86: =IFERROR(__xludf.DUMMYFUNCTION("""COMPUTED_VALUE"""),43376.66666666667) -> 43376.667 | B86: =IFERROR(__xludf.DUMMYFUNCTION("""COMPUTED_VALUE"""),2925.51) -> 2925.51 | C86: =IFERROR(__xludf.DUMMYFUNCTION("""COMPUTED_VALUE"""),43376.63611111111) -> 43376.636 | D86: =IFERROR(__xludf.DUMMYFUNCTION("""COMPUTED_VALUE"""),11.61) -> 11.61 | E86: =B86/B85-1 -> 0.00071149301 | F86: =IFERROR(__xludf.DUMMYFUNCTION("""COMPUTED_VALUE"""),43376.63611111111) -> 43376.636 | G86: =IFERROR(__xludf.DUMMYFUNCTION("""COMPUTED_VALUE"""),14.68) -> 14.68 | H86: =IFERROR(__xludf.DUMMYFUNCTION("""COMPUTED_VALUE"""),43376.63611111111) -> 43376.636 | I86: =IFERROR(__xludf.DUMMYFUNCTION("""COMPUTED_VALUE"""),15.96) -> 15.96 | J86: =IFERROR(__xludf.DUMMYFUNCTION("""COMPUTED_VALUE"""),43376.63611111111) -> 43376.636 | K86: =IFERROR(__xludf.DUMMYFUNCTION("""COMPUTED_VALUE"""),17.17) -> 17.17 | M86: =If((E86<$H$2),"CRASH","") | N86: =IF(I86>$O$3,"PREDICT CRASH","")
A87: =IFERROR(__xludf.DUMMYFUNCTION("""COMPUTED_VALUE"""),43377.66666666667) -> 43377.667 | B87: =IFERROR(__xludf.DUMMYFUNCTION("""COMPUTED_VALUE"""),2901.61) -> 2901.61 | C87: =IFERROR(__xludf.DUMMYFUNCTION("""COMPUTED_VALUE"""),43377.63611111111) -> 43377.636 | D87: =IFERROR(__xludf.DUMMYFUNCTION("""COMPUTED_VALUE"""),14.22) -> 14.22 | E87: =B87/B86-1 -> -0.0081695157 | F87: =IFERROR(__xludf.DUMMYFUNCTION("""COMPUTED_VALUE"""),43377.63611111111) -> 43377.636 | G87: =IFERROR(__xludf.DUMMYFUNCTION("""COMPUTED_VALUE"""),15.84) -> 15.84 | H87: =IFERROR(__xludf.DUMMYFUNCTION("""COMPUTED_VALUE"""),43377.63611111111) -> 43377.636 | I87: =IFERROR(__xludf.DUMMYFUNCTION("""COMPUTED_VALUE"""),16.7) -> 16.7 | J87: =IFERROR(__xludf.DUMMYFUNCTION("""COMPUTED_VALUE"""),43377.63611111111) -> 43377.636 | K87: =IFERROR(__xludf.DUMMYFUNCTION("""COMPUTED_VALUE"""),17.61) -> 17.61 | M87: =If((E87<$H$2),"CRASH","") | N87: =IF(I87>$O$3,"PREDICT CRASH","")
A88: =IFERROR(__xludf.DUMMYFUNCTION("""COMPUTED_VALUE"""),43378.66666666667) -> 43378.667 | B88: =IFERROR(__xludf.DUMMYFUNCTION("""COMPUTED_VALUE"""),2885.57) -> 2885.57 | C88: =IFERROR(__xludf.DUMMYFUNCTION("""COMPUTED_VALUE"""),43378.63611111111) -> 43378.636 | D88: =IFERROR(__xludf.DUMMYFUNCTION("""COMPUTED_VALUE"""),14.82) -> 14.82 | E88: =B88/B87-1 -> -0.0055279655 | F88: =IFERROR(__xludf.DUMMYFUNCTION("""COMPUTED_VALUE"""),43378.63611111111) -> 43378.636 | G88: =IFERROR(__xludf.DUMMYFUNCTION("""COMPUTED_VALUE"""),16.25) -> 16.25 | H88: =IFERROR(__xludf.DUMMYFUNCTION("""COMPUTED_VALUE"""),43378.63611111111) -> 43378.636 | I88: =IFERROR(__xludf.DUMMYFUNCTION("""COMPUTED_VALUE"""),17.14) -> 17.14 | J88: =IFERROR(__xludf.DUMMYFUNCTION("""COMPUTED_VALUE"""),43378.63611111111) -> 43378.636 | K88: =IFERROR(__xludf.DUMMYFUNCTION("""COMPUTED_VALUE"""),17.97) -> 17.97 | M88: =If((E88<$H$2),"CRASH","") | N88: =IF(I88>$O$3,"PREDICT CRASH","")
A89: =IFERROR(__xludf.DUMMYFUNCTION("""COMPUTED_VALUE"""),43381.66666666667) -> 43381.667 | B89: =IFERROR(__xludf.DUMMYFUNCTION("""COMPUTED_VALUE"""),2884.43) -> 2884.43 | C89: =IFERROR(__xludf.DUMMYFUNCTION("""COMPUTED_VALUE"""),43381.63611111111) -> 43381.636 | D89: =IFERROR(__xludf.DUMMYFUNCTION("""COMPUTED_VALUE"""),15.69) -> 15.69 | E89: =B89/B88-1 -> -0.00039506926 | F89: =IFERROR(__xludf.DUMMYFUNCTION("""COMPUTED_VALUE"""),43381.63611111111) -> 43381.636 | G89: =IFERROR(__xludf.DUMMYFUNCTION("""COMPUTED_VALUE"""),16.51) -> 16.51 | H89: =IFERROR(__xludf.DUMMYFUNCTION("""COMPUTED_VALUE"""),43381.63611111111) -> 43381.636 | I89: =IFERROR(__xludf.DUMMYFUNCTION("""COMPUTED_VALUE"""),17.36) -> 17.36 | J89: =IFERROR(__xludf.DUMMYFUNCTION("""COMPUTED_VALUE"""),43381.63611111111) -> 43381.636 | K89: =IFERROR(__xludf.DUMMYFUNCTION("""COMPUTED_VALUE"""),18.14) -> 18.14 | M89: =If((E89<$H$2),"CRASH","") | N89: =IF(I89>$O$3,"PREDICT CRASH","")
A90: =IFERROR(__xludf.DUMMYFUNCTION("""COMPUTED_VALUE"""),43382.66666666667) -> 43382.667 | B90: =IFERROR(__xludf.DUMMYFUNCTION("""COMPUTED_VALUE"""),2880.34) -> 2880.34 | C90: =IFERROR(__xludf.DUMMYFUNCTION("""COMPUTED_VALUE"""),43382.63611111111) -> 43382.636 | D90: =IFERROR(__xludf.DUMMYFUNCTION("""COMPUTED_VALUE"""),15.95) -> 15.95 | E90: =B90/B89-1 -> -0.0014179578 | F90: =IFERROR(__xludf.DUMMYFUNCTION("""COMPUTED_VALUE"""),43382.63611111111) -> 43382.636 | G90: =IFERROR(__xludf.DUMMYFUNCTION("""COMPUTED_VALUE"""),16.63) -> 16.63 | H90: =IFERROR(__xludf.DUMMYFUNCTION("""COMPUTED_VALUE"""),43382.63611111111) -> 43382.636 | I90: =IFERROR(__xludf.DUMMYFUNCTION("""COMPUTED_VALUE"""),17.4) -> 17.4 | J90: =IFERROR(__xludf.DUMMYFUNCTION("""COMPUTED_VALUE"""),43382.63611111111) -> 43382.636 | K90: =IFERROR(__xludf.DUMMYFUNCTION("""COMPUTED_VALUE"""),18.22) -> 18.22 | M90: =If((E90<$H$2),"CRASH","") | N90: =IF(I90>$O$3,"PREDICT CRASH","")
A91: =IFERROR(__xludf.DUMMYFUNCTION("""COMPUTED_VALUE"""),43383.66666666667) -> 43383.667 | B91: =IFERROR(__xludf.DUMMYFUNCTION("""COMPUTED_VALUE"""),2785.68) -> 2785.68 | C91: =IFERROR(__xludf.DUMMYFUNCTION("""COMPUTED_VALUE"""),43383.63611111111) -> 43383.636 | D91: =IFERROR(__xludf.DUMMYFUNCTION("""COMPUTED_VALUE"""),22.96) -> 22.96 | E91: =B91/B90-1 -> -0.032864176 | F91: =IFERROR(__xludf.DUMMYFUNCTION("""COMPUTED_VALUE"""),43383.63611111111) -> 43383.636 | G91: =IFERROR(__xludf.DUMMYFUNCTION("""COMPUTED_VALUE"""),20.7) -> 20.7 | H91: =IFERROR(__xludf.DUMMYFUNCTION("""COMPUTED_VALUE"""),43383.63611111111) -> 43383.636 | I91: =IFERROR(__xludf.DUMMYFUNCTION("""COMPUTED_VALUE"""),20.31) -> 20.31 | J91: =IFERROR(__xludf.DUMMYFUNCTION("""COMPUTED_VALUE"""),43383.63611111111) -> 43383.636 | K91: =IFERROR(__xludf.DUMMYFUNCTION("""COMPUTED_VALUE"""),19.99) -> 19.99 | M91: =If((E91<$H$2),"CRASH","") | N91: =IF(I91>$O$3,"PREDICT CRASH","")
A92: =IFERROR(__xludf.DUMMYFUNCTION("""COMPUTED_VALUE"""),43384.66666666667) -> 43384.667 | B92: =IFERROR(__xludf.DUMMYFUNCTION("""COMPUTED_VALUE"""),2728.37) -> 2728.37 | C92: =IFERROR(__xludf.DUMMYFUNCTION("""COMPUTED_VALUE"""),43384.63611111111) -> 43384.636 | D92: =IFERROR(__xludf.DUMMYFUNCTION("""COMPUTED_VALUE"""),24.98) -> 24.98 | E92: =B92/B91-1 -> -0.020573074 | F92: =IFERROR(__xludf.DUMMYFUNCTION("""COMPUTED_VALUE"""),43384.63611111111) -> 43384.636 | G92: =IFERROR(__xludf.DUMMYFUNCTION("""COMPUTED_VALUE"""),21.56) -> 21.56 | H92: =IFERROR(__xludf.DUMMYFUNCTION("""COMPUTED_VALUE"""),43384.63611111111) -> 43384.636 | I92: =IFERROR(__xludf.DUMMYFUNCTION("""COMPUTED_VALUE"""),20.88) -> 20.88 | J92: =IFERROR(__xludf.DUMMYFUNCTION("""COMPUTED_VALUE"""),43384.63611111111) -> 43384.636 | K92: =IFERROR(__xludf.DUMMYFUNCTION("""COMPUTED_VALUE"""),20.53) -> 20.53 | M92: =If((E92<$H$2),"CRASH","") | N92: =IF(I92>$O$3,"PREDICT CRASH","")
A93: =IFERROR(__xludf.DUMMYFUNCTION("""COMPUTED_VALUE"""),43385.66666666667) -> 43385.667 | B93: =IFERROR(__xludf.DUMMYFUNCTION("""COMPUTED_VALUE"""),2767.13) -> 2767.13 | C93: =IFERROR(__xludf.DUMMYFUNCTION("""COMPUTED_VALUE"""),43385.63611111111) -> 43385.636 | D93: =IFERROR(__xludf.DUMMYFUNCTION("""COMPUTED_VALUE"""),21.31) -> 21.31 | E93: =B93/B92-1 -> 0.014206284 | F93: =IFERROR(__xludf.DUMMYFUNCTION("""COMPUTED_VALUE"""),43385.63611111111) -> 43385.636 | G93: =IFERROR(__xludf.DUMMYFUNCTION("""COMPUTED_VALUE"""),19.84) -> 19.84 | H93: =IFERROR(__xludf.DUMMYFUNCTION("""COMPUTED_VALUE"""),43385.63611111111) -> 43385.636 | I93: =IFERROR(__xludf.DUMMYFUNCTION("""COMPUTED_VALUE"""),19.87) -> 19.87 | J93: =IFERROR(__xludf.DUMMYFUNCTION("""COMPUTED_VALUE"""),43385.63611111111) -> 43385.636 | K93: =IFERROR(__xludf.DUMMYFUNCTION("""COMPUTED_VALUE"""),19.83) -> 19.83 | M93: =If((E93<$H$2),"CRASH","") | N93: =IF(I93>$O$3,"PREDICT CRASH","")
A94: =IFERROR(__xludf.DUMMYFUNCTION("""COMPUTED_VALUE"""),43388.66666666667) -> 43388.667 | B94: =IFERROR(__xludf.DUMMYFUNCTION("""COMPUTED_VALUE"""),2750.79) -> 2750.79 | C94: =IFERROR(__xludf.DUMMYFUNCTION("""COMPUTED_VALUE"""),43388.63611111111) -> 43388.636 | D94: =IFERROR(__xludf.DUMMYFUNCTION("""COMPUTED_VALUE"""),21.3) -> 21.3 | E94: =B94/B93-1 -> -0.0059050352 | F94: =IFERROR(__xludf.DUMMYFUNCTION("""COMPUTED_VALUE"""),43388.63611111111) -> 43388.636 | G94: =IFERROR(__xludf.DUMMYFUNCTION("""COMPUTED_VALUE"""),20.29) -> 20.29 | H94: =IFERROR(__xludf.DUMMYFUNCTION("""COMPUTED_VALUE"""),43388.63611111111) -> 43388.636 | I94: =IFERROR(__xludf.DUMMYFUNCTION("""COMPUTED_VALUE"""),20.27) -> 20.27 | J94: =IFERROR(__xludf.DUMMYFUNCTION("""COMPUTED_VALUE"""),43388.63611111111) -> 43388.636 | K94: =IFERROR(__xludf.DUMMYFUNCTION("""COMPUTED_VALUE"""),20.19) -> 20.19 | M94: =If((E94<$H$2),"CRASH","") | N94: =IF(I94>$O$3,"PREDICT CRASH","")
A95: =IFERROR(__xludf.DUMMYFUNCTION("""COMPUTED_VALUE"""),43389.66666666667) -> 43389.667 | B95: =IFERROR(__xludf.DUMMYFUNCTION("""COMPUTED_VALUE"""),2809.92) -> 2809.92 | C95: =IFERROR(__xludf.DUMMYFUNCTION("""COMPUTED_VALUE"""),43389.63611111111) -> 43389.636 | D95: =IFERROR(__xludf.DUMMYFUNCTION("""COMPUTED_VALUE"""),17.62) -> 17.62 | E95: =B95/B94-1 -> 0.021495643 | F95: =IFERROR(__xludf.DUMMYFUNCTION("""COMPUTED_VALUE"""),43389.63611111111) -> 43389.636 | G95: =IFERROR(__xludf.DUMMYFUNCTION("""COMPUTED_VALUE"""),17.96) -> 17.96 | H95: =IFERROR(__xludf.DUMMYFUNCTION("""COMPUTED_VALUE"""),43389.63611111111) -> 43389.636 | I95: =IFERROR(__xludf.DUMMYFUNCTION("""COMPUTED_VALUE"""),18.58) -> 18.58 | J95: =IFERROR(__xludf.DUMMYFUNCTION("""COMPUTED_VALUE"""),43389.63611111111) -> 43389.636 | K95: =IFERROR(__xludf.DUMMYFUNCTION("""COMPUTED_VALUE"""),19.01) -> 19.01 | M95: =If((E95<$H$2),"CRASH","") | N95: =IF(I95>$O$3,"PREDICT CRASH","")
A96: =IFERROR(__xludf.DUMMYFUNCTION("""COMPUTED_VALUE"""),43390.66666666667) -> 43390.667 | B96: =IFERROR(__xludf.DUMMYFUNCTION("""COMPUTED_VALUE"""),2809.21) -> 2809.21 | C96: =IFERROR(__xludf.DUMMYFUNCTION("""COMPUTED_VALUE"""),43390.63611111111) -> 43390.636 | D96: =IFERROR(__xludf.DUMMYFUNCTION("""COMPUTED_VALUE"""),17.4) -> 17.4 | E96: =B96/B95-1 -> -0.00025267623 | F96: =IFERROR(__xludf.DUMMYFUNCTION("""COMPUTED_VALUE"""),43390.63611111111) -> 43390.636 | G96: =IFERROR(__xludf.DUMMYFUNCTION("""COMPUTED_VALUE"""),18.1) -> 18.1 | H96: =IFERROR(__xludf.DUMMYFUNCTION("""COMPUTED_VALUE"""),43390.63611111111) -> 43390.636 | I96: =IFERROR(__xludf.DUMMYFUNCTION("""COMPUTED_VALUE"""),18.64) -> 18.64 | J96: =IFERROR(__xludf.DUMMYFUNCTION("""COMPUTED_VALUE"""),43390.63611111111) -> 43390.636 | K96: =IFERROR(__xludf.DUMMYFUNCTION("""COMPUTED_VALUE"""),19.07) -> 19.07 | M96: =If((E96<$H$2),"CRASH","") | N96: =IF(I96>$O$3,"PREDICT CRASH","")
A97: =IFERROR(__xludf.DUMMYFUNCTION("""COMPUTED_VALUE"""),43391.66666666667) -> 43391.667 | B97: =IFERROR(__xludf.DUMMYFUNCTION("""COMPUTED_VALUE"""),2768.78) -> 2768.78 | C97: =IFERROR(__xludf.DUMMYFUNCTION("""COMPUTED_VALUE"""),43391.63611111111) -> 43391.636 | D97: =IFERROR(__xludf.DUMMYFUNCTION("""COMPUTED_VALUE"""),20.06) -> 20.06 | E97: =B97/B96-1 -> -0.014391946 | F97: =IFERROR(__xludf.DUMMYFUNCTION("""COMPUTED_VALUE"""),43391.63611111111) -> 43391.636 | G97: =IFERROR(__xludf.DUMMYFUNCTION("""COMPUTED_VALUE"""),19.86) -> 19.86 | H97: =IFERROR(__xludf.DUMMYFUNCTION("""COMPUTED_VALUE"""),43391.63611111111) -> 43391.636 | I97: =IFERROR(__xludf.DUMMYFUNCTION("""COMPUTED_VALUE"""),19.93) -> 19.93 | J97: =IFERROR(__xludf.DUMMYFUNCTION("""COMPUTED_VALUE"""),43391.63611111111) -> 43391.636 | K97: =IFERROR(__xludf.DUMMYFUNCTION("""COMPUTED_VALUE"""),20.01) -> 20.01 | M97: =If((E97<$H$2),"CRASH","") | N97: =IF(I97>$O$3,"PREDICT CRASH","")
A98: =IFERROR(__xludf.DUMMYFUNCTION("""COMPUTED_VALUE"""),43392.66666666667) -> 43392.667 | B98: =IFERROR(__xludf.DUMMYFUNCTION("""COMPUTED_VALUE"""),2767.78) -> 2767.78 | C98: =IFERROR(__xludf.DUMMYFUNCTION("""COMPUTED_VALUE"""),43392.63611111111) -> 43392.636 | D98: =IFERROR(__xludf.DUMMYFUNCTION("""COMPUTED_VALUE"""),19.89) -> 19.89 | E98: =B98/B97-1 -> -0.0003611699 | F98: =IFERROR(__xludf.DUMMYFUNCTION("""COMPUTED_VALUE"""),43392.63611111111) -> 43392.636 | G98: =IFERROR(__xludf.DUMMYFUNCTION("""COMPUTED_VALUE"""),19.84) -> 19.84 | H98: =IFERROR(__xludf.DUMMYFUNCTION("""COMPUTED_VALUE"""),43392.63611111111) -> 43392.636 | I98: =IFERROR(__xludf.DUMMYFUNCTION("""COMPUTED_VALUE"""),20.03) -> 20.03 | J98: =IFERROR(__xludf.DUMMYFUNCTION("""COMPUTED_VALUE"""),43392.63611111111) -> 43392.636 | K98: =IFERROR(__xludf.DUMMYFUNCTION("""COMPUTED_VALUE"""),20.08) -> 20.08 | M98: =If((E98<$H$2),"CRASH","") | N98: =IF(I98>$O$3,"PREDICT CRASH","")
A99: =IFERROR(__xludf.DUMMYFUNCTION("""COMPUTED_VALUE"""),43395.66666666667) -> 43395.667 | B99: =IFERROR(__xludf.DUMMYFUNCTION("""COMPUTED_VALUE"""),2755.88) -> 2755.88 | C99: =IFERROR(__xludf.DUMMYFUNCTION("""COMPUTED_VALUE"""),43395.63611111111) -> 43395.636 | D99: =IFERROR(__xludf.DUMMYFUNCTION("""COMPUTED_VALUE"""),19.64) -> 19.64 | E99: =B99/B98-1 -> -0.0042994747 | F99: =IFERROR(__xludf.DUMMYFUNCTION("""COMPUTED_VALUE"""),43395.63611111111) -> 43395.636 | G99: =IFERROR(__xludf.DUMMYFUNCTION("""COMPUTED_VALUE"""),19.82) -> 19.82 | H99: =IFERROR(__xludf.DUMMYFUNCTION("""COMPUTED_VALUE"""),43395.63611111111) -> 43395.636 | I99: =IFERROR(__xludf.DUMMYFUNCTION("""COMPUTED_VALUE"""),20.01) -> 20.01 | J99: =IFERROR(__xludf.DUMMYFUNCTION("""COMPUTED_VALUE"""),43395.63611111111) -> 43395.636 | K99: =IFERROR(__xludf.DUMMYFUNCTION("""COMPUTED_VALUE"""),20.02) -> 20.02 | M99: =If((E99<$H$2),"CRASH","") | N99: =IF(I99>$O$3,"PREDICT CRASH","")
A100: =IFERROR(__xludf.DUMMYFUNCTION("""COMPUTED_VALUE"""),43396.66666666667) -> 43396.667 | B100: =IFERROR(__xludf.DUMMYFUNCTION("""COMPUTED_VALUE"""),2740.69) -> 2740.69 | C100: =IFERROR(__xludf.DUMMYFUNCTION("""COMPUTED_VALUE"""),43396.63611111111) -> 43396.636 | D100: =IFERROR(__xludf.DUMMYFUNCTION("""COMPUTED_VALUE"""),20.71) -> 20.71 | E100: =B100/B99-1 -> -0.005511851 | F100: =IFERROR(__xludf.DUMMYFUNCTION("""COMPUTED_VALUE"""),43396.63611111111) -> 43396.636 | G100: =IFERROR(__xludf.DUMMYFUNCTION("""COMPUTED_VALUE"""),20.28) -> 20.28 | H100: =IFERROR(__xludf.DUMMYFUNCTION("""COMPUTED_VALUE"""),43396.63611111111) -> 43396.636 | I100: =IFERROR(__xludf.DUMMYFUNCTION("""COMPUTED_VALUE"""),20.29) -> 20.29 | J100: =IFERROR(__xludf.DUMMYFUNCTION("""COMPUTED_VALUE"""),43396.63611111111) -> 43396.636 | K100: =IFERROR(__xludf.DUMMYFUNCTION("""COMPUTED_VALUE"""),20.21) -> 20.21 | M100: =If((E100<$H$2),"CRASH","") | N100: =IF(I100>$O$3,"PREDICT CRASH","")
...

Sheet VIXHISTORIQUEMODEL
A1: Date | B1: SPX | C1: VIX | D1: VIX3M | E1: VIX6M | F1: VIX1Y
A2: ='VIX HISTORIQUE'!A5 -> 43259.667 | B2: ='VIX HISTORIQUE'!B5 -> 2779.03 | C2: ='VIX HISTORIQUE'!D5 -> 12.18 | D2: ='VIX HISTORIQUE'!G5 -> 14.6 | E2: ='VIX HISTORIQUE'!I5 -> 16.13 | F2: ='VIX HISTORIQUE'!K5 -> 17.23
A3: ='VIX HISTORIQUE'!A6 -> 43262.667 | B3: ='VIX HISTORIQUE'!B6 -> 2782 | C3: ='VIX HISTORIQUE'!D6 -> 12.35 | D3: ='VIX HISTORIQUE'!G6 -> 14.55 | E3: ='VIX HISTORIQUE'!I6 -> 16.12 | F3: ='VIX HISTORIQUE'!K6 -> 17.17
A4: ='VIX HISTORIQUE'!A7 -> 43263.667 | B4: ='VIX HISTORIQUE'!B7 -> 2786.85 | C4: ='VIX HISTORIQUE'!D7 -> 12.34 | D4: ='VIX HISTORIQUE'!G7 -> 14.59 | E4: ='VIX HISTORIQUE'!I7 -> 16.17 | F4: ='VIX HISTORIQUE'!K7 -> 17.23
A5: ='VIX HISTORIQUE'!A8 -> 43264.667 | B5: ='VIX HISTORIQUE'!B8 -> 2775.63 | C5: ='VIX HISTORIQUE'!D8 -> 12.94 | D5: ='VIX HISTORIQUE'!G8 -> 14.92 | E5: ='VIX HISTORIQUE'!I8 -> 16.43 | F5: ='VIX HISTORIQUE'!K8 -> 17.44
A6: ='VIX HISTORIQUE'!A9 -> 43265.667 | B6: ='VIX HISTORIQUE'!B9 -> 2782.49 | C6: ='VIX HISTORIQUE'!D9 -> 12.12 | D6: ='VIX HISTORIQUE'!G9 -> 14.4 | E6: ='VIX HISTORIQUE'!I9 -> 16.09 | F6: ='VIX HISTORIQUE'!K9 -> 17.31
A7: ='VIX HISTORIQUE'!A10 -> 43266.667 | B7: ='VIX HISTORIQUE'!B10 -> 2779.66 | C7: ='VIX HISTORIQUE'!D10 -> 11.98 | D7: ='VIX HISTORIQUE'!G10 -> 14.42 | E7: ='VIX HISTORIQUE'!I10 -> 16.32 | F7: ='VIX HISTORIQUE'!K10 -> 17.54
A8: ='VIX HISTORIQUE'!A11 -> 43269.667 | B8: ='VIX HISTORIQUE'!B11 -> 2773.75 | C8: ='VIX HISTORIQUE'!D11 -> 12.31 | D8: ='VIX HISTORIQUE'!G11 -> 14.48 | E8: ='VIX HISTORIQUE'!I11 -> 16.35 | F8: ='VIX HISTORIQUE'!K11 -> 17.61
A9: ='VIX HISTORIQUE'!A12 -> 43270.667 | B9: ='VIX HISTORIQUE'!B12 -> 2762.59 | C9: ='VIX HISTORIQUE'!D12 -> 13.35 | D9: ='VIX HISTORIQUE'!G12 -> 15.17 | E9: ='VIX HISTORIQUE'!I12 -> 16.89 | F9: ='VIX HISTORIQUE'!K12 -> 18.09
A10: ='VIX HISTORIQUE'!A13 -> 43271.667 | B10: ='VIX HISTORIQUE'!B13 -> 2767.32 | C10: ='VIX HISTORIQUE'!D13 -> 12.79 | D10: ='VIX HISTORIQUE'!G13 -> 14.79 | E10: ='VIX HISTORIQUE'!I13 -> 16.52 | F10: ='VIX HISTORIQUE'!K13 -> 17.77
A11: ='VIX HISTORIQUE'!A14 -> 43272.667 | B11: ='VIX HISTORIQUE'!B14 -> 2749.76 | C11: ='VIX HISTORIQUE'!D14 -> 14.64 | D11: ='VIX HISTORIQUE'!G14 -> 15.87 | E11: ='VIX HISTORIQUE'!I14 -> 17.2 | F11: ='VIX HISTORIQUE'!K14 -> 18.18
A12: ='VIX HISTORIQUE'!A15 -> 43273.667 | B12: ='VIX HISTORIQUE'!B15 -> 2754.88 | C12: ='VIX HISTORIQUE'!D15 -> 13.77 | D12: ='VIX HISTORIQUE'!G15 -> 15.5 | E12: ='VIX HISTORIQUE'!I15 -> 16.92 | F12: ='VIX HISTORIQUE'!K15 -> 18.12
A13: ='VIX HISTORIQUE'!A16 -> 43276.667 | B13: ='VIX HISTORIQUE'!B16 -> 2717.07 | C13: ='VIX HISTORIQUE'!D16 -> 17.33 | D13: ='VIX HISTORIQUE'!G16 -> 17.52 | E13: ='VIX HISTORIQUE'!I16 -> 18.27 | F13: ='VIX HISTORIQUE'!K16 -> 18.87
... A1340: ='VIX HISTORIQUE'!A1343 -> 45210.667 | B1340: ='VIX HISTORIQUE'!B1343 -> 4376.95 | C1340: ='VIX HISTORIQUE'!D1343 -> 16.09 | D1340: ='VIX HISTORIQUE'!G1343 -> 17.63 | E1340: ='VIX HISTORIQUE'!I1343 -> 19.63 | F1340: ='VIX HISTORIQUE'!K1343 -> 21.86
A1349: ='VIX HISTORIQUE'!A1344 -> 45211.667 | B1349: ='VIX HISTORIQUE'!B1344 -> 4349.61 | C1349: ='VIX HISTORIQUE'!D1344 -> 16.69 | D1349: ='VIX HISTORIQUE'!G1344 -> 18.09 | E1349: ='VIX HISTORIQUE'!I1344 -> 19.98 | F1349: ='VIX HISTORIQUE'!K1344 -> 22.08
A1350: ='VIX HISTORIQUE'!A1345 -> 45212.667 | B1350: ='VIX HISTORIQUE'!B1345 -> 4327.78 | C1350: ='VIX HISTORIQUE'!D1345 -> 19.32 | D1350: ='VIX HISTORIQUE'!G1345 -> 20.57 | E1350: ='VIX HISTORIQUE'!I1345 -> 21.81 | F1350: ='VIX HISTORIQUE'!K1345 -> 23.25
A1351: ='VIX HISTORIQUE'!A1346 -> 45215.667 | B1351: ='VIX HISTORIQUE'!B1346 -> 4373.63 | C1351: ='VIX HISTORIQUE'!D1346 -> 17.21 | D1351: ='VIX HISTORIQUE'!G1346 -> 18.79 | E1351: ='VIX HISTORIQUE'!I1346 -> 20.64 | F1351: ='VIX HISTORIQUE'!K1346 -> 22.62
A1352: ='VIX HISTORIQUE'!A1347 -> 45216.667 | B1352: ='VIX HISTORIQUE'!B1347 -> 4373.2 | C1352: ='VIX HISTORIQUE'!D1347 -> 17.88 | D1352: ='VIX HISTORIQUE'!G1347 -> 19.26 | E1352: ='VIX HISTORIQUE'!I1347 -> 21.06 | F1352: ='VIX HISTORIQUE'!K1347 -> 22.93
A1353: ='VIX HISTORIQUE'!A1348 -> 45217.667 | B1353: ='VIX HISTORIQUE'!B1348 -> 4314.6 | C1353: ='VIX HISTORIQUE'!D1348 -> 19.22 | D1353: ='VIX HISTORIQUE'!G1348 -> 20.47 | E1353: ='VIX HISTORIQUE'!I1348 -> 21.96 | F1353: ='VIX HISTORIQUE'!K1348 -> 23.55
A1354: ='VIX HISTORIQUE'!A1349 -> 45218.667 | B1354: ='VIX HISTORIQUE'!B1349 -> 4278 | C1354: ='VIX HISTORIQUE'!D1349 -> 21.4 | D1354: ='VIX HISTORIQUE'!G1349 -> 22.19 | E1354: ='VIX HISTORIQUE'!I1349 -> 23.21 | F1354: ='VIX HISTORIQUE'!K1349 -> 24.39
A1355: ='VIX HISTORIQUE'!A1350 -> 45219.667 | B1355: ='VIX HISTORIQUE'!B1350 -> 4224.16 | C1355: ='VIX HISTORIQUE'!D1350 -> 21.71 | D1355: ='VIX HISTORIQUE'!G1350 -> 22.44 | E1355: ='VIX HISTORIQUE'!I1350 -> 23.6 | F1355: ='VIX HISTORIQUE'!K1350 -> 24.61
A1356: ='VIX HISTORIQUE'!A1351 -> 45222.667 | B1356: ='VIX HISTORIQUE'!B1351 -> 4217.04 | C1356: ='VIX HISTORIQUE'!D1351 -> 20.37 | D1356: ='VIX HISTORIQUE'!G1351 -> 21.33 | E1356: ='VIX HISTORIQUE'!I1351 -> 22.67 | F1356: ='VIX HISTORIQUE'!K1351 -> 24.03
A1357: ='VIX HISTORIQUE'!A1352 -> 45223.667 | B1357: ='VIX HISTORIQUE'!B1352 -> 4247.68 | C1357: ='VIX HISTORIQUE'!D1352 -> 18.97 | D1357: ='VIX HISTORIQUE'!G1352 -> 20.21 | E1357: ='VIX HISTORIQUE'!I1352 -> 21.85 | F1357: ='VIX HISTORIQUE'!K1352 -> 23.47
A1358: ='VIX HISTORIQUE'!A1353 -> 45224.667 | B1358: ='VIX HISTORIQUE'!B1353 -> 4186.77 | C1358: ='VIX HISTORIQUE'!D1353 -> 20.19 | D1358: ='VIX HISTORIQUE'!G1353 -> 21.33 | E1358: ='VIX HISTORIQUE'!I1353 -> 22.69 | F1358: ='VIX HISTORIQUE'!K1353 -> 24.04
A1359: ='VIX HISTORIQUE'!A1354 -> 45225.667 | B1359: ='VIX HISTORIQUE'!B1354 -> 4137.23 | C1359: ='VIX HISTORIQUE'!D1354 -> 20.68 | D1359: ='VIX HISTORIQUE'!G1354 -> 21.57 | E1359: ='VIX HISTORIQUE'!I1354 -> 23.02 | F1359: ='VIX HISTORIQUE'!K1354 -> 24.31
A1360: ='VIX HISTORIQUE'!A1355 -> 45226.667 | B1360: ='VIX HISTORIQUE'!B1355 -> 4117.37 | C1360: ='VIX HISTORIQUE'!D1355 -> 21.27 | D1360: ='VIX HISTORIQUE'!G1355 -> 22.27 | E1360: ='VIX HISTORIQUE'!I1355 -> 23.65 | F1360: ='VIX HISTORIQUE'!K1355 -> 24.48
... A1602: ='VIX HISTORIQUE'!A1597 -> 45580.667 | B1602: ='VIX HISTORIQUE'!B1597 -> 5815.26 | C1602: ='VIX HISTORIQUE'!D1597 -> 20.64 | D1602: ='VIX HISTORIQUE'!G1597 -> 20.8 | E1602: ='VIX HISTORIQUE'!I1597 -> 21.14 | F1602: ='VIX HISTORIQUE'!K1597 -> 22.14
A1603: ='VIX HISTORIQUE'!A2119 | B1603: ='VIX HISTORIQUE'!B2119 | C1603: ='VIX HISTORIQUE'!D2119 | D1603: ='VIX HISTORIQUE'!G2119 | E1603: ='VIX HISTORIQUE'!I2119 | F1603: ='VIX HISTORIQUE'!K2119
A1604: ='VIX HISTORIQUE'!A2120 | B1604: ='VIX HISTORIQUE'!B2120 | C1604: ='VIX HISTORIQUE'!D2120 | D1604: ='VIX HISTORIQUE'!G2120 | E1604: ='VIX HISTORIQUE'!I2120 | F1604: ='VIX HISTORIQUE'!K2120
A1605: ='VIX HISTORIQUE'!A2121 | B1605: ='VIX HISTORIQUE'!B2121 | C1605: ='VIX HISTORIQUE'!D2121 | D1605: ='VIX HISTORIQUE'!G2121 | E1605: ='VIX HISTORIQUE'!I2121 | F1605: ='VIX HISTORIQUE'!K2121
A1606: ='VIX HISTORIQUE'!A2122 | B1606: ='VIX HISTORIQUE'!B2122 | C1606: ='VIX HISTORIQUE'!D2122 | D1606: ='VIX HISTORIQUE'!G2122 | E1606: ='VIX HISTORIQUE'!I2122 | F1606: ='VIX HISTORIQUE'!K2122
A1607: ='VIX HISTORIQUE'!A2123 | B1607: ='VIX HISTORIQUE'!B2123 | C1607: ='VIX HISTORIQUE'!D2123 | D1607: ='VIX HISTORIQUE'!G2123 | E1607: ='VIX HISTORIQUE'!I2123 | F1607: ='VIX HISTORIQUE'!K2123
A1608: ='VIX HISTORIQUE'!A2124 | B1608: ='VIX HISTORIQUE'!B2124 | C1608: ='VIX HISTORIQUE'!D2124 | D1608: ='VIX HISTORIQUE'!G2124 | E1608: ='VIX HISTORIQUE'!I2124 | F1608: ='VIX HISTORIQUE'!K2124
A1609: ='VIX HISTORIQUE'!A2125 | B1609: ='VIX HISTORIQUE'!B2125 | C1609: ='VIX HISTORIQUE'!D2125 | D1609: ='VIX HISTORIQUE'!G2125 | E1609: ='VIX HISTORIQUE'!I2125 | F1609: ='VIX HISTORIQUE'!K2125
A1610: ='VIX HISTORIQUE'!A2126 | B1610: ='VIX HISTORIQUE'!B2126 | C1610: ='VIX HISTORIQUE'!D2126 | D1610: ='VIX HISTORIQUE'!G2126 | E1610: ='VIX HISTORIQUE'!I2126 | F1610: ='VIX HISTORIQUE'!K2126
A1611: ='VIX HISTORIQUE'!A2127 | B1611: ='VIX HISTORIQUE'!B2127 | C1611: ='VIX HISTORIQUE'!D2127 | D1611: ='VIX HISTORIQUE'!G2127 | E1611: ='VIX HISTORIQUE'!I2127 | F1611: ='VIX HISTORIQUE'!K2127
A1612: ='VIX HISTORIQUE'!A2128 | B1612: ='VIX HISTORIQUE'!B2128 | C1612: ='VIX HISTORIQUE'!D2128 | D1612: ='VIX HISTORIQUE'!G2128 | E1612: ='VIX HISTORIQUE'!I2128 | F1612: ='VIX HISTORIQUE'!K2128
A1613: ='VIX HISTORIQUE'!A2129 | B1613: ='VIX HISTORIQUE'!B2129 | C1613: ='VIX HISTORIQUE'!D2129 | D1613: ='VIX HISTORIQUE'!G2129 | E1613: ='VIX HISTORIQUE'!I2129 | F1613: ='VIX HISTORIQUE'!K2129
A1614: ='VIX HISTORIQUE'!A2130 | B1614: ='VIX HISTORIQUE'!B2130 | C1614: ='VIX HISTORIQUE'!D2130 | D1614: ='VIX HISTORIQUE'!G2130 | E1614: ='VIX HISTORIQUE'!I2130 | F1614: ='VIX HISTORIQUE'!K2130
... A1624: ='VIX HISTORIQUE'!A2140 | B1624: ='VIX HISTORIQUE'!B2140 | C1624: ='VIX HISTORIQUE'!D2140 | D1624: ='VIX HISTORIQUE'!G2140 | E1624: ='VIX HISTORIQUE'!I2140 | F1624: ='VIX HISTORIQUE'!K2140

Sheet Portfolio
A1: ASSET | B1: CURRENCY | C1: GCODE | D1: ISIN | E1: DESCR | F1: MAT | G1: YTM | H1: LibelléISIN | I1: Quantité | J1: Prix de revient | K1: Place de Cotation | L1: Cours en devise | M1: Cours/VL | N1: Date du cours / VL | O1: Valorisation * | P1: "+/- Values latentes" | Q1: Performance** | R1: Poids %
A2: OBLIGATION | B2: EUR | C2: 28ID | D2: IE0000UJ3480 | E2: US CORPORATE, US A 45%, BBB 55% | F2: 45654 | G2: 4.5 | H2: IS.IBD.DEC.28 T.USD UC.ETF USD IE0000UJ3480 | I2: 1 015 | J2: 98,55 € | K2: Paris | L2: 99,3746 EUR | M2: 993746 | N2: 45361 | O2: 100 865,22 € | P2: 836,97 € | Q2: 0,84 % | R2: 9.4964161
A3: OBLIGATION | B3: EUR | C3: IB27 | D3: IE000ZOI8OK5 | E3: EURO CORPORATE , A Or AA 50%, BBB 50% | F3: 45653 | G3: 3.1 | H3: ISHARES IBONDS DEC 2027 ¤ CORP IE000ZOI8OK5 | I3: 9 435 | J3: 5,30 € | K3: Frankfurt_ETF_ETP | L3: 5,3822 EUR | M3: 53822 | N3: 45361 | O3: 50 781,06 € | P3: 775,56 € | Q3: 1,55 % | R3: 4.7838018
A4: OBLIGATION | B4: EUR | C4: 26ID | D4: IE000BWITBP9 | E4: US CORPORATE, A or AA 60%, BBB 40% | F4: 45652 | G4: 4.5 | H4: ISHRS IBD DEC 26 USD -ACC IE000BWITBP9 | I4: 2 040 | J4: 9794870 | K4: London | L4: 108,07 USD | M4: 9789836 | N4: 45361 | O4: 199 712,66 € | P4: -102,69 € | Q4: -0,05 % | R4: 18.807745
A5: OBLIGATION | B5: EUR | C5: IB25 | D5: IE000GUOATN7 | E5: EURO CORPORATE , A Or AA 50%, BBB 50% | F5: 45651 | G5: 3.5 | H5: ISHS IBONDS DEC25 UC.ETF C EUR IE000GUOATN7 | I5: 19 212 | J5: 5205 | K5: Frankfurt_ETF_ETP | L5: 5,2234 EUR | M5: 52234 | N5: 45361 | O5: 100 351,96 € | P5: 353,50 € | Q5: 0,35 % | R5: 9.4537035
A6: OBLIGATION | B6: EUR | C6: CEBE | D6: IE000WA6L436 | E6: EURO CORPORATE , A Or AA 55%, BBB 45% | F6: 45652 | G6: 3.2 | H6: ISHS IBONDS DEC26 UC.ETF C EUR IE000WA6L436 | I6: 19 665 | J6: 52508 | K6: Paris | L6: 5,313 EUR | M6: 5313 | N6: 45361 | O6: 104 480,15 € | P6: 1 223,17 € | Q6: 1,18 % | R6: 9.8381162
A7: OBLIGATION | B7: USD | C7: DI27 | D7: IE000I1D7D10 | E7: US CORPORATE, A Or AA 50%, BBB 50% | F7: 45653 | G7: 4.5 | H7: ISHS IBONDS DEC27 UC.ETF C USD IE000I1D7D10 | I7: 1 015 | J7: 98,70 € | K7: Paris | L7: 99,1209 EUR | M7: 991209 | N7: 45361 | O7: 100 607,71 € | P7: 427,21 € | Q7: 0,43 % | R7: 9.4821786
A8: OBLIGATION | B8: USD | C8: IVOA | D8: IE0008UEVOE0 | E8: EURO CORPORATE , A Or AA 50%, BBB 50% | F8: 45654 | G8: 3.2 | H8: ISHS IBONDS DEC28 UC.ETF C EUR IE0008UEVOE0 | I8: 9 375 | J8: 53343 | K8: Paris | L8: 5,432 EUR | M8: 5432 | N8: 45361 | O8: 50 925,00 € | P8: 915,94 € | Q8: 1,83 % | R8: 4.7980393
A9: EQUITY | B9: USD | C9: CSPX | D9: IE00B5BMR087 | E9: S&P ETF | H9: ISHARES CORE S&P 500 UCITS ETF IE00B5BMR087 | I9: 1400 | J9: 53444571 | K9: Frankfurt_ETF_ETP | L9: 545,48 EUR | M9: 545,48 € | N9: 45361 | O9: 763 672,00 € | P9: 15448,00 € | Q9: 2,06 % | R9: 33.333333
A10: OBLIGATION | B10: USD | C10: IHYA | D10: IE00BYXYYL56 | E10: BB 45, B 38, CCC and below 17 | F10: 3.6 YEAR | G10: 6.85
A11: OBLIGATION | B11: USD | C11: ID30 | D11: IE0008TDJ461 | E11: US CORPORATE, A or AA 42 BBB 48 | F11: 45656 | G11: 4.6
L15: 1

Sheet Historique
B1: PRODUCT | D1: DATE | E1: 2023 | F1: 9 | G1: 15 | I1: TYPE | J1: DAILY
B2: IE0000UJ3480 | D2: IE000ZOI8OK5 | F2: IE000BWITBP9 | H2: IE000GUOATN7 | J2: IE000WA6L436 | L2: IE000I1D7D10 | N2: IE0008UEVOE0 | P2: IE00B5BMR087 | T2: US46436E3797
B3: 28ID | D3: IB27 | F3: 26ID | H3: IB25 | J3: CEBE | L3: DI27 | N3: IVOA | P3: CSPX | R3: IBHI | T3: IHYA | V3: EURUSD
A4: =IFERROR(__xludf.DUMMYFUNCTION("GOOGLEFINANCE(B$3, ""price"", DATE($E$1, $F$1, $G$1), TODAY(), $J$1)"),"Date") -> Date | B4: =IFERROR(__xludf.DUMMYFUNCTION("""COMPUTED_VALUE"""),"Close") -> Close | C4: =IFERROR(__xludf.DUMMYFUNCTION("GOOGLEFINANCE(D$3, ""price"", DATE($E$1, $F$1, $G$1), TODAY(), $J$1)"),"Date") -> Date | D4: =IFERROR(__xludf.DUMMYFUNCTION("""COMPUTED_VALUE"""),"Close") -> Close | E4: =IFERROR(__xludf.DUMMYFUNCTION("GOOGLEFINANCE(F$3, ""price"", DATE($E$1, $F$1, $G$1), TODAY(), $J$1)"),"Date") -> Date | F4: =IFERROR(__xludf.DUMMYFUNCTION("""COMPUTED_VALUE"""),"Close") -> Close | G4: =IFERROR(__xludf.DUMMYFUNCTION("GOOGLEFINANCE(H$3, ""price"", DATE($E$1, $F$1, $G$1), TODAY(), $J$1)"),"Date") -> Date | H4: =IFERROR(__xludf.DUMMYFUNCTION("""COMPUTED_VALUE"""),"Close") -> Close | I4: =IFERROR(__xludf.DUMMYFUNCTION("GOOGLEFINANCE(J$3, ""price"", DATE($E$1, $F$1, $G$1), TODAY(), $J$1)"),"Date") -> Date | J4: =IFERROR(__xludf.DUMMYFUNCTION("""COMPUTED_VALUE"""),"Close") -> Close | K4: =IFERROR(__xludf.DUMMYFUNCTION("GOOGLEFINANCE(L$3, ""price"", DATE($E$1, $F$1, $G$1), TODAY(), $J$1)"),"Date") -> Date | L4: =IFERROR(__xludf.DUMMYFUNCTION("""COMPUTED_VALUE"""),"Close") -> Close | M4: =IFERROR(__xludf.DUMMYFUNCTION("GOOGLEFINANCE(N$3, ""price"", DATE($E$1, $F$1, $G$1), TODAY(), $J$1)"),"Date") -> Date | N4: =IFERROR(__xludf.DUMMYFUNCTION("""COMPUTED_VALUE"""),"Close") -> Close | O4: =IFERROR(__xludf.DUMMYFUNCTION("GOOGLEFINANCE(P$3, ""price"", DATE($E$1, $F$1, $G$1), TODAY(), $J$1)"),"Date") -> Date | P4: =IFERROR(__xludf.DUMMYFUNCTION("""COMPUTED_VALUE"""),"Close") -> Close | Q4: =IFERROR(__xludf.DUMMYFUNCTION("GOOGLEFINANCE(R$3, ""price"", DATE($E$1, $F$1, $G$1), TODAY(), $J$1)"),"Date") -> Date | R4: =IFERROR(__xludf.DUMMYFUNCTION("""COMPUTED_VALUE"""),"Close") -> Close | S4: =IFERROR(__xludf.DUMMYFUNCTION("GOOGLEFINANCE(T$3, ""price"", DATE($E$1, $F$1, $G$1), TODAY(), $J$1)"),"Date") -> Date | T4: =IFERROR(__xludf.DUMMYFUNCTION("""COMPUTED_VALUE"""),"Close") -> Close | U4: =IFERROR(__xludf.DUMMYFUNCTION("GOOGLEFINANCE(V$3, ""price"", DATE($E$1, $F$1, $G$1), TODAY(), $J$1)"),"Date") -> Date | V4: =IFERROR(__xludf.DUMMYFUNCTION("""COMPUTED_VALUE"""),"Close") -> Close
A5: =IFERROR(__xludf.DUMMYFUNCTION("""COMPUTED_VALUE"""),45184.73611111111) -> 45184.736 | B5: =IFERROR(__xludf.DUMMYFUNCTION("""COMPUTED_VALUE"""),93.05) -> 93.05 | C5: =IFERROR(__xludf.DUMMYFUNCTION("""COMPUTED_VALUE"""),45184.726388888885) -> 45184.726 | D5: =IFERROR(__xludf.DUMMYFUNCTION("""COMPUTED_VALUE"""),5.02) -> 5.02 | E5: =IFERROR(__xludf.DUMMYFUNCTION("""COMPUTED_VALUE"""),45184.73611111111) -> 45184.736 | F5: =IFERROR(__xludf.DUMMYFUNCTION("""COMPUTED_VALUE"""),93.43) -> 93.43 | G5: =IFERROR(__xludf.DUMMYFUNCTION("""COMPUTED_VALUE"""),45184.726388888885) -> 45184.726 | H5: =IFERROR(__xludf.DUMMYFUNCTION("""COMPUTED_VALUE"""),5.02) -> 5.02 | I5: =IFERROR(__xludf.DUMMYFUNCTION("""COMPUTED_VALUE"""),45184.726388888885) -> 45184.726 | J5: =IFERROR(__xludf.DUMMYFUNCTION("""COMPUTED_VALUE"""),5.02) -> 5.02 | K5: =IFERROR(__xludf.DUMMYFUNCTION("""COMPUTED_VALUE"""),45184.73611111111) -> 45184.736 | L5: =IFERROR(__xludf.DUMMYFUNCTION("""COMPUTED_VALUE"""),93.7) -> 93.7 | M5: =IFERROR(__xludf.DUMMYFUNCTION("""COMPUTED_VALUE"""),45184.726388888885) -> 45184.726 | N5: =IFERROR(__xludf.DUMMYFUNCTION("""COMPUTED_VALUE"""),5.02) -> 5.02 | O5: =IFERROR(__xludf.DUMMYFUNCTION("""COMPUTED_VALUE"""),45184.6875) -> 45184.688 | P5: =IFERROR(__xludf.DUMMYFUNCTION("""COMPUTED_VALUE"""),466.41) -> 466.41 | Q5: =IFERROR(__xludf.DUMMYFUNCTION("""COMPUTED_VALUE"""),45184.66666666667) -> 45184.667 | R5: =IFERROR(__xludf.DUMMYFUNCTION("""COMPUTED_VALUE"""),22.1) -> 22.1 | S5: =IFERROR(__xludf.DUMMYFUNCTION("""COMPUTED_VALUE"""),45184.6875) -> 45184.688 | T5: =IFERROR(__xludf.DUMMYFUNCTION("""COMPUTED_VALUE"""),5.96) -> 5.96 | U5: =IFERROR(__xludf.DUMMYFUNCTION("""COMPUTED_VALUE"""),45184.99861111111) -> 45184.999 | V5: =IFERROR(__xludf.DUMMYFUNCTION("""COMPUTED_VALUE"""),1.0672) -> 1.0672
A6: =IFERROR(__xludf.DUMMYFUNCTION("""COMPUTED_VALUE"""),45187.73611111111) -> 45187.736 | B6: =IFERROR(__xludf.DUMMYFUNCTION("""COMPUTED_VALUE"""),93.04) -> 93.04 | C6: =IFERROR(__xludf.DUMMYFUNCTION("""COMPUTED_VALUE"""),45187.726388888885) -> 45187.726 | D6: =IFERROR(__xludf.DUMMYFUNCTION("""COMPUTED_VALUE"""),5.02) -> 5.02 | E6: =IFERROR(__xludf.DUMMYFUNCTION("""COMPUTED_VALUE"""),45187.73611111111) -> 45187.736 | F6: =IFERROR(__xludf.DUMMYFUNCTION("""COMPUTED_VALUE"""),93.35) -> 93.35 | G6: =IFERROR(__xludf.DUMMYFUNCTION("""COMPUTED_VALUE"""),45187.726388888885) -> 45187.726 | H6: =IFERROR(__xludf.DUMMYFUNCTION("""COMPUTED_VALUE"""),5.02) -> 5.02 | I6: =IFERROR(__xludf.DUMMYFUNCTION("""COMPUTED_VALUE"""),45187.726388888885) -> 45187.726 | J6: =IFERROR(__xludf.DUMMYFUNCTION("""COMPUTED_VALUE"""),5.01) -> 5.01 | K6: =IFERROR(__xludf.DUMMYFUNCTION("""COMPUTED_VALUE"""),45187.73611111111) -> 45187.736 | L6: =IFERROR(__xludf.DUMMYFUNCTION("""COMPUTED_VALUE"""),93.65) -> 93.65 | M6: =IFERROR(__xludf.DUMMYFUNCTION("""COMPUTED_VALUE"""),45187.726388888885) -> 45187.726 | N6: =IFERROR(__xludf.DUMMYFUNCTION("""COMPUTED_VALUE"""),5.0) -> 5 | O6: =IFERROR(__xludf.DUMMYFUNCTION("""COMPUTED_VALUE"""),45187.6875) -> 45187.688 | P6: =IFERROR(__xludf.DUMMYFUNCTION("""COMPUTED_VALUE"""),466.14) -> 466.14 | Q6: =IFERROR(__xludf.DUMMYFUNCTION("""COMPUTED_VALUE"""),45187.66666666667) -> 45187.667 | R6: =IFERROR(__xludf.DUMMYFUNCTION("""COMPUTED_VALUE"""),22.08) -> 22.08 | S6: =IFERROR(__xludf.DUMMYFUNCTION("""COMPUTED_VALUE"""),45187.6875) -> 45187.688 | T6: =IFERROR(__xludf.DUMMYFUNCTION("""COMPUTED_VALUE"""),5.96) -> 5.96 | U6: =IFERROR(__xludf.DUMMYFUNCTION("""COMPUTED_VALUE"""),45185.99861111111) -> 45185.999 | V6: =IFERROR(__xludf.DUMMYFUNCTION("""COMPUTED_VALUE"""),1.0672) -> 1.0672
A7: =IFERROR(__xludf.DUMMYFUNCTION("""COMPUTED_VALUE"""),45188.73611111111) -> 45188.736 | B7: =IFERROR(__xludf.DUMMYFUNCTION("""COMPUTED_VALUE"""),92.79) -> 92.79 | C7: =IFERROR(__xludf.DUMMYFUNCTION("""COMPUTED_VALUE"""),45188.726388888885) -> 45188.726 | D7: =IFERROR(__xludf.DUMMYFUNCTION("""COMPUTED_VALUE"""),5.01) -> 5.01 | E7: =IFERROR(__xludf.DUMMYFUNCTION("""COMPUTED_VALUE"""),45188.73611111111) -> 45188.736 | F7: =IFERROR(__xludf.DUMMYFUNCTION("""COMPUTED_VALUE"""),93.23) -> 93.23 | G7: =IFERROR(__xludf.DUMMYFUNCTION("""COMPUTED_VALUE"""),45188.726388888885) -> 45188.726 | H7: =IFERROR(__xludf.DUMMYFUNCTION("""COMPUTED_VALUE"""),5.01) -> 5.01 | I7: =IFERROR(__xludf.DUMMYFUNCTION("""COMPUTED_VALUE"""),45188.726388888885) -> 45188.726 | J7: =IFERROR(__xludf.DUMMYFUNCTION("""COMPUTED_VALUE"""),5.01) -> 5.01 | K7: =IFERROR(__xludf.DUMMYFUNCTION("""COMPUTED_VALUE"""),45188.73611111111) -> 45188.736 | L7: =IFERROR(__xludf.DUMMYFUNCTION("""COMPUTED_VALUE"""),93.45) -> 93.45 | M7: =IFERROR(__xludf.DUMMYFUNCTION("""COMPUTED_VALUE"""),45188.726388888885) -> 45188.726 | N7: =IFERROR(__xludf.DUMMYFUNCTION("""COMPUTED_VALUE"""),5.0) -> 5 | O7: =IFERROR(__xludf.DUMMYFUNCTION("""COMPUTED_VALUE"""),45188.6875) -> 45188.688 | P7: =IFERROR(__xludf.DUMMYFUNCTION("""COMPUTED_VALUE"""),462.58) -> 462.58 | Q7: =IFERROR(__xludf.DUMMYFUNCTION("""COMPUTED_VALUE"""),45188.66666666667) -> 45188.667 | R7: =IFERROR(__xludf.DUMMYFUNCTION("""COMPUTED_VALUE"""),22.02) -> 22.02 | S7: =IFERROR(__xludf.DUMMYFUNCTION("""COMPUTED_VALUE"""),45188.6875) -> 45188.688 | T7: =IFERROR(__xludf.DUMMYFUNCTION("""COMPUTED_VALUE"""),5.95) -> 5.95 | U7: =IFERROR(__xludf.DUMMYFUNCTION("""COMPUTED_VALUE"""),45186.99861111111) -> 45186.999 | V7: =IFERROR(__xludf.DUMMYFUNCTION("""COMPUTED_VALUE"""),1.06677) -> 1.06677
A8: =IFERROR(__xludf.DUMMYFUNCTION("""COMPUTED_VALUE"""),45189.73611111111) -> 45189.736 | B8: =IFERROR(__xludf.DUMMYFUNCTION("""COMPUTED_VALUE"""),92.63) -> 92.63 | C8: =IFERROR(__xludf.DUMMYFUNCTION("""COMPUTED_VALUE"""),45189.726388888885) -> 45189.726 | D8: =IFERROR(__xludf.DUMMYFUNCTION("""COMPUTED_VALUE"""),5.01) -> 5.01 | E8: =IFERROR(__xludf.DUMMYFUNCTION("""COMPUTED_VALUE"""),45189.73611111111) -> 45189.736 | F8: =IFERROR(__xludf.DUMMYFUNCTION("""COMPUTED_VALUE"""),93.09) -> 93.09 | G8: =IFERROR(__xludf.DUMMYFUNCTION("""COMPUTED_VALUE"""),45189.726388888885) -> 45189.726 | H8: =IFERROR(__xludf.DUMMYFUNCTION("""COMPUTED_VALUE"""),5.01) -> 5.01 | I8: =IFERROR(__xludf.DUMMYFUNCTION("""COMPUTED_VALUE"""),45189.726388888885) -> 45189.726 | J8: =IFERROR(__xludf.DUMMYFUNCTION("""COMPUTED_VALUE"""),5.01) -> 5.01 | K8: =IFERROR(__xludf.DUMMYFUNCTION("""COMPUTED_VALUE"""),45189.73611111111) -> 45189.736 | L8: =IFERROR(__xludf.DUMMYFUNCTION("""COMPUTED_VALUE"""),93.28) -> 93.28 | M8: =IFERROR(__xludf.DUMMYFUNCTION("""COMPUTED_VALUE"""),45189.726388888885) -> 45189.726 | N8: =IFERROR(__xludf.DUMMYFUNCTION("""COMPUTED_VALUE"""),5.0) -> 5 | O8: =IFERROR(__xludf.DUMMYFUNCTION("""COMPUTED_VALUE"""),45189.6875) -> 45189.688 | P8: =IFERROR(__xludf.DUMMYFUNCTION("""COMPUTED_VALUE"""),465.21) -> 465.21 | Q8: =IFERROR(__xludf.DUMMYFUNCTION("""COMPUTED_VALUE"""),45189.66666666667) -> 45189.667 | R8: =IFERROR(__xludf.DUMMYFUNCTION("""COMPUTED_VALUE"""),22.01) -> 22.01 | S8: =IFERROR(__xludf.DUMMYFUNCTION("""COMPUTED_VALUE"""),45189.6875) -> 45189.688 | T8: =IFERROR(__xludf.DUMMYFUNCTION("""COMPUTED_VALUE"""),5.96) -> 5.96 | U8: =IFERROR(__xludf.DUMMYFUNCTION("""COMPUTED_VALUE"""),45187.99861111111) -> 45187.999 | V8: =IFERROR(__xludf.DUMMYFUNCTION("""COMPUTED_VALUE"""),1.06919) -> 1.06919
A9: =IFERROR(__xludf.DUMMYFUNCTION("""COMPUTED_VALUE"""),45190.73611111111) -> 45190.736 | B9: =IFERROR(__xludf.DUMMYFUNCTION("""COMPUTED_VALUE"""),92.45) -> 92.45 | C9: =IFERROR(__xludf.DUMMYFUNCTION("""COMPUTED_VALUE"""),45190.726388888885) -> 45190.726 | D9: =IFERROR(__xludf.DUMMYFUNCTION("""COMPUTED_VALUE"""),5.0) -> 5 | E9: =IFERROR(__xludf.DUMMYFUNCTION("""COMPUTED_VALUE"""),45190.73611111111) -> 45190.736 | F9: =IFERROR(__xludf.DUMMYFUNCTION("""COMPUTED_VALUE"""),93.33) -> 93.33 | G9: =IFERROR(__xludf.DUMMYFUNCTION("""COMPUTED_VALUE"""),45190.726388888885) -> 45190.726 | H9: =IFERROR(__xludf.DUMMYFUNCTION("""COMPUTED_VALUE"""),5.01) -> 5.01 | I9: =IFERROR(__xludf.DUMMYFUNCTION("""COMPUTED_VALUE"""),45190.726388888885) -> 45190.726 | J9: =IFERROR(__xludf.DUMMYFUNCTION("""COMPUTED_VALUE"""),5.01) -> 5.01 | K9: =IFERROR(__xludf.DUMMYFUNCTION("""COMPUTED_VALUE"""),45191.73611111111) -> 45191.736 | L9: =IFERROR(__xludf.DUMMYFUNCTION("""COMPUTED_VALUE"""),93.54) -> 93.54 | M9: =IFERROR(__xludf.DUMMYFUNCTION("""COMPUTED_VALUE"""),45190.726388888885) -> 45190.726 | N9: =IFERROR(__xludf.DUMMYFUNCTION("""COMPUTED_VALUE"""),5.0) -> 5 | O9: =IFERROR(__xludf.DUMMYFUNCTION("""COMPUTED_VALUE"""),45190.6875) -> 45190.688 | P9: =IFERROR(__xludf.DUMMYFUNCTION("""COMPUTED_VALUE"""),455.54) -> 455.54 | Q9: =IFERROR(__xludf.DUMMYFUNCTION("""COMPUTED_VALUE"""),45190.66666666667) -> 45190.667 | R9: =IFERROR(__xludf.DUMMYFUNCTION("""COMPUTED_VALUE"""),21.85) -> 21.85 | S9: =IFERROR(__xludf.DUMMYFUNCTION("""COMPUTED_VALUE"""),45190.6875) -> 45190.688 | T9: =IFERROR(__xludf.DUMMYFUNCTION("""COMPUTED_VALUE"""),5.91) -> 5.91 | U9: =IFERROR(__xludf.DUMMYFUNCTION("""COMPUTED_VALUE"""),45188.99861111111) -> 45188.999 | V9: =IFERROR(__xludf.DUMMYFUNCTION("""COMPUTED_VALUE"""),1.06814) -> 1.06814
A10: =IFERROR(__xludf.DUMMYFUNCTION("""COMPUTED_VALUE"""),45191.73611111111) -> 45191.736 | B10: =IFERROR(__xludf.DUMMYFUNCTION("""COMPUTED_VALUE"""),92.85) -> 92.85 | C10: =IFERROR(__xludf.DUMMYFUNCTION("""COMPUTED_VALUE"""),45194.726388888885) -> 45194.726 | D10: =IFERROR(__xludf.DUMMYFUNCTION("""COMPUTED_VALUE"""),5.0) -> 5 | E10: =IFERROR(__xludf.DUMMYFUNCTION("""COMPUTED_VALUE"""),45191.73611111111) -> 45191.736 | F10: =IFERROR(__xludf.DUMMYFUNCTION("""COMPUTED_VALUE"""),93.49) -> 93.49 | G10: =IFERROR(__xludf.DUMMYFUNCTION("""COMPUTED_VALUE"""),45191.726388888885) -> 45191.726 | H10: =IFERROR(__xludf.DUMMYFUNCTION("""COMPUTED_VALUE"""),5.01) -> 5.01 | I10: =IFERROR(__xludf.DUMMYFUNCTION("""COMPUTED_VALUE"""),45191.726388888885) -> 45191.726 | J10: =IFERROR(__xludf.DUMMYFUNCTION("""COMPUTED_VALUE"""),5.0) -> 5 | K10: =IFERROR(__xludf.DUMMYFUNCTION("""COMPUTED_VALUE"""),45194.73611111111) -> 45194.736 | L10: =IFERROR(__xludf.DUMMYFUNCTION("""COMPUTED_VALUE"""),94.14) -> 94.14 | M10: =IFERROR(__xludf.DUMMYFUNCTION("""COMPUTED_VALUE"""),45191.726388888885) -> 45191.726 | N10: =IFERROR(__xludf.DUMMYFUNCTION("""COMPUTED_VALUE"""),5.0) -> 5 | O10: =IFERROR(__xludf.DUMMYFUNCTION("""COMPUTED_VALUE"""),45191.6875) -> 45191.688 | P10: =IFERROR(__xludf.DUMMYFUNCTION("""COMPUTED_VALUE"""),455.12) -> 455.12 | Q10: =IFERROR(__xludf.DUMMYFUNCTION("""COMPUTED_VALUE"""),45191.66666666667) -> 45191.667 | R10: =IFERROR(__xludf.DUMMYFUNCTION("""COMPUTED_VALUE"""),21.88) -> 21.88 | S10: =IFERROR(__xludf.DUMMYFUNCTION("""COMPUTED_VALUE"""),45191.6875) -> 45191.688 | T10: =IFERROR(__xludf.DUMMYFUNCTION("""COMPUTED_VALUE"""),5.93) -> 5.93 | U10: =IFERROR(__xludf.DUMMYFUNCTION("""COMPUTED_VALUE"""),45189.99861111111) -> 45189.999 | V10: =IFERROR(__xludf.DUMMYFUNCTION("""COMPUTED_VALUE"""),1.06513) -> 1.06513
A11: =IFERROR(__xludf.DUMMYFUNCTION("""COMPUTED_VALUE"""),45194.73611111111) -> 45194.736 | B11: =IFERROR(__xludf.DUMMYFUNCTION("""COMPUTED_VALUE"""),93.29) -> 93.29 | C11: =IFERROR(__xludf.DUMMYFUNCTION("""COMPUTED_VALUE"""),45195.726388888885) -> 45195.726 | D11: =IFERROR(__xludf.DUMMYFUNCTION("""COMPUTED_VALUE"""),5.0) -> 5 | E11: =IFERROR(__xludf.DUMMYFUNCTION("""COMPUTED_VALUE"""),45194.73611111111) -> 45194.736 | F11: =IFERROR(__xludf.DUMMYFUNCTION("""COMPUTED_VALUE"""),94.16) -> 94.16 | G11: =IFERROR(__xludf.DUMMYFUNCTION("""COMPUTED_VALUE"""),45194.726388888885) -> 45194.726 | H11: =IFERROR(__xludf.DUMMYFUNCTION("""COMPUTED_VALUE"""),5.01) -> 5.01 | I11: =IFERROR(__xludf.DUMMYFUNCTION("""COMPUTED_VALUE"""),45194.726388888885) -> 45194.726 | J11: =IFERROR(__xludf.DUMMYFUNCTION("""COMPUTED_VALUE"""),5.01) -> 5.01 | K11: =IFERROR(__xludf.DUMMYFUNCTION("""COMPUTED_VALUE"""),45195.73611111111) -> 45195.736 | L11: =IFERROR(__xludf.DUMMYFUNCTION("""COMPUTED_VALUE"""),94.06) -> 94.06 | M11: =IFERROR(__xludf.DUMMYFUNCTION("""COMPUTED_VALUE"""),45194.726388888885) -> 45194.726 | N11: =IFERROR(__xludf.DUMMYFUNCTION("""COMPUTED_VALUE"""),4.99) -> 4.99 | O11: =IFERROR(__xludf.DUMMYFUNCTION("""COMPUTED_VALUE"""),45194.6875) -> 45194.688 | P11: =IFERROR(__xludf.DUMMYFUNCTION("""COMPUTED_VALUE"""),452.21) -> 452.21 | Q11: =IFERROR(__xludf.DUMMYFUNCTION("""COMPUTED_VALUE"""),45194.66666666667) -> 45194.667 | R11: =IFERROR(__xludf.DUMMYFUNCTION("""COMPUTED_VALUE"""),21.82) -> 21.82 | S11: =IFERROR(__xludf.DUMMYFUNCTION("""COMPUTED_VALUE"""),45194.6875) -> 45194.688 | T11: =IFERROR(__xludf.DUMMYFUNCTION("""COMPUTED_VALUE"""),5.9) -> 5.9 | U11: =IFERROR(__xludf.DUMMYFUNCTION("""COMPUTED_VALUE"""),45190.99861111111) -> 45190.999 | V11: =IFERROR(__xludf.DUMMYFUNCTION("""COMPUTED_VALUE"""),1.06606) -> 1.06606
A12: =IFERROR(__xludf.DUMMYFUNCTION("""COMPUTED_VALUE"""),45195.73611111111) -> 45195.736 | B12: =IFERROR(__xludf.DUMMYFUNCTION("""COMPUTED_VALUE"""),93.17) -> 93.17 | C12: =IFERROR(__xludf.DUMMYFUNCTION("""COMPUTED_VALUE"""),45196.726388888885) -> 45196.726 | D12: =IFERROR(__xludf.DUMMYFUNCTION("""COMPUTED_VALUE"""),4.99) -> 4.99 | E12: =IFERROR(__xludf.DUMMYFUNCTION("""COMPUTED_VALUE"""),45195.73611111111) -> 45195.736 | F12: =IFERROR(__xludf.DUMMYFUNCTION("""COMPUTED_VALUE"""),94.09) -> 94.09 | G12: =IFERROR(__xludf.DUMMYFUNCTION("""COMPUTED_VALUE"""),45195.726388888885) -> 45195.726 | H12: =IFERROR(__xludf.DUMMYFUNCTION("""COMPUTED_VALUE"""),5.02) -> 5.02 | I12: =IFERROR(__xludf.DUMMYFUNCTION("""COMPUTED_VALUE"""),45195.726388888885) -> 45195.726 | J12: =IFERROR(__xludf.DUMMYFUNCTION("""COMPUTED_VALUE"""),5.01) -> 5.01 | K12: =IFERROR(__xludf.DUMMYFUNCTION("""COMPUTED_VALUE"""),45196.73611111111) -> 45196.736 | L12: =IFERROR(__xludf.DUMMYFUNCTION("""COMPUTED_VALUE"""),94.58) -> 94.58 | M12: =IFERROR(__xludf.DUMMYFUNCTION("""COMPUTED_VALUE"""),45195.726388888885) -> 45195.726 | N12: =IFERROR(__xludf.DUMMYFUNCTION("""COMPUTED_VALUE"""),4.99) -> 4.99 | O12: =IFERROR(__xludf.DUMMYFUNCTION("""COMPUTED_VALUE"""),45195.6875) -> 45195.688 | P12: =IFERROR(__xludf.DUMMYFUNCTION("""COMPUTED_VALUE"""),447.97) -> 447.97 | Q12: =IFERROR(__xludf.DUMMYFUNCTION("""COMPUTED_VALUE"""),45195.66666666667) -> 45195.667 | R12: =IFERROR(__xludf.DUMMYFUNCTION("""COMPUTED_VALUE"""),21.71) -> 21.71 | S12: =IFERROR(__xludf.DUMMYFUNCTION("""COMPUTED_VALUE"""),45195.6875) -> 45195.688 | T12: =IFERROR(__xludf.DUMMYFUNCTION("""COMPUTED_VALUE"""),5.89) -> 5.89 | U12: =IFERROR(__xludf.DUMMYFUNCTION("""COMPUTED_VALUE"""),45191.99861111111) -> 45191.999 | V12: =IFERROR(__xludf.DUMMYFUNCTION("""COMPUTED_VALUE"""),1.0671) -> 1.0671
A13: =IFERROR(__xludf.DUMMYFUNCTION("""COMPUTED_VALUE"""),45196.73611111111) -> 45196.736 | B13: =IFERROR(__xludf.DUMMYFUNCTION("""COMPUTED_VALUE"""),93.69) -> 93.69 | C13: =IFERROR(__xludf.DUMMYFUNCTION("""COMPUTED_VALUE"""),45197.726388888885) -> 45197.726 | D13: =IFERROR(__xludf.DUMMYFUNCTION("""COMPUTED_VALUE"""),4.98) -> 4.98 | E13: =IFERROR(__xludf.DUMMYFUNCTION("""COMPUTED_VALUE"""),45196.73611111111) -> 45196.736 | F13: =IFERROR(__xludf.DUMMYFUNCTION("""COMPUTED_VALUE"""),94.61) -> 94.61 | G13: =IFERROR(__xludf.DUMMYFUNCTION("""COMPUTED_VALUE"""),45196.726388888885) -> 45196.726 | H13: =IFERROR(__xludf.DUMMYFUNCTION("""COMPUTED_VALUE"""),5.01) -> 5.01 | I13: =IFERROR(__xludf.DUMMYFUNCTION("""COMPUTED_VALUE"""),45196.726388888885) -> 45196.726 | J13: =IFERROR(__xludf.DUMMYFUNCTION("""COMPUTED_VALUE"""),5.01) -> 5.01 | K13: =IFERROR(__xludf.DUMMYFUNCTION("""COMPUTED_VALUE"""),45197.73611111111) -> 45197.736 | L13: =IFERROR(__xludf.DUMMYFUNCTION("""COMPUTED_VALUE"""),94.01) -> 94.01 | M13: =IFERROR(__xludf.DUMMYFUNCTION("""COMPUTED_VALUE"""),45196.726388888885) -> 45196.726 | N13: =IFERROR(__xludf.DUMMYFUNCTION("""COMPUTED_VALUE"""),4.97) -> 4.97 | O13: =IFERROR(__xludf.DUMMYFUNCTION("""COMPUTED_VALUE"""),45196.6875) -> 45196.688 | P13: =IFERROR(__xludf.DUMMYFUNCTION("""COMPUTED_VALUE"""),446.76) -> 446.76 | Q13: =IFERROR(__xludf.DUMMYFUNCTION("""COMPUTED_VALUE"""),45196.66666666667) -> 45196.667 | R13: =IFERROR(__xludf.DUMMYFUNCTION("""COMPUTED_VALUE"""),21.7) -> 21.7 | S13: =IFERROR(__xludf.DUMMYFUNCTION("""COMPUTED_VALUE"""),45196.6875) -> 45196.688 | T13: =IFERROR(__xludf.DUMMYFUNCTION("""COMPUTED_VALUE"""),5.89) -> 5.89 | U13: =IFERROR(__xludf.DUMMYFUNCTION("""COMPUTED_VALUE"""),45192.99861111111) -> 45192.999 | V13: =IFERROR(__xludf.DUMMYFUNCTION("""COMPUTED_VALUE"""),1.0671) -> 1.0671
A14: =IFERROR(__xludf.DUMMYFUNCTION("""COMPUTED_VALUE"""),45197.73611111111) -> 45197.736 | B14: =IFERROR(__xludf.DUMMYFUNCTION("""COMPUTED_VALUE"""),92.91) -> 92.91 | C14: =IFERROR(__xludf.DUMMYFUNCTION("""COMPUTED_VALUE"""),45198.726388888885) -> 45198.726 | D14: =IFERROR(__xludf.DUMMYFUNCTION("""COMPUTED_VALUE"""),5.0) -> 5 | E14: =IFERROR(__xludf.DUMMYFUNCTION("""COMPUTED_VALUE"""),45197.73611111111) -> 45197.736 | F14: =IFERROR(__xludf.DUMMYFUNCTION("""COMPUTED_VALUE"""),94.2) -> 94.2 | G14: =IFERROR(__xludf.DUMMYFUNCTION("""COMPUTED_VALUE"""),45197.726388888885) -> 45197.726 | H14: =IFERROR(__xludf.DUMMYFUNCTION("""COMPUTED_VALUE"""),5.01) -> 5.01 | I14: =IFERROR(__xludf.DUMMYFUNCTION("""COMPUTED_VALUE"""),45197.726388888885) -> 45197.726 | J14: =IFERROR(__xludf.DUMMYFUNCTION("""COMPUTED_VALUE"""),4.99) -> 4.99 | K14: =IFERROR(__xludf.DUMMYFUNCTION("""COMPUTED_VALUE"""),45198.73611111111) -> 45198.736 | L14: =IFERROR(__xludf.DUMMYFUNCTION("""COMPUTED_VALUE"""),94.15) -> 94.15 | M14: =IFERROR(__xludf.DUMMYFUNCTION("""COMPUTED_VALUE"""),45197.726388888885) -> 45197.726 | N14: =IFERROR(__xludf.DUMMYFUNCTION("""COMPUTED_VALUE"""),4.95) -> 4.95 | O14: =IFERROR(__xludf.DUMMYFUNCTION("""COMPUTED_VALUE"""),45197.6875) -> 45197.688 | P14: =IFERROR(__xludf.DUMMYFUNCTION("""COMPUTED_VALUE"""),449.56) -> 449.56 | Q14: =IFERROR(__xludf.DUMMYFUNCTION("""COMPUTED_VALUE"""),45197.66666666667) -> 45197.667 | R14: =IFERROR(__xludf.DUMMYFUNCTION("""COMPUTED_VALUE"""),21.85) -> 21.85 | S14: =IFERROR(__xludf.DUMMYFUNCTION("""COMPUTED_VALUE"""),45197.6875) -> 45197.688 | T14: =IFERROR(__xludf.DUMMYFUNCTION("""COMPUTED_VALUE"""),5.88) -> 5.88 | U14: =IFERROR(__xludf.DUMMYFUNCTION("""COMPUTED_VALUE"""),45193.99861111111) -> 45193.999 | V14: =IFERROR(__xludf.DUMMYFUNCTION("""COMPUTED_VALUE"""),1.0646) -> 1.0646
A15: =IFERROR(__xludf.DUMMYFUNCTION("""COMPUTED_VALUE"""),45198.73611111111) -> 45198.736 | B15: =IFERROR(__xludf.DUMMYFUNCTION("""COMPUTED_VALUE"""),93.31) -> 93.31 | C15: =IFERROR(__xludf.DUMMYFUNCTION("""COMPUTED_VALUE"""),45201.726388888885) -> 45201.726 | D15: =IFERROR(__xludf.DUMMYFUNCTION("""COMPUTED_VALUE"""),5.0) -> 5 | E15: =IFERROR(__xludf.DUMMYFUNCTION("""COMPUTED_VALUE"""),45198.73611111111) -> 45198.736 | F15: =IFERROR(__xludf.DUMMYFUNCTION("""COMPUTED_VALUE"""),94.26) -> 94.26 | G15: =IFERROR(__xludf.DUMMYFUNCTION("""COMPUTED_VALUE"""),45198.726388888885) -> 45198.726 | H15: =IFERROR(__xludf.DUMMYFUNCTION("""COMPUTED_VALUE"""),5.02) -> 5.02 | I15: =IFERROR(__xludf.DUMMYFUNCTION("""COMPUTED_VALUE"""),45198.726388888885) -> 45198.726 | J15: =IFERROR(__xludf.DUMMYFUNCTION("""COMPUTED_VALUE"""),5.01) -> 5.01 | K15: =IFERROR(__xludf.DUMMYFUNCTION("""COMPUTED_VALUE"""),45201.73611111111) -> 45201.736 | L15: =IFERROR(__xludf.DUMMYFUNCTION("""COMPUTED_VALUE"""),94.4) -> 94.4 | M15: =IFERROR(__xludf.DUMMYFUNCTION("""COMPUTED_VALUE"""),45198.726388888885) -> 45198.726 | N15: =IFERROR(__xludf.DUMMYFUNCTION("""COMPUTED_VALUE"""),4.99) -> 4.99 | O15: =IFERROR(__xludf.DUMMYFUNCTION("""COMPUTED_VALUE"""),45198.6875) -> 45198.688 | P15: =IFERROR(__xludf.DUMMYFUNCTION("""COMPUTED_VALUE"""),450.75) -> 450.75 | Q15: =IFERROR(__xludf.DUMMYFUNCTION("""COMPUTED_VALUE"""),45198.66666666667) -> 45198.667 | R15: =IFERROR(__xludf.DUMMYFUNCTION("""COMPUTED_VALUE"""),21.8) -> 21.8 | S15: =IFERROR(__xludf.DUMMYFUNCTION("""COMPUTED_VALUE"""),45198.6875) -> 45198.688 | T15: =IFERROR(__xludf.DUMMYFUNCTION("""COMPUTED_VALUE"""),5.91) -> 5.91 | U15: =IFERROR(__xludf.DUMMYFUNCTION("""COMPUTED_VALUE"""),45194.99861111111) -> 45194.999 | V15: =IFERROR(__xludf.DUMMYFUNCTION("""COMPUTED_VALUE"""),1.05913) -> 1.05913
A16: =IFERROR(__xludf.DUMMYFUNCTION("""COMPUTED_VALUE"""),45201.73611111111) -> 45201.736 | B16: =IFERROR(__xludf.DUMMYFUNCTION("""COMPUTED_VALUE"""),93.46) -> 93.46 | C16: =IFERROR(__xludf.DUMMYFUNCTION("""COMPUTED_VALUE"""),45202.726388888885) -> 45202.726 | D16: =IFERROR(__xludf.DUMMYFUNCTION("""COMPUTED_VALUE"""),5.0) -> 5 | E16: =IFERROR(__xludf.DUMMYFUNCTION("""COMPUTED_VALUE"""),45201.73611111111) -> 45201.736 | F16: =IFERROR(__xludf.DUMMYFUNCTION("""COMPUTED_VALUE"""),94.69) -> 94.69 | G16: =IFERROR(__xludf.DUMMYFUNCTION("""COMPUTED_VALUE"""),45201.726388888885) -> 45201.726 | H16: =IFERROR(__xludf.DUMMYFUNCTION("""COMPUTED_VALUE"""),5.01) -> 5.01 | I16: =IFERROR(__xludf.DUMMYFUNCTION("""COMPUTED_VALUE"""),45201.726388888885) -> 45201.726 | J16: =IFERROR(__xludf.DUMMYFUNCTION("""COMPUTED_VALUE"""),5.0) -> 5 | K16: =IFERROR(__xludf.DUMMYFUNCTION("""COMPUTED_VALUE"""),45202.73611111111) -> 45202.736 | L16: =IFERROR(__xludf.DUMMYFUNCTION("""COMPUTED_VALUE"""),94.44) -> 94.44 | M16: =IFERROR(__xludf.DUMMYFUNCTION("""COMPUTED_VALUE"""),45201.726388888885) -> 45201.726 | N16: =IFERROR(__xludf.DUMMYFUNCTION("""COMPUTED_VALUE"""),4.97) -> 4.97 | O16: =IFERROR(__xludf.DUMMYFUNCTION("""COMPUTED_VALUE"""),45201.6875) -> 45201.688 | P16: =IFERROR(__xludf.DUMMYFUNCTION("""COMPUTED_VALUE"""),449.02) -> 449.02 | Q16: =IFERROR(__xludf.DUMMYFUNCTION("""COMPUTED_VALUE"""),45201.66666666667) -> 45201.667 | R16: =IFERROR(__xludf.DUMMYFUNCTION("""COMPUTED_VALUE"""),21.56) -> 21.56 | S16: =IFERROR(__xludf.DUMMYFUNCTION("""COMPUTED_VALUE"""),45201.6875) -> 45201.688 | T16: =IFERROR(__xludf.DUMMYFUNCTION("""COMPUTED_VALUE"""),5.87) -> 5.87 | U16: =IFERROR(__xludf.DUMMYFUNCTION("""COMPUTED_VALUE"""),45195.99861111111) -> 45195.999 | V16: =IFERROR(__xludf.DUMMYFUNCTION("""COMPUTED_VALUE"""),1.05692) -> 1.05692
A17: =IFERROR(__xludf.DUMMYFUNCTION("""COMPUTED_VALUE"""),45202.73611111111) -> 45202.736 | B17: =IFERROR(__xludf.DUMMYFUNCTION("""COMPUTED_VALUE"""),93.4) -> 93.4 | C17: =IFERROR(__xludf.DUMMYFUNCTION("""COMPUTED_VALUE"""),45203.726388888885) -> 45203.726 | D17: =IFERROR(__xludf.DUMMYFUNCTION("""COMPUTED_VALUE"""),4.99) -> 4.99 | E17: =IFERROR(__xludf.DUMMYFUNCTION("""COMPUTED_VALUE"""),45202.73611111111) -> 45202.736 | F17: =IFERROR(__xludf.DUMMYFUNCTION("""COMPUTED_VALUE"""),94.76) -> 94.76 | G17: =IFERROR(__xludf.DUMMYFUNCTION("""COMPUTED_VALUE"""),45202.726388888885) -> 45202.726 | H17: =IFERROR(__xludf.DUMMYFUNCTION("""COMPUTED_VALUE"""),5.02) -> 5.02 | I17: =IFERROR(__xludf.DUMMYFUNCTION("""COMPUTED_VALUE"""),45202.726388888885) -> 45202.726 | J17: =IFERROR(__xludf.DUMMYFUNCTION("""COMPUTED_VALUE"""),5.0) -> 5 | K17: =IFERROR(__xludf.DUMMYFUNCTION("""COMPUTED_VALUE"""),45203.73611111111) -> 45203.736 | L17: =IFERROR(__xludf.DUMMYFUNCTION("""COMPUTED_VALUE"""),94.17) -> 94.17 | M17: =IFERROR(__xludf.DUMMYFUNCTION("""COMPUTED_VALUE"""),45202.726388888885) -> 45202.726 | N17: =IFERROR(__xludf.DUMMYFUNCTION("""COMPUTED_VALUE"""),4.97) -> 4.97 | O17: =IFERROR(__xludf.DUMMYFUNCTION("""COMPUTED_VALUE"""),45202.6875) -> 45202.688 | P17: =IFERROR(__xludf.DUMMYFUNCTION("""COMPUTED_VALUE"""),441.6) -> 441.6 | Q17: =IFERROR(__xludf.DUMMYFUNCTION("""COMPUTED_VALUE"""),45202.66666666667) -> 45202.667 | R17: =IFERROR(__xludf.DUMMYFUNCTION("""COMPUTED_VALUE"""),21.28) -> 21.28 | S17: =IFERROR(__xludf.DUMMYFUNCTION("""COMPUTED_VALUE"""),45202.6875) -> 45202.688 | T17: =IFERROR(__xludf.DUMMYFUNCTION("""COMPUTED_VALUE"""),5.82) -> 5.82 | U17: =IFERROR(__xludf.DUMMYFUNCTION("""COMPUTED_VALUE"""),45196.99861111111) -> 45196.999 | V17: =IFERROR(__xludf.DUMMYFUNCTION("""COMPUTED_VALUE"""),1.0505) -> 1.0505
A18: =IFERROR(__xludf.DUMMYFUNCTION("""COMPUTED_VALUE"""),45204.73611111111) -> 45204.736 | B18: =IFERROR(__xludf.DUMMYFUNCTION("""COMPUTED_VALUE"""),93.19) -> 93.19 | C18: =IFERROR(__xludf.DUMMYFUNCTION("""COMPUTED_VALUE"""),45204.726388888885) -> 45204.726 | D18: =IFERROR(__xludf.DUMMYFUNCTION("""COMPUTED_VALUE"""),5.0) -> 5 | E18: =IFERROR(__xludf.DUMMYFUNCTION("""COMPUTED_VALUE"""),45204.73611111111) -> 45204.736 | F18: =IFERROR(__xludf.DUMMYFUNCTION("""COMPUTED_VALUE"""),94.59) -> 94.59 | G18: =IFERROR(__xludf.DUMMYFUNCTION("""COMPUTED_VALUE"""),45203.726388888885) -> 45203.726 | H18: =IFERROR(__xludf.DUMMYFUNCTION("""COMPUTED_VALUE"""),5.02) -> 5.02 | I18: =IFERROR(__xludf.DUMMYFUNCTION("""COMPUTED_VALUE"""),45203.726388888885) -> 45203.726 | J18: =IFERROR(__xludf.DUMMYFUNCTION("""COMPUTED_VALUE"""),4.99) -> 4.99 | K18: =IFERROR(__xludf.DUMMYFUNCTION("""COMPUTED_VALUE"""),45204.73611111111) -> 45204.736 | L18: =IFERROR(__xludf.DUMMYFUNCTION("""COMPUTED_VALUE"""),94.17) -> 94.17 | M18: =IFERROR(__xludf.DUMMYFUNCTION("""COMPUTED_VALUE"""),45203.726388888885) -> 45203.726 | N18: =IFERROR(__xludf.DUMMYFUNCTION("""COMPUTED_VALUE"""),4.96) -> 4.96 | O18: =IFERROR(__xludf.DUMMYFUNCTION("""COMPUTED_VALUE"""),45203.6875) -> 45203.688 | P18: =IFERROR(__xludf.DUMMYFUNCTION("""COMPUTED_VALUE"""),443.3) -> 443.3 | Q18: =IFERROR(__xludf.DUMMYFUNCTION("""COMPUTED_VALUE"""),45203.66666666667) -> 45203.667 | R18: =IFERROR(__xludf.DUMMYFUNCTION("""COMPUTED_VALUE"""),21.38) -> 21.38 | S18: =IFERROR(__xludf.DUMMYFUNCTION("""COMPUTED_VALUE"""),45203.6875) -> 45203.688 | T18: =IFERROR(__xludf.DUMMYFUNCTION("""COMPUTED_VALUE"""),5.81) -> 5.81 | U18: =IFERROR(__xludf.DUMMYFUNCTION("""COMPUTED_VALUE"""),45197.99861111111) -> 45197.999 | V18: =IFERROR(__xludf.DUMMYFUNCTION("""COMPUTED_VALUE"""),1.05621) -> 1.05621
A19: =IFERROR(__xludf.DUMMYFUNCTION("""COMPUTED_VALUE"""),45205.73611111111) -> 45205.736 | B19: =IFERROR(__xludf.DUMMYFUNCTION("""COMPUTED_VALUE"""),92.61) -> 92.61 | C19: =IFERROR(__xludf.DUMMYFUNCTION("""COMPUTED_VALUE"""),45205.726388888885) -> 45205.726 | D19: =IFERROR(__xludf.DUMMYFUNCTION("""COMPUTED_VALUE"""),5.0) -> 5 | E19: =IFERROR(__xludf.DUMMYFUNCTION("""COMPUTED_VALUE"""),45205.73611111111) -> 45205.736 | F19: =IFERROR(__xludf.DUMMYFUNCTION("""COMPUTED_VALUE"""),94.07) -> 94.07 | G19: =IFERROR(__xludf.DUMMYFUNCTION("""COMPUTED_VALUE"""),45204.726388888885) -> 45204.726 | H19: =IFERROR(__xludf.DUMMYFUNCTION("""COMPUTED_VALUE"""),5.01) -> 5.01 | I19: =IFERROR(__xludf.DUMMYFUNCTION("""COMPUTED_VALUE"""),45204.726388888885) -> 45204.726 | J19: =IFERROR(__xludf.DUMMYFUNCTION("""COMPUTED_VALUE"""),5.0) -> 5 | K19: =IFERROR(__xludf.DUMMYFUNCTION("""COMPUTED_VALUE"""),45205.73611111111) -> 45205.736 | L19: =IFERROR(__xludf.DUMMYFUNCTION("""COMPUTED_VALUE"""),93.56) -> 93.56 | M19: =IFERROR(__xludf.DUMMYFUNCTION("""COMPUTED_VALUE"""),45204.726388888885) -> 45204.726 | N19: =IFERROR(__xludf.DUMMYFUNCTION("""COMPUTED_VALUE"""),4.97) -> 4.97 | O19: =IFERROR(__xludf.DUMMYFUNCTION("""COMPUTED_VALUE"""),45204.6875) -> 45204.688 | P19: =IFERROR(__xludf.DUMMYFUNCTION("""COMPUTED_VALUE"""),442.39) -> 442.39 | Q19: =IFERROR(__xludf.DUMMYFUNCTION("""COMPUTED_VALUE"""),45204.66666666667) -> 45204.667 | R19: =IFERROR(__xludf.DUMMYFUNCTION("""COMPUTED_VALUE"""),21.42) -> 21.42 | S19: =IFERROR(__xludf.DUMMYFUNCTION("""COMPUTED_VALUE"""),45204.6875) -> 45204.688 | T19: =IFERROR(__xludf.DUMMYFUNCTION("""COMPUTED_VALUE"""),5.82) -> 5.82 | U19: =IFERROR(__xludf.DUMMYFUNCTION("""COMPUTED_VALUE"""),45198.99861111111) -> 45198.999 | V19: =IFERROR(__xludf.DUMMYFUNCTION("""COMPUTED_VALUE"""),1.0585) -> 1.0585
A20: =IFERROR(__xludf.DUMMYFUNCTION("""COMPUTED_VALUE"""),45208.73611111111) -> 45208.736 | B20: =IFERROR(__xludf.DUMMYFUNCTION("""COMPUTED_VALUE"""),93.33) -> 93.33 | C20: =IFERROR(__xludf.DUMMYFUNCTION("""COMPUTED_VALUE"""),45208.726388888885) -> 45208.726 | D20: =IFERROR(__xludf.DUMMYFUNCTION("""COMPUTED_VALUE"""),5.01) -> 5.01 | E20: =IFERROR(__xludf.DUMMYFUNCTION("""COMPUTED_VALUE"""),45208.73611111111) -> 45208.736 | F20: =IFERROR(__xludf.DUMMYFUNCTION("""COMPUTED_VALUE"""),94.59) -> 94.59 | G20: =IFERROR(__xludf.DUMMYFUNCTION("""COMPUTED_VALUE"""),45205.726388888885) -> 45205.726 | H20: =IFERROR(__xludf.DUMMYFUNCTION("""COMPUTED_VALUE"""),5.02) -> 5.02 | I20: =IFERROR(__xludf.DUMMYFUNCTION("""COMPUTED_VALUE"""),45205.726388888885) -> 45205.726 | J20: =IFERROR(__xludf.DUMMYFUNCTION("""COMPUTED_VALUE"""),5.0) -> 5 | K20: =IFERROR(__xludf.DUMMYFUNCTION("""COMPUTED_VALUE"""),45208.73611111111) -> 45208.736 | L20: =IFERROR(__xludf.DUMMYFUNCTION("""COMPUTED_VALUE"""),94.12) -> 94.12 | M20: =IFERROR(__xludf.DUMMYFUNCTION("""COMPUTED_VALUE"""),45205.726388888885) -> 45205.726 | N20: =IFERROR(__xludf.DUMMYFUNCTION("""COMPUTED_VALUE"""),4.97) -> 4.97 | O20: =IFERROR(__xludf.DUMMYFUNCTION("""COMPUTED_VALUE"""),45205.6875) -> 45205.688 | P20: =IFERROR(__xludf.DUMMYFUNCTION("""COMPUTED_VALUE"""),447.46) -> 447.46 | Q20: =IFERROR(__xludf.DUMMYFUNCTION("""COMPUTED_VALUE"""),45205.66666666667) -> 45205.667 | R20: =IFERROR(__xludf.DUMMYFUNCTION("""COMPUTED_VALUE"""),21.47) -> 21.47 | S20: =IFERROR(__xludf.DUMMYFUNCTION("""COMPUTED_VALUE"""),45205.6875) -> 45205.688 | T20: =IFERROR(__xludf.DUMMYFUNCTION("""COMPUTED_VALUE"""),5.84) -> 5.84 | U20: =IFERROR(__xludf.DUMMYFUNCTION("""COMPUTED_VALUE"""),45199.99861111111) -> 45199.999 | V20: =IFERROR(__xludf.DUMMYFUNCTION("""COMPUTED_VALUE"""),1.0585) -> 1.0585
A21: =IFERROR(__xludf.DUMMYFUNCTION("""COMPUTED_VALUE"""),45209.73611111111) -> 45209.736 | B21: =IFERROR(__xludf.DUMMYFUNCTION("""COMPUTED_VALUE"""),93.04) -> 93.04 | C21: =IFERROR(__xludf.DUMMYFUNCTION("""COMPUTED_VALUE"""),45209.726388888885) -> 45209.726 | D21: =IFERROR(__xludf.DUMMYFUNCTION("""COMPUTED_VALUE"""),5.01) -> 5.01 | E21: =IFERROR(__xludf.DUMMYFUNCTION("""COMPUTED_VALUE"""),45209.73611111111) -> 45209.736 | F21: =IFERROR(__xludf.DUMMYFUNCTION("""COMPUTED_VALUE"""),94.22) -> 94.22 | G21: =IFERROR(__xludf.DUMMYFUNCTION("""COMPUTED_VALUE"""),45208.726388888885) -> 45208.726 | H21: =IFERROR(__xludf.DUMMYFUNCTION("""COMPUTED_VALUE"""),5.02) -> 5.02 | I21: =IFERROR(__xludf.DUMMYFUNCTION("""COMPUTED_VALUE"""),45208.726388888885) -> 45208.726 | J21: =IFERROR(__xludf.DUMMYFUNCTION("""COMPUTED_VALUE"""),5.01) -> 5.01 | K21: =IFERROR(__xludf.DUMMYFUNCTION("""COMPUTED_VALUE"""),45209.73611111111) -> 45209.736 | L21: =IFERROR(__xludf.DUMMYFUNCTION("""COMPUTED_VALUE"""),93.91) -> 93.91 | M21: =IFERROR(__xludf.DUMMYFUNCTION("""COMPUTED_VALUE"""),45208.726388888885) -> 45208.726 | N21: =IFERROR(__xludf.DUMMYFUNCTION("""COMPUTED_VALUE"""),4.99) -> 4.99 | O21: =IFERROR(__xludf.DUMMYFUNCTION("""COMPUTED_VALUE"""),45208.6875) -> 45208.688 | P21: =IFERROR(__xludf.DUMMYFUNCTION("""COMPUTED_VALUE"""),449.71) -> 449.71 | Q21: =IFERROR(__xludf.DUMMYFUNCTION("""COMPUTED_VALUE"""),45208.66666666667) -> 45208.667 | R21: =IFERROR(__xludf.DUMMYFUNCTION("""COMPUTED_VALUE"""),21.65) -> 21.65 | S21: =IFERROR(__xludf.DUMMYFUNCTION("""COMPUTED_VALUE"""),45208.6875) -> 45208.688 | T21: =IFERROR(__xludf.DUMMYFUNCTION("""COMPUTED_VALUE"""),5.86) -> 5.86 | U21: =IFERROR(__xludf.DUMMYFUNCTION("""COMPUTED_VALUE"""),45200.99861111111) -> 45200.999 | V21: =IFERROR(__xludf.DUMMYFUNCTION("""COMPUTED_VALUE"""),1.0563) -> 1.0563
A22: =IFERROR(__xludf.DUMMYFUNCTION("""COMPUTED_VALUE"""),45210.73611111111) -> 45210.736 | B22: =IFERROR(__xludf.DUMMYFUNCTION("""COMPUTED_VALUE"""),93.09) -> 93.09 | C22: =IFERROR(__xludf.DUMMYFUNCTION("""COMPUTED_VALUE"""),45210.726388888885) -> 45210.726 | D22: =IFERROR(__xludf.DUMMYFUNCTION("""COMPUTED_VALUE"""),5.01) -> 5.01 | E22: =IFERROR(__xludf.DUMMYFUNCTION("""COMPUTED_VALUE"""),45210.73611111111) -> 45210.736 | F22: =IFERROR(__xludf.DUMMYFUNCTION("""COMPUTED_VALUE"""),94.05) -> 94.05 | G22: =IFERROR(__xludf.DUMMYFUNCTION("""COMPUTED_VALUE"""),45209.726388888885) -> 45209.726 | H22: =IFERROR(__xludf.DUMMYFUNCTION("""COMPUTED_VALUE"""),5.03) -> 5.03 | I22: =IFERROR(__xludf.DUMMYFUNCTION("""COMPUTED_VALUE"""),45209.726388888885) -> 45209.726 | J22: =IFERROR(__xludf.DUMMYFUNCTION("""COMPUTED_VALUE"""),5.02) -> 5.02 | K22: =IFERROR(__xludf.DUMMYFUNCTION("""COMPUTED_VALUE"""),45210.73611111111) -> 45210.736 | L22: =IFERROR(__xludf.DUMMYFUNCTION("""COMPUTED_VALUE"""),93.86) -> 93.86 | M22: =IFERROR(__xludf.DUMMYFUNCTION("""COMPUTED_VALUE"""),45209.726388888885) -> 45209.726 | N22: =IFERROR(__xludf.DUMMYFUNCTION("""COMPUTED_VALUE"""),5.0) -> 5 | O22: =IFERROR(__xludf.DUMMYFUNCTION("""COMPUTED_VALUE"""),45209.6875) -> 45209.688 | P22: =IFERROR(__xludf.DUMMYFUNCTION("""COMPUTED_VALUE"""),457.82) -> 457.82 | Q22: =IFERROR(__xludf.DUMMYFUNCTION("""COMPUTED_VALUE"""),45209.66666666667) -> 45209.667 | R22: =IFERROR(__xludf.DUMMYFUNCTION("""COMPUTED_VALUE"""),21.62) -> 21.62 | S22: =IFERROR(__xludf.DUMMYFUNCTION("""COMPUTED_VALUE"""),45209.6875) -> 45209.688 | T22: =IFERROR(__xludf.DUMMYFUNCTION("""COMPUTED_VALUE"""),5.88) -> 5.88 | U22: =IFERROR(__xludf.DUMMYFUNCTION("""COMPUTED_VALUE"""),45201.99861111111) -> 45201.999 | V22: =IFERROR(__xludf.DUMMYFUNCTION("""COMPUTED_VALUE"""),1.04803) -> 1.04803
A23: =IFERROR(__xludf.DUMMYFUNCTION("""COMPUTED_VALUE"""),45211.73611111111) -> 45211.736 | B23: =IFERROR(__xludf.DUMMYFUNCTION("""COMPUTED_VALUE"""),93.36) -> 93.36 | C23: =IFERROR(__xludf.DUMMYFUNCTION("""COMPUTED_VALUE"""),45211.726388888885) -> 45211.726 | D23: =IFERROR(__xludf.DUMMYFUNCTION("""COMPUTED_VALUE"""),5.01) -> 5.01 | E23: =IFERROR(__xludf.DUMMYFUNCTION("""COMPUTED_VALUE"""),45211.73611111111) -> 45211.736 | F23: =IFERROR(__xludf.DUMMYFUNCTION("""COMPUTED_VALUE"""),94.48) -> 94.48 | G23: =IFERROR(__xludf.DUMMYFUNCTION("""COMPUTED_VALUE"""),45210.726388888885) -> 45210.726 | H23: =IFERROR(__xludf.DUMMYFUNCTION("""COMPUTED_VALUE"""),5.03) -> 5.03 | I23: =IFERROR(__xludf.DUMMYFUNCTION("""COMPUTED_VALUE"""),45210.726388888885) -> 45210.726 | J23: =IFERROR(__xludf.DUMMYFUNCTION("""COMPUTED_VALUE"""),5.01) -> 5.01 | K23: =IFERROR(__xludf.DUMMYFUNCTION("""COMPUTED_VALUE"""),45211.73611111111) -> 45211.736 | L23: =IFERROR(__xludf.DUMMYFUNCTION("""COMPUTED_VALUE"""),94.17) -> 94.17 | M23: =IFERROR(__xludf.DUMMYFUNCTION("""COMPUTED_VALUE"""),45210.726388888885) -> 45210.726 | N23: =IFERROR(__xludf.DUMMYFUNCTION("""COMPUTED_VALUE"""),5.0) -> 5 | O23: =IFERROR(__xludf.DUMMYFUNCTION("""COMPUTED_VALUE"""),45210.6875) -> 45210.688 | P23: =IFERROR(__xludf.DUMMYFUNCTION("""COMPUTED_VALUE"""),455.74) -> 455.74 | Q23: =IFERROR(__xludf.DUMMYFUNCTION("""COMPUTED_VALUE"""),45210.66666666667) -> 45210.667 | R23: =IFERROR(__xludf.DUMMYFUNCTION("""COMPUTED_VALUE"""),21.55) -> 21.55 | S23: =IFERROR(__xludf.DUMMYFUNCTION("""COMPUTED_VALUE"""),45210.6875) -> 45210.688 | T23: =IFERROR(__xludf.DUMMYFUNCTION("""COMPUTED_VALUE"""),5.88) -> 5.88 | U23: =IFERROR(__xludf.DUMMYFUNCTION("""COMPUTED_VALUE"""),45202.99861111111) -> 45202.999 | V23: =IFERROR(__xludf.DUMMYFUNCTION("""COMPUTED_VALUE"""),1.0469) -> 1.0469
A24: =IFERROR(__xludf.DUMMYFUNCTION("""COMPUTED_VALUE"""),45212.73611111111) -> 45212.736 | B24: =IFERROR(__xludf.DUMMYFUNCTION("""COMPUTED_VALUE"""),93.8) -> 93.8 | C24: =IFERROR(__xludf.DUMMYFUNCTION("""COMPUTED_VALUE"""),45212.726388888885) -> 45212.726 | D24: =IFERROR(__xludf.DUMMYFUNCTION("""COMPUTED_VALUE"""),5.01) -> 5.01 | E24: =IFERROR(__xludf.DUMMYFUNCTION("""COMPUTED_VALUE"""),45212.73611111111) -> 45212.736 | F24: =IFERROR(__xludf.DUMMYFUNCTION("""COMPUTED_VALUE"""),94.86) -> 94.86 | G24: =IFERROR(__xludf.DUMMYFUNCTION("""COMPUTED_VALUE"""),45211.726388888885) -> 45211.726 | H24: =IFERROR(__xludf.DUMMYFUNCTION("""COMPUTED_VALUE"""),5.03) -> 5.03 | I24: =IFERROR(__xludf.DUMMYFUNCTION("""COMPUTED_VALUE"""),45211.726388888885) -> 45211.726 | J24: =IFERROR(__xludf.DUMMYFUNCTION("""COMPUTED_VALUE"""),5.01) -> 5.01 | K24: =IFERROR(__xludf.DUMMYFUNCTION("""COMPUTED_VALUE"""),45212.73611111111) -> 45212.736 | L24: =IFERROR(__xludf.DUMMYFUNCTION("""COMPUTED_VALUE"""),94.78) -> 94.78 | M24: =IFERROR(__xludf.DUMMYFUNCTION("""COMPUTED_VALUE"""),45211.726388888885) -> 45211.726 | N24: =IFERROR(__xludf.DUMMYFUNCTION("""COMPUTED_VALUE"""),4.99) -> 4.99 | O24: =IFERROR(__xludf.DUMMYFUNCTION("""COMPUTED_VALUE"""),45211.6875) -> 45211.688 | P24: =IFERROR(__xludf.DUMMYFUNCTION("""COMPUTED_VALUE"""),457.46) -> 457.46 | Q24: =IFERROR(__xludf.DUMMYFUNCTION("""COMPUTED_VALUE"""),45211.66666666667) -> 45211.667 | R24: =IFERROR(__xludf.DUMMYFUNCTION("""COMPUTED_VALUE"""),21.46) -> 21.46 | S24: =IFERROR(__xludf.DUMMYFUNCTION("""COMPUTED_VALUE"""),45211.6875) -> 45211.688 | T24: =IFERROR(__xludf.DUMMYFUNCTION("""COMPUTED_VALUE"""),5.86) -> 5.86 | U24: =IFERROR(__xludf.DUMMYFUNCTION("""COMPUTED_VALUE"""),45203.99861111111) -> 45203.999 | V24: =IFERROR(__xludf.DUMMYFUNCTION("""COMPUTED_VALUE"""),1.05063) -> 1.05063
A25: =IFERROR(__xludf.DUMMYFUNCTION("""COMPUTED_VALUE"""),45215.73611111111) -> 45215.736 | B25: =IFERROR(__xludf.DUMMYFUNCTION("""COMPUTED_VALUE"""),93.24) -> 93.24 | C25: =IFERROR(__xludf.DUMMYFUNCTION("""COMPUTED_VALUE"""),45215.726388888885) -> 45215.726 | D25: =IFERROR(__xludf.DUMMYFUNCTION("""COMPUTED_VALUE"""),5.01) -> 5.01 | E25: =IFERROR(__xludf.DUMMYFUNCTION("""COMPUTED_VALUE"""),45215.73611111111) -> 45215.736 | F25: =IFERROR(__xludf.DUMMYFUNCTION("""COMPUTED_VALUE"""),94.55) -> 94.55 | G25: =IFERROR(__xludf.DUMMYFUNCTION("""COMPUTED_VALUE"""),45212.726388888885) -> 45212.726 | H25: =IFERROR(__xludf.DUMMYFUNCTION("""COMPUTED_VALUE"""),5.02) -> 5.02 | I25: =IFERROR(__xludf.DUMMYFUNCTION("""COMPUTED_VALUE"""),45212.726388888885) -> 45212.726 | J25: =IFERROR(__xludf.DUMMYFUNCTION("""COMPUTED_VALUE"""),5.01) -> 5.01 | K25: =IFERROR(__xludf.DUMMYFUNCTION("""COMPUTED_VALUE"""),45216.73611111111) -> 45216.736 | L25: =IFERROR(__xludf.DUMMYFUNCTION("""COMPUTED_VALUE"""),93.45) -> 93.45 | M25: =IFERROR(__xludf.DUMMYFUNCTION("""COMPUTED_VALUE"""),45212.726388888885) -> 45212.726 | N25: =IFERROR(__xludf.DUMMYFUNCTION("""COMPUTED_VALUE"""),5.0) -> 5 | O25: =IFERROR(__xludf.DUMMYFUNCTION("""COMPUTED_VALUE"""),45212.6875) -> 45212.688 | P25: =IFERROR(__xludf.DUMMYFUNCTION("""COMPUTED_VALUE"""),453.45) -> 453.45 | Q25: =IFERROR(__xludf.DUMMYFUNCTION("""COMPUTED_VALUE"""),45212.66666666667) -> 45212.667 | R25: =IFERROR(__xludf.DUMMYFUNCTION("""COMPUTED_VALUE"""),21.45) -> 21.45 | S25: =IFERROR(__xludf.DUMMYFUNCTION("""COMPUTED_VALUE"""),45212.6875) -> 45212.688 | T25: =IFERROR(__xludf.DUMMYFUNCTION("""COMPUTED_VALUE"""),5.86) -> 5.86 | U25: =IFERROR(__xludf.DUMMYFUNCTION("""COMPUTED_VALUE"""),45204.99861111111) -> 45204.999 | V25: =IFERROR(__xludf.DUMMYFUNCTION("""COMPUTED_VALUE"""),1.0546) -> 1.0546
A26: =IFERROR(__xludf.DUMMYFUNCTION("""COMPUTED_VALUE"""),45216.73611111111) -> 45216.736 | B26: =IFERROR(__xludf.DUMMYFUNCTION("""COMPUTED_VALUE"""),92.57) -> 92.57 | C26: =IFERROR(__xludf.DUMMYFUNCTION("""COMPUTED_VALUE"""),45216.726388888885) -> 45216.726 | D26: =IFERROR(__xludf.DUMMYFUNCTION("""COMPUTED_VALUE"""),4.99) -> 4.99 | E26: =IFERROR(__xludf.DUMMYFUNCTION("""COMPUTED_VALUE"""),45216.73611111111) -> 45216.736 | F26: =IFERROR(__xludf.DUMMYFUNCTION("""COMPUTED_VALUE"""),93.89) -> 93.89 | G26: =IFERROR(__xludf.DUMMYFUNCTION("""COMPUTED_VALUE"""),45215.726388888885) -> 45215.726 | H26: =IFERROR(__xludf.DUMMYFUNCTION("""COMPUTED_VALUE"""),5.02) -> 5.02 | I26: =IFERROR(__xludf.DUMMYFUNCTION("""COMPUTED_VALUE"""),45215.726388888885) -> 45215.726 | J26: =IFERROR(__xludf.DUMMYFUNCTION("""COMPUTED_VALUE"""),5.01) -> 5.01 | K26: =IFERROR(__xludf.DUMMYFUNCTION("""COMPUTED_VALUE"""),45217.73611111111) -> 45217.736 | L26: =IFERROR(__xludf.DUMMYFUNCTION("""COMPUTED_VALUE"""),93.55) -> 93.55 | M26: =IFERROR(__xludf.DUMMYFUNCTION("""COMPUTED_VALUE"""),45215.726388888885) -> 45215.726 | N26: =IFERROR(__xludf.DUMMYFUNCTION("""COMPUTED_VALUE"""),4.99) -> 4.99 | O26: =IFERROR(__xludf.DUMMYFUNCTION("""COMPUTED_VALUE"""),45215.6875) -> 45215.688 | P26: =IFERROR(__xludf.DUMMYFUNCTION("""COMPUTED_VALUE"""),457.55) -> 457.55 | Q26: =IFERROR(__xludf.DUMMYFUNCTION("""COMPUTED_VALUE"""),45215.66666666667) -> 45215.667 | R26: =IFERROR(__xludf.DUMMYFUNCTION("""COMPUTED_VALUE"""),21.45) -> 21.45 | S26: =IFERROR(__xludf.DUMMYFUNCTION("""COMPUTED_VALUE"""),45215.6875) -> 45215.688 | T26: =IFERROR(__xludf.DUMMYFUNCTION("""COMPUTED_VALUE"""),5.86) -> 5.86 | U26: =IFERROR(__xludf.DUMMYFUNCTION("""COMPUTED_VALUE"""),45205.99861111111) -> 45205.999 | V26: =IFERROR(__xludf.DUMMYFUNCTION("""COMPUTED_VALUE"""),1.06) -> 1.06
A27: =IFERROR(__xludf.DUMMYFUNCTION("""COMPUTED_VALUE"""),45217.73611111111) -> 45217.736 | B27: =IFERROR(__xludf.DUMMYFUNCTION("""COMPUTED_VALUE"""),92.37) -> 92.37 | C27: =IFERROR(__xludf.DUMMYFUNCTION("""COMPUTED_VALUE"""),45217.726388888885) -> 45217.726 | D27: =IFERROR(__xludf.DUMMYFUNCTION("""COMPUTED_VALUE"""),4.99) -> 4.99 | E27: =IFERROR(__xludf.DUMMYFUNCTION("""COMPUTED_VALUE"""),45217.73611111111) -> 45217.736 | F27: =IFERROR(__xludf.DUMMYFUNCTION("""COMPUTED_VALUE"""),94.04) -> 94.04 | G27: =IFERROR(__xludf.DUMMYFUNCTION("""COMPUTED_VALUE"""),45216.726388888885) -> 45216.726 | H27: =IFERROR(__xludf.DUMMYFUNCTION("""COMPUTED_VALUE"""),5.02) -> 5.02 | I27: =IFERROR(__xludf.DUMMYFUNCTION("""COMPUTED_VALUE"""),45216.726388888885) -> 45216.726 | J27: =IFERROR(__xludf.DUMMYFUNCTION("""COMPUTED_VALUE"""),5.0) -> 5 | K27: =IFERROR(__xludf.DUMMYFUNCTION("""COMPUTED_VALUE"""),45218.73611111111) -> 45218.736 | L27: =IFERROR(__xludf.DUMMYFUNCTION("""COMPUTED_VALUE"""),93.15) -> 93.15 | M27: =IFERROR(__xludf.DUMMYFUNCTION("""COMPUTED_VALUE"""),45216.726388888885) -> 45216.726 | N27: =IFERROR(__xludf.DUMMYFUNCTION("""COMPUTED_VALUE"""),4.97) -> 4.97 | O27: =IFERROR(__xludf.DUMMYFUNCTION("""COMPUTED_VALUE"""),45216.6875) -> 45216.688 | P27: =IFERROR(__xludf.DUMMYFUNCTION("""COMPUTED_VALUE"""),457.74) -> 457.74 | Q27: =IFERROR(__xludf.DUMMYFUNCTION("""COMPUTED_VALUE"""),45216.66666666667) -> 45216.667 | R27: =IFERROR(__xludf.DUMMYFUNCTION("""COMPUTED_VALUE"""),21.36) -> 21.36 | S27: =IFERROR(__xludf.DUMMYFUNCTION("""COMPUTED_VALUE"""),45216.6875) -> 45216.688 | T27: =IFERROR(__xludf.DUMMYFUNCTION("""COMPUTED_VALUE"""),5.84) -> 5.84 | U27: =IFERROR(__xludf.DUMMYFUNCTION("""COMPUTED_VALUE"""),45206.99861111111) -> 45206.999 | V27: =IFERROR(__xludf.DUMMYFUNCTION("""COMPUTED_VALUE"""),1.06) -> 1.06
A28: =IFERROR(__xludf.DUMMYFUNCTION("""COMPUTED_VALUE"""),45218.73611111111) -> 45218.736 | B28: =IFERROR(__xludf.DUMMYFUNCTION("""COMPUTED_VALUE"""),91.98) -> 91.98 | C28: =IFERROR(__xludf.DUMMYFUNCTION("""COMPUTED_VALUE"""),45218.726388888885) -> 45218.726 | D28: =IFERROR(__xludf.DUMMYFUNCTION("""COMPUTED_VALUE"""),4.98) -> 4.98 | E28: =IFERROR(__xludf.DUMMYFUNCTION("""COMPUTED_VALUE"""),45218.73611111111) -> 45218.736 | F28: =IFERROR(__xludf.DUMMYFUNCTION("""COMPUTED_VALUE"""),93.7) -> 93.7 | G28: =IFERROR(__xludf.DUMMYFUNCTION("""COMPUTED_VALUE"""),45217.726388888885) -> 45217.726 | H28: =IFERROR(__xludf.DUMMYFUNCTION("""COMPUTED_VALUE"""),5.02) -> 5.02 | I28: =IFERROR(__xludf.DUMMYFUNCTION("""COMPUTED_VALUE"""),45217.726388888885) -> 45217.726 | J28: =IFERROR(__xludf.DUMMYFUNCTION("""COMPUTED_VALUE"""),4.99) -> 4.99 | K28: =IFERROR(__xludf.DUMMYFUNCTION("""COMPUTED_VALUE"""),45219.73611111111) -> 45219.736 | L28: =IFERROR(__xludf.DUMMYFUNCTION("""COMPUTED_VALUE"""),93.23) -> 93.23 | M28: =IFERROR(__xludf.DUMMYFUNCTION("""COMPUTED_VALUE"""),45217.726388888885) -> 45217.726 | N28: =IFERROR(__xludf.DUMMYFUNCTION("""COMPUTED_VALUE"""),4.96) -> 4.96 | O28: =IFERROR(__xludf.DUMMYFUNCTION("""COMPUTED_VALUE"""),45217.6875) -> 45217.688 | P28: =IFERROR(__xludf.DUMMYFUNCTION("""COMPUTED_VALUE"""),454.05) -> 454.05 | Q28: =IFERROR(__xludf.DUMMYFUNCTION("""COMPUTED_VALUE"""),45217.66666666667) -> 45217.667 | R28: =IFERROR(__xludf.DUMMYFUNCTION("""COMPUTED_VALUE"""),21.24) -> 21.24 | S28: =IFERROR(__xludf.DUMMYFUNCTION("""COMPUTED_VALUE"""),45217.6875) -> 45217.688 | T28: =IFERROR(__xludf.DUMMYFUNCTION("""COMPUTED_VALUE"""),5.81) -> 5.81 | U28: =IFERROR(__xludf.DUMMYFUNCTION("""COMPUTED_VALUE"""),45207.99861111111) -> 45207.999 | V28: =IFERROR(__xludf.DUMMYFUNCTION("""COMPUTED_VALUE"""),1.0568) -> 1.0568
A29: =IFERROR(__xludf.DUMMYFUNCTION("""COMPUTED_VALUE"""),45219.73611111111) -> 45219.736 | B29: =IFERROR(__xludf.DUMMYFUNCTION("""COMPUTED_VALUE"""),92.07) -> 92.07 | C29: =IFERROR(__xludf.DUMMYFUNCTION("""COMPUTED_VALUE"""),45222.726388888885) -> 45222.726 | D29: =IFERROR(__xludf.DUMMYFUNCTION("""COMPUTED_VALUE"""),4.99) -> 4.99 | E29: =IFERROR(__xludf.DUMMYFUNCTION("""COMPUTED_VALUE"""),45219.73611111111) -> 45219.736 | F29: =IFERROR(__xludf.DUMMYFUNCTION("""COMPUTED_VALUE"""),93.78) -> 93.78 | G29: =IFERROR(__xludf.DUMMYFUNCTION("""COMPUTED_VALUE"""),45218.726388888885) -> 45218.726 | H29: =IFERROR(__xludf.DUMMYFUNCTION("""COMPUTED_VALUE"""),5.02) -> 5.02 | I29: =IFERROR(__xludf.DUMMYFUNCTION("""COMPUTED_VALUE"""),45218.726388888885) -> 45218.726 | J29: =IFERROR(__xludf.DUMMYFUNCTION("""COMPUTED_VALUE"""),4.99) -> 4.99 | K29: =IFERROR(__xludf.DUMMYFUNCTION("""COMPUTED_VALUE"""),45222.73611111111) -> 45222.736 | L29: =IFERROR(__xludf.DUMMYFUNCTION("""COMPUTED_VALUE"""),93.04) -> 93.04 | M29: =IFERROR(__xludf.DUMMYFUNCTION("""COMPUTED_VALUE"""),45218.726388888885) -> 45218.726 | N29: =IFERROR(__xludf.DUMMYFUNCTION("""COMPUTED_VALUE"""),4.96) -> 4.96 | O29: =IFERROR(__xludf.DUMMYFUNCTION("""COMPUTED_VALUE"""),45218.6875) -> 45218.688 | P29: =IFERROR(__xludf.DUMMYFUNCTION("""COMPUTED_VALUE"""),451.5) -> 451.5 | Q29: =IFERROR(__xludf.DUMMYFUNCTION("""COMPUTED_VALUE"""),45218.66666666667) -> 45218.667 | R29: =IFERROR(__xludf.DUMMYFUNCTION("""COMPUTED_VALUE"""),21.16) -> 21.16 | S29: =IFERROR(__xludf.DUMMYFUNCTION("""COMPUTED_VALUE"""),45218.6875) -> 45218.688 | T29: =IFERROR(__xludf.DUMMYFUNCTION("""COMPUTED_VALUE"""),5.8) -> 5.8 | U29: =IFERROR(__xludf.DUMMYFUNCTION("""COMPUTED_VALUE"""),45208.99861111111) -> 45208.999 | V29: =IFERROR(__xludf.DUMMYFUNCTION("""COMPUTED_VALUE"""),1.0577) -> 1.0577
A30: =IFERROR(__xludf.DUMMYFUNCTION("""COMPUTED_VALUE"""),45222.73611111111) -> 45222.736 | B30: =IFERROR(__xludf.DUMMYFUNCTION("""COMPUTED_VALUE"""),91.98) -> 91.98 | C30: =IFERROR(__xludf.DUMMYFUNCTION("""COMPUTED_VALUE"""),45223.726388888885) -> 45223.726 | D30: =IFERROR(__xludf.DUMMYFUNCTION("""COMPUTED_VALUE"""),5.0) -> 5 | E30: =IFERROR(__xludf.DUMMYFUNCTION("""COMPUTED_VALUE"""),45222.73611111111) -> 45222.736 | F30: =IFERROR(__xludf.DUMMYFUNCTION("""COMPUTED_VALUE"""),93.65) -> 93.65 | G30: =IFERROR(__xludf.DUMMYFUNCTION("""COMPUTED_VALUE"""),45219.726388888885) -> 45219.726 | H30: =IFERROR(__xludf.DUMMYFUNCTION("""COMPUTED_VALUE"""),5.02) -> 5.02 | I30: =IFERROR(__xludf.DUMMYFUNCTION("""COMPUTED_VALUE"""),45219.726388888885) -> 45219.726 | J30: =IFERROR(__xludf.DUMMYFUNCTION("""COMPUTED_VALUE"""),5.0) -> 5 | K30: =IFERROR(__xludf.DUMMYFUNCTION("""COMPUTED_VALUE"""),45223.73611111111) -> 45223.736 | L30: =IFERROR(__xludf.DUMMYFUNCTION("""COMPUTED_VALUE"""),93.5) -> 93.5 | M30: =IFERROR(__xludf.DUMMYFUNCTION("""COMPUTED_VALUE"""),45219.726388888885) -> 45219.726 | N30: =IFERROR(__xludf.DUMMYFUNCTION("""COMPUTED_VALUE"""),4.97) -> 4.97 | O30: =IFERROR(__xludf.DUMMYFUNCTION("""COMPUTED_VALUE"""),45219.6875) -> 45219.688 | P30: =IFERROR(__xludf.DUMMYFUNCTION("""COMPUTED_VALUE"""),442.8) -> 442.8 | Q30: =IFERROR(__xludf.DUMMYFUNCTION("""COMPUTED_VALUE"""),45219.66666666667) -> 45219.667 | R30: =IFERROR(__xludf.DUMMYFUNCTION("""COMPUTED_VALUE"""),21.21) -> 21.21 | S30: =IFERROR(__xludf.DUMMYFUNCTION("""COMPUTED_VALUE"""),45219.6875) -> 45219.688 | T30: =IFERROR(__xludf.DUMMYFUNCTION("""COMPUTED_VALUE"""),5.78) -> 5.78 | U30: =IFERROR(__xludf.DUMMYFUNCTION("""COMPUTED_VALUE"""),45209.99861111111) -> 45209.999 | V30: =IFERROR(__xludf.DUMMYFUNCTION("""COMPUTED_VALUE"""),1.06042) -> 1.06042
A31: =IFERROR(__xludf.DUMMYFUNCTION("""COMPUTED_VALUE"""),45223.73611111111) -> 45223.736 | B31: =IFERROR(__xludf.DUMMYFUNCTION("""COMPUTED_VALUE"""),92.52) -> 92.52 | C31: =IFERROR(__xludf.DUMMYFUNCTION("""COMPUTED_VALUE"""),45224.726388888885) -> 45224.726 | D31: =IFERROR(__xludf.DUMMYFUNCTION("""COMPUTED_VALUE"""),5.0) -> 5 | E31: =IFERROR(__xludf.DUMMYFUNCTION("""COMPUTED_VALUE"""),45223.73611111111) -> 45223.736 | F31: =IFERROR(__xludf.DUMMYFUNCTION("""COMPUTED_VALUE"""),93.94) -> 93.94 | G31: =IFERROR(__xludf.DUMMYFUNCTION("""COMPUTED_VALUE"""),45222.726388888885) -> 45222.726 | H31: =IFERROR(__xludf.DUMMYFUNCTION("""COMPUTED_VALUE"""),5.02) -> 5.02 | I31: =IFERROR(__xludf.DUMMYFUNCTION("""COMPUTED_VALUE"""),45222.726388888885) -> 45222.726 | J31: =IFERROR(__xludf.DUMMYFUNCTION("""COMPUTED_VALUE"""),5.0) -> 5 | K31: =IFERROR(__xludf.DUMMYFUNCTION("""COMPUTED_VALUE"""),45224.73611111111) -> 45224.736 | L31: =IFERROR(__xludf.DUMMYFUNCTION("""COMPUTED_VALUE"""),93.45) -> 93.45 | M31: =IFERROR(__xludf.DUMMYFUNCTION("""COMPUTED_VALUE"""),45222.726388888885) -> 45222.726 | N31: =IFERROR(__xludf.DUMMYFUNCTION("""COMPUTED_VALUE"""),4.98) -> 4.98 | O31: =IFERROR(__xludf.DUMMYFUNCTION("""COMPUTED_VALUE"""),45222.6875) -> 45222.688 | P31: =IFERROR(__xludf.DUMMYFUNCTION("""COMPUTED_VALUE"""),443.1) -> 443.1 | Q31: =IFERROR(__xludf.DUMMYFUNCTION("""COMPUTED_VALUE"""),45222.66666666667) -> 45222.667 | R31: =IFERROR(__xludf.DUMMYFUNCTION("""COMPUTED_VALUE"""),21.35) -> 21.35 | S31: =IFERROR(__xludf.DUMMYFUNCTION("""COMPUTED_VALUE"""),45222.6875) -> 45222.688 | T31: =IFERROR(__xludf.DUMMYFUNCTION("""COMPUTED_VALUE"""),5.81) -> 5.81 | U31: =IFERROR(__xludf.DUMMYFUNCTION("""COMPUTED_VALUE"""),45210.99861111111) -> 45210.999 | V31: =IFERROR(__xludf.DUMMYFUNCTION("""COMPUTED_VALUE"""),1.06239) -> 1.06239
A32: =IFERROR(__xludf.DUMMYFUNCTION("""COMPUTED_VALUE"""),45224.73611111111) -> 45224.736 | B32: =IFERROR(__xludf.DUMMYFUNCTION("""COMPUTED_VALUE"""),92.32) -> 92.32 | C32: =IFERROR(__xludf.DUMMYFUNCTION("""COMPUTED_VALUE"""),45225.726388888885) -> 45225.726 | D32: =IFERROR(__xludf.DUMMYFUNCTION("""COMPUTED_VALUE"""),5.01) -> 5.01 | E32: =IFERROR(__xludf.DUMMYFUNCTION("""COMPUTED_VALUE"""),45224.73611111111) -> 45224.736 | F32: =IFERROR(__xludf.DUMMYFUNCTION("""COMPUTED_VALUE"""),94.02) -> 94.02 | G32: =IFERROR(__xludf.DUMMYFUNCTION("""COMPUTED_VALUE"""),45223.726388888885) -> 45223.726 | H32: =IFERROR(__xludf.DUMMYFUNCTION("""COMPUTED_VALUE"""),5.03) -> 5.03 | I32: =IFERROR(__xludf.DUMMYFUNCTION("""COMPUTED_VALUE"""),45223.726388888885) -> 45223.726 | J32: =IFERROR(__xludf.DUMMYFUNCTION("""COMPUTED_VALUE"""),5.01) -> 5.01 | K32: =IFERROR(__xludf.DUMMYFUNCTION("""COMPUTED_VALUE"""),45225.73611111111) -> 45225.736 | L32: =IFERROR(__xludf.DUMMYFUNCTION("""COMPUTED_VALUE"""),94.02) -> 94.02 | M32: =IFERROR(__xludf.DUMMYFUNCTION("""COMPUTED_VALUE"""),45223.726388888885) -> 45223.726 | N32: =IFERROR(__xludf.DUMMYFUNCTION("""COMPUTED_VALUE"""),4.99) -> 4.99 | O32: =IFERROR(__xludf.DUMMYFUNCTION("""COMPUTED_VALUE"""),45223.6875) -> 45223.688 | P32: =IFERROR(__xludf.DUMMYFUNCTION("""COMPUTED_VALUE"""),443.63) -> 443.63 | Q32: =IFERROR(__xludf.DUMMYFUNCTION("""COMPUTED_VALUE"""),45223.66666666667) -> 45223.667 | R32: =IFERROR(__xludf.DUMMYFUNCTION("""COMPUTED_VALUE"""),21.41) -> 21.41 | S32: =IFERROR(__xludf.DUMMYFUNCTION("""COMPUTED_VALUE"""),45223.6875) -> 45223.688 | T32: =IFERROR(__xludf.DUMMYFUNCTION("""COMPUTED_VALUE"""),5.83) -> 5.83 | U32: =IFERROR(__xludf.DUMMYFUNCTION("""COMPUTED_VALUE"""),45211.99861111111) -> 45211.999 | V32: =IFERROR(__xludf.DUMMYFUNCTION("""COMPUTED_VALUE"""),1.05362) -> 1.05362
A33: =IFERROR(__xludf.DUMMYFUNCTION("""COMPUTED_VALUE"""),45225.73611111111) -> 45225.736 | B33: =IFERROR(__xludf.DUMMYFUNCTION("""COMPUTED_VALUE"""),92.89) -> 92.89 | C33: =IFERROR(__xludf.DUMMYFUNCTION("""COMPUTED_VALUE"""),45226.726388888885) -> 45226.726 | D33: =IFERROR(__xludf.DUMMYFUNCTION("""COMPUTED_VALUE"""),5.01) -> 5.01 | E33: =IFERROR(__xludf.DUMMYFUNCTION("""COMPUTED_VALUE"""),45225.73611111111) -> 45225.736 | F33: =IFERROR(__xludf.DUMMYFUNCTION("""COMPUTED_VALUE"""),94.54) -> 94.54 | G33: =IFERROR(__xludf.DUMMYFUNCTION("""COMPUTED_VALUE"""),45224.726388888885) -> 45224.726 | H33: =IFERROR(__xludf.DUMMYFUNCTION("""COMPUTED_VALUE"""),5.03) -> 5.03 | I33: =IFERROR(__xludf.DUMMYFUNCTION("""COMPUTED_VALUE"""),45224.726388888885) -> 45224.726 | J33: =IFERROR(__xludf.DUMMYFUNCTION("""COMPUTED_VALUE"""),5.01) -> 5.01 | K33: =IFERROR(__xludf.DUMMYFUNCTION("""COMPUTED_VALUE"""),45226.73611111111) -> 45226.736 | L33: =IFERROR(__xludf.DUMMYFUNCTION("""COMPUTED_VALUE"""),93.75) -> 93.75 | M33: =IFERROR(__xludf.DUMMYFUNCTION("""COMPUTED_VALUE"""),45224.726388888885) -> 45224.726 | N33: =IFERROR(__xludf.DUMMYFUNCTION("""COMPUTED_VALUE"""),4.98) -> 4.98 | O33: =IFERROR(__xludf.DUMMYFUNCTION("""COMPUTED_VALUE"""),45224.6875) -> 45224.688 | P33: =IFERROR(__xludf.DUMMYFUNCTION("""COMPUTED_VALUE"""),441.11) -> 441.11 | Q33: =IFERROR(__xludf.DUMMYFUNCTION("""COMPUTED_VALUE"""),45224.66666666667) -> 45224.667 | R33: =IFERROR(__xludf.DUMMYFUNCTION("""COMPUTED_VALUE"""),21.3) -> 21.3 | S33: =IFERROR(__xludf.DUMMYFUNCTION("""COMPUTED_VALUE"""),45224.6875) -> 45224.688 | T33: =IFERROR(__xludf.DUMMYFUNCTION("""COMPUTED_VALUE"""),5.83) -> 5.83 | U33: =IFERROR(__xludf.DUMMYFUNCTION("""COMPUTED_VALUE"""),45212.99861111111) -> 45212.999 | V33: =IFERROR(__xludf.DUMMYFUNCTION("""COMPUTED_VALUE"""),1.0511) -> 1.0511
A34: =IFERROR(__xludf.DUMMYFUNCTION("""COMPUTED_VALUE"""),45226.73611111111) -> 45226.736 | B34: =IFERROR(__xludf.DUMMYFUNCTION("""COMPUTED_VALUE"""),92.63) -> 92.63 | C34: =IFERROR(__xludf.DUMMYFUNCTION("""COMPUTED_VALUE"""),45229.726388888885) -> 45229.726 | D34: =IFERROR(__xludf.DUMMYFUNCTION("""COMPUTED_VALUE"""),5.01) -> 5.01 | E34: =IFERROR(__xludf.DUMMYFUNCTION("""COMPUTED_VALUE"""),45226.73611111111) -> 45226.736 | F34: =IFERROR(__xludf.DUMMYFUNCTION("""COMPUTED_VALUE"""),94.28) -> 94.28 | G34: =IFERROR(__xludf.DUMMYFUNCTION("""COMPUTED_VALUE"""),45225.726388888885) -> 45225.726 | H34: =IFERROR(__xludf.DUMMYFUNCTION("""COMPUTED_VALUE"""),5.03) -> 5.03 | I34: =IFERROR(__xludf.DUMMYFUNCTION("""COMPUTED_VALUE"""),45225.726388888885) -> 45225.726 | J34: =IFERROR(__xludf.DUMMYFUNCTION("""COMPUTED_VALUE"""),5.01) -> 5.01 | K34: =IFERROR(__xludf.DUMMYFUNCTION("""COMPUTED_VALUE"""),45229.73611111111) -> 45229.736 | L34: =IFERROR(__xludf.DUMMYFUNCTION("""COMPUTED_VALUE"""),93.41) -> 93.41 | M34: =IFERROR(__xludf.DUMMYFUNCTION("""COMPUTED_VALUE"""),45225.726388888885) -> 45225.726 | N34: =IFERROR(__xludf.DUMMYFUNCTION("""COMPUTED_VALUE"""),4.99) -> 4.99 | O34: =IFERROR(__xludf.DUMMYFUNCTION("""COMPUTED_VALUE"""),45225.6875) -> 45225.688 | P34: =IFERROR(__xludf.DUMMYFUNCTION("""COMPUTED_VALUE"""),434.81) -> 434.81 | Q34: =IFERROR(__xludf.DUMMYFUNCTION("""COMPUTED_VALUE"""),45225.66666666667) -> 45225.667 | R34: =IFERROR(__xludf.DUMMYFUNCTION("""COMPUTED_VALUE"""),21.32) -> 21.32 | S34: =IFERROR(__xludf.DUMMYFUNCTION("""COMPUTED_VALUE"""),45225.6875) -> 45225.688 | T34: =IFERROR(__xludf.DUMMYFUNCTION("""COMPUTED_VALUE"""),5.82) -> 5.82 | U34: =IFERROR(__xludf.DUMMYFUNCTION("""COMPUTED_VALUE"""),45213.99861111111) -> 45213.999 | V34: =IFERROR(__xludf.DUMMYFUNCTION("""COMPUTED_VALUE"""),1.0511) -> 1.0511
A35: =IFERROR(__xludf.DUMMYFUNCTION("""COMPUTED_VALUE"""),45229.73611111111) -> 45229.736 | B35: =IFERROR(__xludf.DUMMYFUNCTION("""COMPUTED_VALUE"""),92.32) -> 92.32 | C35: =IFERROR(__xludf.DUMMYFUNCTION("""COMPUTED_VALUE"""),45230.726388888885) -> 45230.726 | D35: =IFERROR(__xludf.DUMMYFUNCTION("""COMPUTED_VALUE"""),5.02) -> 5.02 | E35: =IFERROR(__xludf.DUMMYFUNCTION("""COMPUTED_VALUE"""),45229.73611111111) -> 45229.736 | F35: =IFERROR(__xludf.DUMMYFUNCTION("""COMPUTED_VALUE"""),93.89) -> 93.89 | G35: =IFERROR(__xludf.DUMMYFUNCTION("""COMPUTED_VALUE"""),45226.726388888885) -> 45226.726 | H35: =IFERROR(__xludf.DUMMYFUNCTION("""COMPUTED_VALUE"""),5.03) -> 5.03 | I35: =IFERROR(__xludf.DUMMYFUNCTION("""COMPUTED_VALUE"""),45226.726388888885) -> 45226.726 | J35: =IFERROR(__xludf.DUMMYFUNCTION("""COMPUTED_VALUE"""),5.02) -> 5.02 | K35: =IFERROR(__xludf.DUMMYFUNCTION("""COMPUTED_VALUE"""),45230.73611111111) -> 45230.736 | L35: =IFERROR(__xludf.DUMMYFUNCTION("""COMPUTED_VALUE"""),93.83) -> 93.83 | M35: =IFERROR(__xludf.DUMMYFUNCTION("""COMPUTED_VALUE"""),45226.726388888885) -> 45226.726 | N35: =IFERROR(__xludf.DUMMYFUNCTION("""COMPUTED_VALUE"""),5.0) -> 5 | O35: =IFERROR(__xludf.DUMMYFUNCTION("""COMPUTED_VALUE"""),45226.6875) -> 45226.688 | P35: =IFERROR(__xludf.DUMMYFUNCTION("""COMPUTED_VALUE"""),433.51) -> 433.51 | Q35: =IFERROR(__xludf.DUMMYFUNCTION("""COMPUTED_VALUE"""),45226.66666666667) -> 45226.667 | R35: =IFERROR(__xludf.DUMMYFUNCTION("""COMPUTED_VALUE"""),21.34) -> 21.34 | S35: =IFERROR(__xludf.DUMMYFUNCTION("""COMPUTED_VALUE"""),45226.6875) -> 45226.688 | T35: =IFERROR(__xludf.DUMMYFUNCTION("""COMPUTED_VALUE"""),5.84) -> 5.84 | U35: =IFERROR(__xludf.DUMMYFUNCTION("""COMPUTED_VALUE"""),45214.99861111111) -> 45214.999 | V35: =IFERROR(__xludf.DUMMYFUNCTION("""COMPUTED_VALUE"""),1.052) -> 1.052
A36: =IFERROR(__xludf.DUMMYFUNCTION("""COMPUTED_VALUE"""),45230.73611111111) -> 45230.736 | B36: =IFERROR(__xludf.DUMMYFUNCTION("""COMPUTED_VALUE"""),92.92) -> 92.92 | C36: =IFERROR(__xludf.DUMMYFUNCTION("""COMPUTED_VALUE"""),45231.726388888885) -> 45231.726 | D36: =IFERROR(__xludf.DUMMYFUNCTION("""COMPUTED_VALUE"""),5.03) -> 5.03 | E36: =IFERROR(__xludf.DUMMYFUNCTION("""COMPUTED_VALUE"""),45230.73611111111) -> 45230.736 | F36: =IFERROR(__xludf.DUMMYFUNCTION("""COMPUTED_VALUE"""),94.3) -> 94.3 | G36: =IFERROR(__xludf.DUMMYFUNCTION("""COMPUTED_VALUE"""),45229.726388888885) -> 45229.726 | H36: =IFERROR(__xludf.DUMMYFUNCTION("""COMPUTED_VALUE"""),5.03) -> 5.03 | I36: =IFERROR(__xludf.DUMMYFUNCTION("""COMPUTED_VALUE"""),45229.726388888885) -> 45229.726 | J36: =IFERROR(__xludf.DUMMYFUNCTION("""COMPUTED_VALUE"""),5.02) -> 5.02 | K36: =IFERROR(__xludf.DUMMYFUNCTION("""COMPUTED_VALUE"""),45231.73611111111) -> 45231.736 | L36: =IFERROR(__xludf.DUMMYFUNCTION("""COMPUTED_VALUE"""),94.34) -> 94.34 | M36: =IFERROR(__xludf.DUMMYFUNCTION("""COMPUTED_VALUE"""),45229.726388888885) -> 45229.726 | N36: =IFERROR(__xludf.DUMMYFUNCTION("""COMPUTED_VALUE"""),5.0) -> 5 | O36: =IFERROR(__xludf.DUMMYFUNCTION("""COMPUTED_VALUE"""),45229.6875) -> 45229.688 | P36: =IFERROR(__xludf.DUMMYFUNCTION("""COMPUTED_VALUE"""),433.97) -> 433.97 | Q36: =IFERROR(__xludf.DUMMYFUNCTION("""COMPUTED_VALUE"""),45229.66666666667) -> 45229.667 | R36: =IFERROR(__xludf.DUMMYFUNCTION("""COMPUTED_VALUE"""),21.39) -> 21.39 | S36: =IFERROR(__xludf.DUMMYFUNCTION("""COMPUTED_VALUE"""),45229.6875) -> 45229.688 | T36: =IFERROR(__xludf.DUMMYFUNCTION("""COMPUTED_VALUE"""),5.83) -> 5.83 | U36: =IFERROR(__xludf.DUMMYFUNCTION("""COMPUTED_VALUE"""),45215.99861111111) -> 45215.999 | V36: =IFERROR(__xludf.DUMMYFUNCTION("""COMPUTED_VALUE"""),1.05537) -> 1.05537
A37: =IFERROR(__xludf.DUMMYFUNCTION("""COMPUTED_VALUE"""),45231.73611111111) -> 45231.736 | B37: =IFERROR(__xludf.DUMMYFUNCTION("""COMPUTED_VALUE"""),93.37) -> 93.37 | C37: =IFERROR(__xludf.DUMMYFUNCTION("""COMPUTED_VALUE"""),45232.726388888885) -> 45232.726 | D37: =IFERROR(__xludf.DUMMYFUNCTION("""COMPUTED_VALUE"""),5.04) -> 5.04 | E37: =IFERROR(__xludf.DUMMYFUNCTION("""COMPUTED_VALUE"""),45231.73611111111) -> 45231.736 | F37: =IFERROR(__xludf.DUMMYFUNCTION("""COMPUTED_VALUE"""),94.64) -> 94.64 | G37: =IFERROR(__xludf.DUMMYFUNCTION("""COMPUTED_VALUE"""),45230.726388888885) -> 45230.726 | H37: =IFERROR(__xludf.DUMMYFUNCTION("""COMPUTED_VALUE"""),5.04) -> 5.04 | I37: =IFERROR(__xludf.DUMMYFUNCTION("""COMPUTED_VALUE"""),45230.726388888885) -> 45230.726 | J37: =IFERROR(__xludf.DUMMYFUNCTION("""COMPUTED_VALUE"""),5.03) -> 5.03 | K37: =IFERROR(__xludf.DUMMYFUNCTION("""COMPUTED_VALUE"""),45232.73611111111) -> 45232.736 | L37: =IFERROR(__xludf.DUMMYFUNCTION("""COMPUTED_VALUE"""),94.11) -> 94.11 | M37: =IFERROR(__xludf.DUMMYFUNCTION("""COMPUTED_VALUE"""),45230.726388888885) -> 45230.726 | N37: =IFERROR(__xludf.DUMMYFUNCTION("""COMPUTED_VALUE"""),5.02) -> 5.02 | O37: =IFERROR(__xludf.DUMMYFUNCTION("""COMPUTED_VALUE"""),45230.6875) -> 45230.688 | P37: =IFERROR(__xludf.DUMMYFUNCTION("""COMPUTED_VALUE"""),436.42) -> 436.42 | Q37: =IFERROR(__xludf.DUMMYFUNCTION("""COMPUTED_VALUE"""),45230.66666666667) -> 45230.667 | R37: =IFERROR(__xludf.DUMMYFUNCTION("""COMPUTED_VALUE"""),21.5) -> 21.5 | S37: =IFERROR(__xludf.DUMMYFUNCTION("""COMPUTED_VALUE"""),45230.6875) -> 45230.688 | T37: =IFERROR(__xludf.DUMMYFUNCTION("""COMPUTED_VALUE"""),5.85) -> 5.85 | U37: =IFERROR(__xludf.DUMMYFUNCTION("""COMPUTED_VALUE"""),45216.99861111111) -> 45216.999 | V37: =IFERROR(__xludf.DUMMYFUNCTION("""COMPUTED_VALUE"""),1.05724) -> 1.05724
A38: =IFERROR(__xludf.DUMMYFUNCTION("""COMPUTED_VALUE"""),45232.73611111111) -> 45232.736 | B38: =IFERROR(__xludf.DUMMYFUNCTION("""COMPUTED_VALUE"""),93.27) -> 93.27 | C38: =IFERROR(__xludf.DUMMYFUNCTION("""COMPUTED_VALUE"""),45233.726388888885) -> 45233.726 | D38: =IFERROR(__xludf.DUMMYFUNCTION("""COMPUTED_VALUE"""),5.05) -> 5.05 | E38: =IFERROR(__xludf.DUMMYFUNCTION("""COMPUTED_VALUE"""),45232.73611111111) -> 45232.736 | F38: =IFERROR(__xludf.DUMMYFUNCTION("""COMPUTED_VALUE"""),94.34) -> 94.34 | G38: =IFERROR(__xludf.DUMMYFUNCTION("""COMPUTED_VALUE"""),45231.726388888885) -> 45231.726 | H38: =IFERROR(__xludf.DUMMYFUNCTION("""COMPUTED_VALUE"""),5.04) -> 5.04 | I38: =IFERROR(__xludf.DUMMYFUNCTION("""COMPUTED_VALUE"""),45231.726388888885) -> 45231.726 | J38: =IFERROR(__xludf.DUMMYFUNCTION("""COMPUTED_VALUE"""),5.04) -> 5.04 | K38: =IFERROR(__xludf.DUMMYFUNCTION("""COMPUTED_VALUE"""),45233.73611111111) -> 45233.736 | L38: =IFERROR(__xludf.DUMMYFUNCTION("""COMPUTED_VALUE"""),93.57) -> 93.57 | M38: =IFERROR(__xludf.DUMMYFUNCTION("""COMPUTED_VALUE"""),45231.726388888885) -> 45231.726 | N38: =IFERROR(__xludf.DUMMYFUNCTION("""COMPUTED_VALUE"""),5.03) -> 5.03 | O38: =IFERROR(__xludf.DUMMYFUNCTION("""COMPUTED_VALUE"""),45231.6875) -> 45231.688 | P38: =IFERROR(__xludf.DUMMYFUNCTION("""COMPUTED_VALUE"""),440.65) -> 440.65 | Q38: =IFERROR(__xludf.DUMMYFUNCTION("""COMPUTED_VALUE"""),45231.66666666667) -> 45231.667 | R38: =IFERROR(__xludf.DUMMYFUNCTION("""COMPUTED_VALUE"""),21.55) -> 21.55 | S38: =IFERROR(__xludf.DUMMYFUNCTION("""COMPUTED_VALUE"""),45231.6875) -> 45231.688 | T38: =IFERROR(__xludf.DUMMYFUNCTION("""COMPUTED_VALUE"""),5.88) -> 5.88 | U38: =IFERROR(__xludf.DUMMYFUNCTION("""COMPUTED_VALUE"""),45217.99861111111) -> 45217.999 | V38: =IFERROR(__xludf.DUMMYFUNCTION("""COMPUTED_VALUE"""),1.05379) -> 1.05379
A39: =IFERROR(__xludf.DUMMYFUNCTION("""COMPUTED_VALUE"""),45233.73611111111) -> 45233.736 | B39: =IFERROR(__xludf.DUMMYFUNCTION("""COMPUTED_VALUE"""),92.87) -> 92.87 | C39: =IFERROR(__xludf.DUMMYFUNCTION("""COMPUTED_VALUE"""),45236.726388888885) -> 45236.726 | D39: =IFERROR(__xludf.DUMMYFUNCTION("""COMPUTED_VALUE"""),5.04) -> 5.04 | E39: =IFERROR(__xludf.DUMMYFUNCTION("""COMPUTED_VALUE"""),45233.73611111111) -> 45233.736 | F39: =IFERROR(__xludf.DUMMYFUNCTION("""COMPUTED_VALUE"""),93.58) -> 93.58 | G39: =IFERROR(__xludf.DUMMYFUNCTION("""COMPUTED_VALUE"""),45232.726388888885) -> 45232.726 | H39: =IFERROR(__xludf.DUMMYFUNCTION("""COMPUTED_VALUE"""),5.04) -> 5.04 | I39: =IFERROR(__xludf.DUMMYFUNCTION("""COMPUTED_VALUE"""),45232.726388888885) -> 45232.726 | J39: =IFERROR(__xludf.DUMMYFUNCTION("""COMPUTED_VALUE"""),5.04) -> 5.04 | K39: =IFERROR(__xludf.DUMMYFUNCTION("""COMPUTED_VALUE"""),45236.73611111111) -> 45236.736 | L39: =IFERROR(__xludf.DUMMYFUNCTION("""COMPUTED_VALUE"""),93.31) -> 93.31 | M39: =IFERROR(__xludf.DUMMYFUNCTION("""COMPUTED_VALUE"""),45232.726388888885) -> 45232.726 | N39: =IFERROR(__xludf.DUMMYFUNCTION("""COMPUTED_VALUE"""),5.05) -> 5.05 | O39: =IFERROR(__xludf.DUMMYFUNCTION("""COMPUTED_VALUE"""),45232.6875) -> 45232.688 | P39: =IFERROR(__xludf.DUMMYFUNCTION("""COMPUTED_VALUE"""),450.05) -> 450.05 | Q39: =IFERROR(__xludf.DUMMYFUNCTION("""COMPUTED_VALUE"""),45232.66666666667) -> 45232.667 | R39: =IFERROR(__xludf.DUMMYFUNCTION("""COMPUTED_VALUE"""),21.84) -> 21.84 | S39: =IFERROR(__xludf.DUMMYFUNCTION("""COMPUTED_VALUE"""),45232.6875) -> 45232.688 | T39: =IFERROR(__xludf.DUMMYFUNCTION("""COMPUTED_VALUE"""),5.96) -> 5.96 | U39: =IFERROR(__xludf.DUMMYFUNCTION("""COMPUTED_VALUE"""),45218.99861111111) -> 45218.999 | V39: =IFERROR(__xludf.DUMMYFUNCTION("""COMPUTED_VALUE"""),1.05848) -> 1.05848
A40: =IFERROR(__xludf.DUMMYFUNCTION("""COMPUTED_VALUE"""),45236.73611111111) -> 45236.736 | B40: =IFERROR(__xludf.DUMMYFUNCTION("""COMPUTED_VALUE"""),92.37) -> 92.37 | C40: =IFERROR(__xludf.DUMMYFUNCTION("""COMPUTED_VALUE"""),45237.726388888885) -> 45237.726 | D40: =IFERROR(__xludf.DUMMYFUNCTION("""COMPUTED_VALUE"""),5.04) -> 5.04 | E40: =IFERROR(__xludf.DUMMYFUNCTION("""COMPUTED_VALUE"""),45236.73611111111) -> 45236.736 | F40: =IFERROR(__xludf.DUMMYFUNCTION("""COMPUTED_VALUE"""),93.34) -> 93.34 | G40: =IFERROR(__xludf.DUMMYFUNCTION("""COMPUTED_VALUE"""),45233.726388888885) -> 45233.726 | H40: =IFERROR(__xludf.DUMMYFUNCTION("""COMPUTED_VALUE"""),5.04) -> 5.04 | I40: =IFERROR(__xludf.DUMMYFUNCTION("""COMPUTED_VALUE"""),45233.726388888885) -> 45233.726 | J40: =IFERROR(__xludf.DUMMYFUNCTION("""COMPUTED_VALUE"""),5.05) -> 5.05 | K40: =IFERROR(__xludf.DUMMYFUNCTION("""COMPUTED_VALUE"""),45237.73611111111) -> 45237.736 | L40: =IFERROR(__xludf.DUMMYFUNCTION("""COMPUTED_VALUE"""),93.81) -> 93.81 | M40: =IFERROR(__xludf.DUMMYFUNCTION("""COMPUTED_VALUE"""),45233.726388888885) -> 45233.726 | N40: =IFERROR(__xludf.DUMMYFUNCTION("""COMPUTED_VALUE"""),5.06) -> 5.06 | O40: =IFERROR(__xludf.DUMMYFUNCTION("""COMPUTED_VALUE"""),45233.6875) -> 45233.688 | P40: =IFERROR(__xludf.DUMMYFUNCTION("""COMPUTED_VALUE"""),456.94) -> 456.94 | Q40: =IFERROR(__xludf.DUMMYFUNCTION("""COMPUTED_VALUE"""),45233.66666666667) -> 45233.667 | R40: =IFERROR(__xludf.DUMMYFUNCTION("""COMPUTED_VALUE"""),22.09) -> 22.09 | S40: =IFERROR(__xludf.DUMMYFUNCTION("""COMPUTED_VALUE"""),45233.6875) -> 45233.688 | T40: =IFERROR(__xludf.DUMMYFUNCTION("""COMPUTED_VALUE"""),6.02) -> 6.02 | U40: =IFERROR(__xludf.DUMMYFUNCTION("""COMPUTED_VALUE"""),45219.99861111111) -> 45219.999 | V40: =IFERROR(__xludf.DUMMYFUNCTION("""COMPUTED_VALUE"""),1.0603) -> 1.0603
A41: =IFERROR(__xludf.DUMMYFUNCTION("""COMPUTED_VALUE"""),45237.73611111111) -> 45237.736 | B41: =IFERROR(__xludf.DUMMYFUNCTION("""COMPUTED_VALUE"""),92.96) -> 92.96 | C41: =IFERROR(__xludf.DUMMYFUNCTION("""COMPUTED_VALUE"""),45238.726388888885) -> 45238.726 | D41: =IFERROR(__xludf.DUMMYFUNCTION("""COMPUTED_VALUE"""),5.05) -> 5.05 | E41: =IFERROR(__xludf.DUMMYFUNCTION("""COMPUTED_VALUE"""),45237.73611111111) -> 45237.736 | F41: =IFERROR(__xludf.DUMMYFUNCTION("""COMPUTED_VALUE"""),93.82) -> 93.82 | G41: =IFERROR(__xludf.DUMMYFUNCTION("""COMPUTED_VALUE"""),45236.726388888885) -> 45236.726 | H41: =IFERROR(__xludf.DUMMYFUNCTION("""COMPUTED_VALUE"""),5.04) -> 5.04 | I41: =IFERROR(__xludf.DUMMYFUNCTION("""COMPUTED_VALUE"""),45236.726388888885) -> 45236.726 | J41: =IFERROR(__xludf.DUMMYFUNCTION("""COMPUTED_VALUE"""),5.04) -> 5.04 | K41: =IFERROR(__xludf.DUMMYFUNCTION("""COMPUTED_VALUE"""),45238.73611111111) -> 45238.736 | L41: =IFERROR(__xludf.DUMMYFUNCTION("""COMPUTED_VALUE"""),93.79) -> 93.79 | M41: =IFERROR(__xludf.DUMMYFUNCTION("""COMPUTED_VALUE"""),45236.726388888885) -> 45236.726 | N41: =IFERROR(__xludf.DUMMYFUNCTION("""COMPUTED_VALUE"""),5.04) -> 5.04 | O41: =IFERROR(__xludf.DUMMYFUNCTION("""COMPUTED_VALUE"""),45236.6875) -> 45236.688 | P41: =IFERROR(__xludf.DUMMYFUNCTION("""COMPUTED_VALUE"""),456.62) -> 456.62 | Q41: =IFERROR(__xludf.DUMMYFUNCTION("""COMPUTED_VALUE"""),45236.66666666667) -> 45236.667 | R41: =IFERROR(__xludf.DUMMYFUNCTION("""COMPUTED_VALUE"""),22.1) -> 22.1 | S41: =IFERROR(__xludf.DUMMYFUNCTION("""COMPUTED_VALUE"""),45236.6875) -> 45236.688 | T41: =IFERROR(__xludf.DUMMYFUNCTION("""COMPUTED_VALUE"""),6.03) -> 6.03 | U41: =IFERROR(__xludf.DUMMYFUNCTION("""COMPUTED_VALUE"""),45220.99861111111) -> 45220.999 | V41: =IFERROR(__xludf.DUMMYFUNCTION("""COMPUTED_VALUE"""),1.0603) -> 1.0603
A42: =IFERROR(__xludf.DUMMYFUNCTION("""COMPUTED_VALUE"""),45238.73611111111) -> 45238.736 | B42: =IFERROR(__xludf.DUMMYFUNCTION("""COMPUTED_VALUE"""),92.93) -> 92.93 | C42: =IFERROR(__xludf.DUMMYFUNCTION("""COMPUTED_VALUE"""),45239.726388888885) -> 45239.726 | D42: =IFERROR(__xludf.DUMMYFUNCTION("""COMPUTED_VALUE"""),5.05) -> 5.05 | E42: =IFERROR(__xludf.DUMMYFUNCTION("""COMPUTED_VALUE"""),45238.73611111111) -> 45238.736 | F42: =IFERROR(__xludf.DUMMYFUNCTION("""COMPUTED_VALUE"""),93.79) -> 93.79 | G42: =IFERROR(__xludf.DUMMYFUNCTION("""COMPUTED_VALUE"""),45237.726388888885) -> 45237.726 | H42: =IFERROR(__xludf.DUMMYFUNCTION("""COMPUTED_VALUE"""),5.04) -> 5.04 | I42: =IFERROR(__xludf.DUMMYFUNCTION("""COMPUTED_VALUE"""),45237.726388888885) -> 45237.726 | J42: =IFERROR(__xludf.DUMMYFUNCTION("""COMPUTED_VALUE"""),5.04) -> 5.04 | K42: =IFERROR(__xludf.DUMMYFUNCTION("""COMPUTED_VALUE"""),45239.73611111111) -> 45239.736 | L42: =IFERROR(__xludf.DUMMYFUNCTION("""COMPUTED_VALUE"""),93.59) -> 93.59 | M42: =IFERROR(__xludf.DUMMYFUNCTION("""COMPUTED_VALUE"""),45237.726388888885) -> 45237.726 | N42: =IFERROR(__xludf.DUMMYFUNCTION("""COMPUTED_VALUE"""),5.04) -> 5.04 | O42: =IFERROR(__xludf.DUMMYFUNCTION("""COMPUTED_VALUE"""),45237.6875) -> 45237.688 | P42: =IFERROR(__xludf.DUMMYFUNCTION("""COMPUTED_VALUE"""),458.62) -> 458.62 | Q42: =IFERROR(__xludf.DUMMYFUNCTION("""COMPUTED_VALUE"""),45237.66666666667) -> 45237.667 | R42: =IFERROR(__xludf.DUMMYFUNCTION("""COMPUTED_VALUE"""),22.05) -> 22.05 | S42: =IFERROR(__xludf.DUMMYFUNCTION("""COMPUTED_VALUE"""),45237.6875) -> 45237.688 | T42: =IFERROR(__xludf.DUMMYFUNCTION("""COMPUTED_VALUE"""),6.0) -> 6 | U42: =IFERROR(__xludf.DUMMYFUNCTION("""COMPUTED_VALUE"""),45221.99861111111) -> 45221.999 | V42: =IFERROR(__xludf.DUMMYFUNCTION("""COMPUTED_VALUE"""),1.059) -> 1.059
A43: =IFERROR(__xludf.DUMMYFUNCTION("""COMPUTED_VALUE"""),45239.73611111111) -> 45239.736 | B43: =IFERROR(__xludf.DUMMYFUNCTION("""COMPUTED_VALUE"""),92.65) -> 92.65 | C43: =IFERROR(__xludf.DUMMYFUNCTION("""COMPUTED_VALUE"""),45240.726388888885) -> 45240.726 | D43: =IFERROR(__xludf.DUMMYFUNCTION("""COMPUTED_VALUE"""),5.04) -> 5.04 | E43: =IFERROR(__xludf.DUMMYFUNCTION("""COMPUTED_VALUE"""),45239.73611111111) -> 45239.736 | F43: =IFERROR(__xludf.DUMMYFUNCTION("""COMPUTED_VALUE"""),93.58) -> 93.58 | G43: =IFERROR(__xludf.DUMMYFUNCTION("""COMPUTED_VALUE"""),45238.726388888885) -> 45238.726 | H43: =IFERROR(__xludf.DUMMYFUNCTION("""COMPUTED_VALUE"""),5.04) -> 5.04 | I43: =IFERROR(__xludf.DUMMYFUNCTION("""COMPUTED_VALUE"""),45238.726388888885) -> 45238.726 | J43: =IFERROR(__xludf.DUMMYFUNCTION("""COMPUTED_VALUE"""),5.04) -> 5.04 | K43: =IFERROR(__xludf.DUMMYFUNCTION("""COMPUTED_VALUE"""),45240.73611111111) -> 45240.736 | L43: =IFERROR(__xludf.DUMMYFUNCTION("""COMPUTED_VALUE"""),93.86) -> 93.86 | M43: =IFERROR(__xludf.DUMMYFUNCTION("""COMPUTED_VALUE"""),45238.726388888885) -> 45238.726 | N43: =IFERROR(__xludf.DUMMYFUNCTION("""COMPUTED_VALUE"""),5.05) -> 5.05 | O43: =IFERROR(__xludf.DUMMYFUNCTION("""COMPUTED_VALUE"""),45238.6875) -> 45238.688 | P43: =IFERROR(__xludf.DUMMYFUNCTION("""COMPUTED_VALUE"""),457.92) -> 457.92 | Q43: =IFERROR(__xludf.DUMMYFUNCTION("""COMPUTED_VALUE"""),45238.66666666667) -> 45238.667 | R43: =IFERROR(__xludf.DUMMYFUNCTION("""COMPUTED_VALUE"""),22.04) -> 22.04 | S43: =IFERROR(__xludf.DUMMYFUNCTION("""COMPUTED_VALUE"""),45238.6875) -> 45238.688 | T43: =IFERROR(__xludf.DUMMYFUNCTION("""COMPUTED_VALUE"""),6.01) -> 6.01 | U43: =IFERROR(__xludf.DUMMYFUNCTION("""COMPUTED_VALUE"""),45222.99861111111) -> 45222.999 | V43: =IFERROR(__xludf.DUMMYFUNCTION("""COMPUTED_VALUE"""),1.06692) -> 1.06692
A44: =IFERROR(__xludf.DUMMYFUNCTION("""COMPUTED_VALUE"""),45240.73611111111) -> 45240.736 | B44: =IFERROR(__xludf.DUMMYFUNCTION("""COMPUTED_VALUE"""),92.97) -> 92.97 | C44: =IFERROR(__xludf.DUMMYFUNCTION("""COMPUTED_VALUE"""),45243.726388888885) -> 45243.726 | D44: =IFERROR(__xludf.DUMMYFUNCTION("""COMPUTED_VALUE"""),5.04) -> 5.04 | E44: =IFERROR(__xludf.DUMMYFUNCTION("""COMPUTED_VALUE"""),45240.73611111111) -> 45240.736 | F44: =IFERROR(__xludf.DUMMYFUNCTION("""COMPUTED_VALUE"""),93.87) -> 93.87 | G44: =IFERROR(__xludf.DUMMYFUNCTION("""COMPUTED_VALUE"""),45239.726388888885) -> 45239.726 | H44: =IFERROR(__xludf.DUMMYFUNCTION("""COMPUTED_VALUE"""),5.04) -> 5.04 | I44: =IFERROR(__xludf.DUMMYFUNCTION("""COMPUTED_VALUE"""),45239.726388888885) -> 45239.726 | J44: =IFERROR(__xludf.DUMMYFUNCTION("""COMPUTED_VALUE"""),5.05) -> 5.05 | K44: =IFERROR(__xludf.DUMMYFUNCTION("""COMPUTED_VALUE"""),45243.73611111111) -> 45243.736 | L44: =IFERROR(__xludf.DUMMYFUNCTION("""COMPUTED_VALUE"""),93.6) -> 93.6 | M44: =IFERROR(__xludf.DUMMYFUNCTION("""COMPUTED_VALUE"""),45239.726388888885) -> 45239.726 | N44: =IFERROR(__xludf.DUMMYFUNCTION("""COMPUTED_VALUE"""),5.06) -> 5.06 | O44: =IFERROR(__xludf.DUMMYFUNCTION("""COMPUTED_VALUE"""),45239.6875) -> 45239.688 | P44: =IFERROR(__xludf.DUMMYFUNCTION("""COMPUTED_VALUE"""),459.04) -> 459.04 | Q44: =IFERROR(__xludf.DUMMYFUNCTION("""COMPUTED_VALUE"""),45239.66666666667) -> 45239.667 | R44: =IFERROR(__xludf.DUMMYFUNCTION("""COMPUTED_VALUE"""),21.97) -> 21.97 | S44: =IFERROR(__xludf.DUMMYFUNCTION("""COMPUTED_VALUE"""),45239.6875) -> 45239.688 | T44: =IFERROR(__xludf.DUMMYFUNCTION("""COMPUTED_VALUE"""),6.0) -> 6 | U44: =IFERROR(__xludf.DUMMYFUNCTION("""COMPUTED_VALUE"""),45223.99861111111) -> 45223.999 | V44: =IFERROR(__xludf.DUMMYFUNCTION("""COMPUTED_VALUE"""),1.05948) -> 1.05948
A45: =IFERROR(__xludf.DUMMYFUNCTION("""COMPUTED_VALUE"""),45243.73611111111) -> 45243.736 | B45: =IFERROR(__xludf.DUMMYFUNCTION("""COMPUTED_VALUE"""),92.65) -> 92.65 | C45: =IFERROR(__xludf.DUMMYFUNCTION("""COMPUTED_VALUE"""),45244.726388888885) -> 45244.726 | D45: =IFERROR(__xludf.DUMMYFUNCTION("""COMPUTED_VALUE"""),5.07) -> 5.07 | E45: =IFERROR(__xludf.DUMMYFUNCTION("""COMPUTED_VALUE"""),45243.73611111111) -> 45243.736 | F45: =IFERROR(__xludf.DUMMYFUNCTION("""COMPUTED_VALUE"""),93.62) -> 93.62 | G45: =IFERROR(__xludf.DUMMYFUNCTION("""COMPUTED_VALUE"""),45240.726388888885) -> 45240.726 | H45: =IFERROR(__xludf.DUMMYFUNCTION("""COMPUTED_VALUE"""),5.04) -> 5.04 | I45: =IFERROR(__xludf.DUMMYFUNCTION("""COMPUTED_VALUE"""),45240.726388888885) -> 45240.726 | J45: =IFERROR(__xludf.DUMMYFUNCTION("""COMPUTED_VALUE"""),5.04) -> 5.04 | K45: =IFERROR(__xludf.DUMMYFUNCTION("""COMPUTED_VALUE"""),45244.73611111111) -> 45244.736 | L45: =IFERROR(__xludf.DUMMYFUNCTION("""COMPUTED_VALUE"""),92.91) -> 92.91 | M45: =IFERROR(__xludf.DUMMYFUNCTION("""COMPUTED_VALUE"""),45240.726388888885) -> 45240.726 | N45: =IFERROR(__xludf.DUMMYFUNCTION("""COMPUTED_VALUE"""),5.04) -> 5.04 | O45: =IFERROR(__xludf.DUMMYFUNCTION("""COMPUTED_VALUE"""),45240.6875) -> 45240.688 | P45: =IFERROR(__xludf.DUMMYFUNCTION("""COMPUTED_VALUE"""),457.81) -> 457.81 | Q45: =IFERROR(__xludf.DUMMYFUNCTION("""COMPUTED_VALUE"""),45240.66666666667) -> 45240.667 | R45: =IFERROR(__xludf.DUMMYFUNCTION("""COMPUTED_VALUE"""),21.99) -> 21.99 | S45: =IFERROR(__xludf.DUMMYFUNCTION("""COMPUTED_VALUE"""),45240.6875) -> 45240.688 | T45: =IFERROR(__xludf.DUMMYFUNCTION("""COMPUTED_VALUE"""),5.99) -> 5.99 | U45: =IFERROR(__xludf.DUMMYFUNCTION("""COMPUTED_VALUE"""),45224.99861111111) -> 45224.999 | V45: =IFERROR(__xludf.DUMMYFUNCTION("""COMPUTED_VALUE"""),1.05666) -> 1.05666
A46: =IFERROR(__xludf.DUMMYFUNCTION("""COMPUTED_VALUE"""),45244.73611111111) -> 45244.736 | B46: =IFERROR(__xludf.DUMMYFUNCTION("""COMPUTED_VALUE"""),92.23) -> 92.23 | C46: =IFERROR(__xludf.DUMMYFUNCTION("""COMPUTED_VALUE"""),45245.726388888885) -> 45245.726 | D46: =IFERROR(__xludf.DUMMYFUNCTION("""COMPUTED_VALUE"""),5.06) -> 5.06 | E46: =IFERROR(__xludf.DUMMYFUNCTION("""COMPUTED_VALUE"""),45244.73611111111) -> 45244.736 | F46: =IFERROR(__xludf.DUMMYFUNCTION("""COMPUTED_VALUE"""),92.91) -> 92.91 | G46: =IFERROR(__xludf.DUMMYFUNCTION("""COMPUTED_VALUE"""),45243.726388888885) -> 45243.726 | H46: =IFERROR(__xludf.DUMMYFUNCTION("""COMPUTED_VALUE"""),5.05) -> 5.05 | I46: =IFERROR(__xludf.DUMMYFUNCTION("""COMPUTED_VALUE"""),45243.726388888885) -> 45243.726 | J46: =IFERROR(__xludf.DUMMYFUNCTION("""COMPUTED_VALUE"""),5.04) -> 5.04 | K46: =IFERROR(__xludf.DUMMYFUNCTION("""COMPUTED_VALUE"""),45245.73611111111) -> 45245.736 | L46: =IFERROR(__xludf.DUMMYFUNCTION("""COMPUTED_VALUE"""),92.71) -> 92.71 | M46: =IFERROR(__xludf.DUMMYFUNCTION("""COMPUTED_VALUE"""),45243.726388888885) -> 45243.726 | N46: =IFERROR(__xludf.DUMMYFUNCTION("""COMPUTED_VALUE"""),5.04) -> 5.04 | O46: =IFERROR(__xludf.DUMMYFUNCTION("""COMPUTED_VALUE"""),45243.6875) -> 45243.688 | P46: =IFERROR(__xludf.DUMMYFUNCTION("""COMPUTED_VALUE"""),462.01) -> 462.01 | Q46: =IFERROR(__xludf.DUMMYFUNCTION("""COMPUTED_VALUE"""),45243.66666666667) -> 45243.667 | R46: =IFERROR(__xludf.DUMMYFUNCTION("""COMPUTED_VALUE"""),21.95) -> 21.95 | S46: =IFERROR(__xludf.DUMMYFUNCTION("""COMPUTED_VALUE"""),45243.6875) -> 45243.688 | T46: =IFERROR(__xludf.DUMMYFUNCTION("""COMPUTED_VALUE"""),6.0) -> 6 | U46: =IFERROR(__xludf.DUMMYFUNCTION("""COMPUTED_VALUE"""),45225.99861111111) -> 45225.999 | V46: =IFERROR(__xludf.DUMMYFUNCTION("""COMPUTED_VALUE"""),1.0564) -> 1.0564
A47: =IFERROR(__xludf.DUMMYFUNCTION("""COMPUTED_VALUE"""),45245.73611111111) -> 45245.736 | B47: =IFERROR(__xludf.DUMMYFUNCTION("""COMPUTED_VALUE"""),91.93) -> 91.93 | C47: =IFERROR(__xludf.DUMMYFUNCTION("""COMPUTED_VALUE"""),45246.726388888885) -> 45246.726 | D47: =IFERROR(__xludf.DUMMYFUNCTION("""COMPUTED_VALUE"""),5.07) -> 5.07 | E47: =IFERROR(__xludf.DUMMYFUNCTION("""COMPUTED_VALUE"""),45245.73611111111) -> 45245.736 | F47: =IFERROR(__xludf.DUMMYFUNCTION("""COMPUTED_VALUE"""),92.62) -> 92.62 | G47: =IFERROR(__xludf.DUMMYFUNCTION("""COMPUTED_VALUE"""),45244.726388888885) -> 45244.726 | H47: =IFERROR(__xludf.DUMMYFUNCTION("""COMPUTED_VALUE"""),5.05) -> 5.05 | I47: =IFERROR(__xludf.DUMMYFUNCTION("""COMPUTED_VALUE"""),45244.726388888885) -> 45244.726 | J47: =IFERROR(__xludf.DUMMYFUNCTION("""COMPUTED_VALUE"""),5.06) -> 5.06 | K47: =IFERROR(__xludf.DUMMYFUNCTION("""COMPUTED_VALUE"""),45246.73611111111) -> 45246.736 | L47: =IFERROR(__xludf.DUMMYFUNCTION("""COMPUTED_VALUE"""),92.93) -> 92.93 | M47: =IFERROR(__xludf.DUMMYFUNCTION("""COMPUTED_VALUE"""),45244.726388888885) -> 45244.726 | N47: =IFERROR(__xludf.DUMMYFUNCTION("""COMPUTED_VALUE"""),5.07) -> 5.07 | O47: =IFERROR(__xludf.DUMMYFUNCTION("""COMPUTED_VALUE"""),45244.6875) -> 45244.688 | P47: =IFERROR(__xludf.DUMMYFUNCTION("""COMPUTED_VALUE"""),471.2) -> 471.2 | Q47: =IFERROR(__xludf.DUMMYFUNCTION("""COMPUTED_VALUE"""),45244.66666666667) -> 45244.667 | R47: =IFERROR(__xludf.DUMMYFUNCTION("""COMPUTED_VALUE"""),22.14) -> 22.14 | S47: =IFERROR(__xludf.DUMMYFUNCTION("""COMPUTED_VALUE"""),45244.6875) -> 45244.688 | T47: =IFERROR(__xludf.DUMMYFUNCTION("""COMPUTED_VALUE"""),6.06) -> 6.06 | U47: =IFERROR(__xludf.DUMMYFUNCTION("""COMPUTED_VALUE"""),45226.99861111111) -> 45226.999 | V47: =IFERROR(__xludf.DUMMYFUNCTION("""COMPUTED_VALUE"""),1.0578) -> 1.0578
A48: =IFERROR(__xludf.DUMMYFUNCTION("""COMPUTED_VALUE"""),45246.73611111111) -> 45246.736 | B48: =IFERROR(__xludf.DUMMYFUNCTION("""COMPUTED_VALUE"""),92.19) -> 92.19 | C48: =IFERROR(__xludf.DUMMYFUNCTION("""COMPUTED_VALUE"""),45247.726388888885) -> 45247.726 | D48: =IFERROR(__xludf.DUMMYFUNCTION("""COMPUTED_VALUE"""),5.07) -> 5.07 | E48: =IFERROR(__xludf.DUMMYFUNCTION("""COMPUTED_VALUE"""),45246.73611111111) -> 45246.736 | F48: =IFERROR(__xludf.DUMMYFUNCTION("""COMPUTED_VALUE"""),92.81) -> 92.81 | G48: =IFERROR(__xludf.DUMMYFUNCTION("""COMPUTED_VALUE"""),45245.726388888885) -> 45245.726 | H48: =IFERROR(__xludf.DUMMYFUNCTION("""COMPUTED_VALUE"""),5.05) -> 5.05 | I48: =IFERROR(__xludf.DUMMYFUNCTION("""COMPUTED_VALUE"""),45245.726388888885) -> 45245.726 | J48: =IFERROR(__xludf.DUMMYFUNCTION("""COMPUTED_VALUE"""),5.05) -> 5.05 | K48: =IFERROR(__xludf.DUMMYFUNCTION("""COMPUTED_VALUE"""),45247.73611111111) -> 45247.736 | L48: =IFERROR(__xludf.DUMMYFUNCTION("""COMPUTED_VALUE"""),92.85) -> 92.85 | M48: =IFERROR(__xludf.DUMMYFUNCTION("""COMPUTED_VALUE"""),45245.726388888885) -> 45245.726 | N48: =IFERROR(__xludf.DUMMYFUNCTION("""COMPUTED_VALUE"""),5.07) -> 5.07 | O48: =IFERROR(__xludf.DUMMYFUNCTION("""COMPUTED_VALUE"""),45245.6875) -> 45245.688 | P48: =IFERROR(__xludf.DUMMYFUNCTION("""COMPUTED_VALUE"""),472.6) -> 472.6 | Q48: =IFERROR(__xludf.DUMMYFUNCTION("""COMPUTED_VALUE"""),45245.66666666667) -> 45245.667 | R48: =IFERROR(__xludf.DUMMYFUNCTION("""COMPUTED_VALUE"""),22.15) -> 22.15 | S48: =IFERROR(__xludf.DUMMYFUNCTION("""COMPUTED_VALUE"""),45245.6875) -> 45245.688 | T48: =IFERROR(__xludf.DUMMYFUNCTION("""COMPUTED_VALUE"""),6.03) -> 6.03 | U48: =IFERROR(__xludf.DUMMYFUNCTION("""COMPUTED_VALUE"""),45227.99861111111) -> 45227.999 | V48: =IFERROR(__xludf.DUMMYFUNCTION("""COMPUTED_VALUE"""),1.0578) -> 1.0578
A49: =IFERROR(__xludf.DUMMYFUNCTION("""COMPUTED_VALUE"""),45247.73611111111) -> 45247.736 | B49: =IFERROR(__xludf.DUMMYFUNCTION("""COMPUTED_VALUE"""),92.08) -> 92.08 | C49: =IFERROR(__xludf.DUMMYFUNCTION("""COMPUTED_VALUE"""),45250.726388888885) -> 45250.726 | D49: =IFERROR(__xludf.DUMMYFUNCTION("""COMPUTED_VALUE"""),5.07) -> 5.07 | E49: =IFERROR(__xludf.DUMMYFUNCTION("""COMPUTED_VALUE"""),45247.73611111111) -> 45247.736 | F49: =IFERROR(__xludf.DUMMYFUNCTION("""COMPUTED_VALUE"""),92.65) -> 92.65 | G49: =IFERROR(__xludf.DUMMYFUNCTION("""COMPUTED_VALUE"""),45246.726388888885) -> 45246.726 | H49: =IFERROR(__xludf.DUMMYFUNCTION("""COMPUTED_VALUE"""),5.05) -> 5.05 | I49: =IFERROR(__xludf.DUMMYFUNCTION("""COMPUTED_VALUE"""),45246.726388888885) -> 45246.726 | J49: =IFERROR(__xludf.DUMMYFUNCTION("""COMPUTED_VALUE"""),5.06) -> 5.06 | K49: =IFERROR(__xludf.DUMMYFUNCTION("""COMPUTED_VALUE"""),45250.73611111111) -> 45250.736 | L49: =IFERROR(__xludf.DUMMYFUNCTION("""COMPUTED_VALUE"""),92.32) -> 92.32 | M49: =IFERROR(__xludf.DUMMYFUNCTION("""COMPUTED_VALUE"""),45246.726388888885) -> 45246.726 | N49: =IFERROR(__xludf.DUMMYFUNCTION("""COMPUTED_VALUE"""),5.07) -> 5.07 | O49: =IFERROR(__xludf.DUMMYFUNCTION("""COMPUTED_VALUE"""),45246.6875) -> 45246.688 | P49: =IFERROR(__xludf.DUMMYFUNCTION("""COMPUTED_VALUE"""),470.12) -> 470.12 | Q49: =IFERROR(__xludf.DUMMYFUNCTION("""COMPUTED_VALUE"""),45246.66666666667) -> 45246.667 | R49: =IFERROR(__xludf.DUMMYFUNCTION("""COMPUTED_VALUE"""),22.18) -> 22.18 | S49: =IFERROR(__xludf.DUMMYFUNCTION("""COMPUTED_VALUE"""),45246.6875) -> 45246.688 | T49: =IFERROR(__xludf.DUMMYFUNCTION("""COMPUTED_VALUE"""),6.03) -> 6.03 | U49: =IFERROR(__xludf.DUMMYFUNCTION("""COMPUTED_VALUE"""),45228.99861111111) -> 45228.999 | V49: =IFERROR(__xludf.DUMMYFUNCTION("""COMPUTED_VALUE"""),1.05616) -> 1.05616
A50: =IFERROR(__xludf.DUMMYFUNCTION("""COMPUTED_VALUE"""),45250.73611111111) -> 45250.736 | B50: =IFERROR(__xludf.DUMMYFUNCTION("""COMPUTED_VALUE"""),91.5) -> 91.5 | C50: =IFERROR(__xludf.DUMMYFUNCTION("""COMPUTED_VALUE"""),45251.726388888885) -> 45251.726 | D50: =IFERROR(__xludf.DUMMYFUNCTION("""COMPUTED_VALUE"""),5.07) -> 5.07 | E50: =IFERROR(__xludf.DUMMYFUNCTION("""COMPUTED_VALUE"""),45250.73611111111) -> 45250.736 | F50: =IFERROR(__xludf.DUMMYFUNCTION("""COMPUTED_VALUE"""),92.13) -> 92.13 | G50: =IFERROR(__xludf.DUMMYFUNCTION("""COMPUTED_VALUE"""),45247.726388888885) -> 45247.726 | H50: =IFERROR(__xludf.DUMMYFUNCTION("""COMPUTED_VALUE"""),5.06) -> 5.06 | I50: =IFERROR(__xludf.DUMMYFUNCTION("""COMPUTED_VALUE"""),45247.726388888885) -> 45247.726 | J50: =IFERROR(__xludf.DUMMYFUNCTION("""COMPUTED_VALUE"""),5.06) -> 5.06 | K50: =IFERROR(__xludf.DUMMYFUNCTION("""COMPUTED_VALUE"""),45251.73611111111) -> 45251.736 | L50: =IFERROR(__xludf.DUMMYFUNCTION("""COMPUTED_VALUE"""),92.67) -> 92.67 | M50: =IFERROR(__xludf.DUMMYFUNCTION("""COMPUTED_VALUE"""),45247.726388888885) -> 45247.726 | N50: =IFERROR(__xludf.DUMMYFUNCTION("""COMPUTED_VALUE"""),5.07) -> 5.07 | O50: =IFERROR(__xludf.DUMMYFUNCTION("""COMPUTED_VALUE"""),45247.6875) -> 45247.688 | P50: =IFERROR(__xludf.DUMMYFUNCTION("""COMPUTED_VALUE"""),471.82) -> 471.82 | Q50: =IFERROR(__xludf.DUMMYFUNCTION("""COMPUTED_VALUE"""),45247.66666666667) -> 45247.667 | R50: =IFERROR(__xludf.DUMMYFUNCTION("""COMPUTED_VALUE"""),22.21) -> 22.21 | S50: =IFERROR(__xludf.DUMMYFUNCTION("""COMPUTED_VALUE"""),45247.6875) -> 45247.688 | T50: =IFERROR(__xludf.DUMMYFUNCTION("""COMPUTED_VALUE"""),6.04) -> 6.04 | U50: =IFERROR(__xludf.DUMMYFUNCTION("""COMPUTED_VALUE"""),45229.99861111111) -> 45229.999 | V50: =IFERROR(__xludf.DUMMYFUNCTION("""COMPUTED_VALUE"""),1.0614) -> 1.0614
A51: =IFERROR(__xludf.DUMMYFUNCTION("""COMPUTED_VALUE"""),45251.73611111111) -> 45251.736 | B51: =IFERROR(__xludf.DUMMYFUNCTION("""COMPUTED_VALUE"""),91.95) -> 91.95 | C51: =IFERROR(__xludf.DUMMYFUNCTION("""COMPUTED_VALUE"""),45252.726388888885) -> 45252.726 | D51: =IFERROR(__xludf.DUMMYFUNCTION("""COMPUTED_VALUE"""),5.07) -> 5.07 | E51: =IFERROR(__xludf.DUMMYFUNCTION("""COMPUTED_VALUE"""),45251.73611111111) -> 45251.736 | F51: =IFERROR(__xludf.DUMMYFUNCTION("""COMPUTED_VALUE"""),92.4) -> 92.4 | G51: =IFERROR(__xludf.DUMMYFUNCTION("""COMPUTED_VALUE"""),45250.726388888885) -> 45250.726 | H51: =IFERROR(__xludf.DUMMYFUNCTION("""COMPUTED_VALUE"""),5.05) -> 5.05 | I51: =IFERROR(__xludf.DUMMYFUNCTION("""COMPUTED_VALUE"""),45250.726388888885) -> 45250.726 | J51: =IFERROR(__xludf.DUMMYFUNCTION("""COMPUTED_VALUE"""),5.06) -> 5.06 | K51: =IFERROR(__xludf.DUMMYFUNCTION("""COMPUTED_VALUE"""),45252.73611111111) -> 45252.736 | L51: =IFERROR(__xludf.DUMMYFUNCTION("""COMPUTED_VALUE"""),93.18) -> 93.18 | M51: =IFERROR(__xludf.DUMMYFUNCTION("""COMPUTED_VALUE"""),45250.726388888885) -> 45250.726 | N51: =IFERROR(__xludf.DUMMYFUNCTION("""COMPUTED_VALUE"""),5.07) -> 5.07 | O51: =IFERROR(__xludf.DUMMYFUNCTION("""COMPUTED_VALUE"""),45250.6875) -> 45250.688 | P51: =IFERROR(__xludf.DUMMYFUNCTION("""COMPUTED_VALUE"""),474.79) -> 474.79 | Q51: =IFERROR(__xludf.DUMMYFUNCTION("""COMPUTED_VALUE"""),45250.66666666667) -> 45250.667 | R51: =IFERROR(__xludf.DUMMYFUNCTION("""COMPUTED_VALUE"""),22.19) -> 22.19 | S51: =IFERROR(__xludf.DUMMYFUNCTION("""COMPUTED_VALUE"""),45250.6875) -> 45250.688 | T51: =IFERROR(__xludf.DUMMYFUNCTION("""COMPUTED_VALUE"""),6.05) -> 6.05 | U51: =IFERROR(__xludf.DUMMYFUNCTION("""COMPUTED_VALUE"""),45230.99861111111) -> 45230.999 | V51: =IFERROR(__xludf.DUMMYFUNCTION("""COMPUTED_VALUE"""),1.0578) -> 1.0578
A52: =IFERROR(__xludf.DUMMYFUNCTION("""COMPUTED_VALUE"""),45252.73611111111) -> 45252.736 | B52: =IFERROR(__xludf.DUMMYFUNCTION("""COMPUTED_VALUE"""),92.54) -> 92.54 | C52: =IFERROR(__xludf.DUMMYFUNCTION("""COMPUTED_VALUE"""),45253.726388888885) -> 45253.726 | D52: =IFERROR(__xludf.DUMMYFUNCTION("""COMPUTED_VALUE"""),5.06) -> 5.06 | E52: =IFERROR(__xludf.DUMMYFUNCTION("""COMPUTED_VALUE"""),45252.73611111111) -> 45252.736 | F52: =IFERROR(__xludf.DUMMYFUNCTION("""COMPUTED_VALUE"""),92.9) -> 92.9 | G52: =IFERROR(__xludf.DUMMYFUNCTION("""COMPUTED_VALUE"""),45251.726388888885) -> 45251.726 | H52: =IFERROR(__xludf.DUMMYFUNCTION("""COMPUTED_VALUE"""),5.06) -> 5.06 | I52: =IFERROR(__xludf.DUMMYFUNCTION("""COMPUTED_VALUE"""),45251.726388888885) -> 45251.726 | J52: =IFERROR(__xludf.DUMMYFUNCTION("""COMPUTED_VALUE"""),5.06) -> 5.06 | K52: =IFERROR(__xludf.DUMMYFUNCTION("""COMPUTED_VALUE"""),45253.73611111111) -> 45253.736 | L52: =IFERROR(__xludf.DUMMYFUNCTION("""COMPUTED_VALUE"""),92.88) -> 92.88 | M52: =IFERROR(__xludf.DUMMYFUNCTION("""COMPUTED_VALUE"""),45251.726388888885) -> 45251.726 | N52: =IFERROR(__xludf.DUMMYFUNCTION("""COMPUTED_VALUE"""),5.08) -> 5.08 | O52: =IFERROR(__xludf.DUMMYFUNCTION("""COMPUTED_VALUE"""),45251.6875) -> 45251.688 | P52: =IFERROR(__xludf.DUMMYFUNCTION("""COMPUTED_VALUE"""),474.65) -> 474.65 | Q52: =IFERROR(__xludf.DUMMYFUNCTION("""COMPUTED_VALUE"""),45251.66666666667) -> 45251.667 | R52: =IFERROR(__xludf.DUMMYFUNCTION("""COMPUTED_VALUE"""),22.3) -> 22.3 | S52: =IFERROR(__xludf.DUMMYFUNCTION("""COMPUTED_VALUE"""),45251.6875) -> 45251.688 | T52: =IFERROR(__xludf.DUMMYFUNCTION("""COMPUTED_VALUE"""),6.06) -> 6.06 | U52: =IFERROR(__xludf.DUMMYFUNCTION("""COMPUTED_VALUE"""),45231.99861111111) -> 45231.999 | V52: =IFERROR(__xludf.DUMMYFUNCTION("""COMPUTED_VALUE"""),1.05865) -> 1.05865
A53: =IFERROR(__xludf.DUMMYFUNCTION("""COMPUTED_VALUE"""),45253.73611111111) -> 45253.736 | B53: =IFERROR(__xludf.DUMMYFUNCTION("""COMPUTED_VALUE"""),92.27) -> 92.27 | C53: =IFERROR(__xludf.DUMMYFUNCTION("""COMPUTED_VALUE"""),45254.726388888885) -> 45254.726 | D53: =IFERROR(__xludf.DUMMYFUNCTION("""COMPUTED_VALUE"""),5.06) -> 5.06 | E53: =IFERROR(__xludf.DUMMYFUNCTION("""COMPUTED_VALUE"""),45253.73611111111) -> 45253.736 | F53: =IFERROR(__xludf.DUMMYFUNCTION("""COMPUTED_VALUE"""),92.59) -> 92.59 | G53: =IFERROR(__xludf.DUMMYFUNCTION("""COMPUTED_VALUE"""),45252.726388888885) -> 45252.726 | H53: =IFERROR(__xludf.DUMMYFUNCTION("""COMPUTED_VALUE"""),5.06) -> 5.06 | I53: =IFERROR(__xludf.DUMMYFUNCTION("""COMPUTED_VALUE"""),45252.726388888885) -> 45252.726 | J53: =IFERROR(__xludf.DUMMYFUNCTION("""COMPUTED_VALUE"""),5.06) -> 5.06 | K53: =IFERROR(__xludf.DUMMYFUNCTION("""COMPUTED_VALUE"""),45254.73611111111) -> 45254.736 | L53: =IFERROR(__xludf.DUMMYFUNCTION("""COMPUTED_VALUE"""),92.54) -> 92.54 | M53: =IFERROR(__xludf.DUMMYFUNCTION("""COMPUTED_VALUE"""),45252.726388888885) -> 45252.726 | N53: =IFERROR(__xludf.DUMMYFUNCTION("""COMPUTED_VALUE"""),5.08) -> 5.08 | O53: =IFERROR(__xludf.DUMMYFUNCTION("""COMPUTED_VALUE"""),45252.6875) -> 45252.688 | P53: =IFERROR(__xludf.DUMMYFUNCTION("""COMPUTED_VALUE"""),476.9) -> 476.9 | Q53: =IFERROR(__xludf.DUMMYFUNCTION("""COMPUTED_VALUE"""),45252.66666666667) -> 45252.667 | R53: =IFERROR(__xludf.DUMMYFUNCTION("""COMPUTED_VALUE"""),22.32) -> 22.32 | S53: =IFERROR(__xludf.DUMMYFUNCTION("""COMPUTED_VALUE"""),45252.6875) -> 45252.688 | T53: =IFERROR(__xludf.DUMMYFUNCTION("""COMPUTED_VALUE"""),6.07) -> 6.07 | U53: =IFERROR(__xludf.DUMMYFUNCTION("""COMPUTED_VALUE"""),45232.99861111111) -> 45232.999 | V53: =IFERROR(__xludf.DUMMYFUNCTION("""COMPUTED_VALUE"""),1.06154) -> 1.06154
