Workbook

Sheet ALL
A1: ASSET | B1: ISIN | C1: LibelléISIN | D1: Quantité | E1: Prix de revient | F1: Place de Cotation | G1: Cours en devise | H1: Cours/VL | I1: Date du cours / VL | J1: Valorisation * | K1: "+/- Values latentes" | L1: Performance** | M1: Poids %
A2: OBLIGATION | B2: IE0000UJ3480 | C2: IS.IBD.DEC.28 T.USD UC.ETF USD IE0000UJ3480 | D2: 1 015 | E2: 98,55 € | F2: Paris | G2: 99,3746 EUR | H2: 993746 | I2: 45361 | J2: 100 865,22 € | K2: 836,97 € | L2: 0,84 % | M2: 4.4466667
A3: OBLIGATION | B3: IE000ZOI8OK5 | C3: ISHARES IBONDS DEC 2027 ¤ CORP IE000ZOI8OK5 | D3: 9 435 | E3: 5,30 € | F3: Frankfurt_ETF_ETP | G3: 5,3822 EUR | H3: 53822 | I3: 45361 | J3: 50 781,06 € | K3: 775,56 € | L3: 1,55 % | M3: 2.24
A4: OBLIGATION | B4: IE000BWITBP9 | C4: ISHRS IBD DEC 26 USD -ACC IE000BWITBP9 | D4: 2 040 | E4: 9794870 | F4: London | G4: 108,07 USD | H4: 9789836 | I4: 45361 | J4: 199 712,66 € | K4: -102,69 € | L4: -0,05 % | M4: 8.8066667
A5: OBLIGATION | B5: IE000GUOATN7 | C5: ISHS IBONDS DEC25 UC.ETF C EUR IE000GUOATN7 | D5: 19 212 | E5: 5205 | F5: Frankfurt_ETF_ETP | G5: 5,2234 EUR | H5: 52234 | I5: 45361 | J5: 100 351,96 € | K5: 353,50 € | L5: 0,35 % | M5: 4.4266667
A6: OBLIGATION | B6: IE000WA6L436 | C6: ISHS IBONDS DEC26 UC.ETF C EUR IE000WA6L436 | D6: 19 665 | E6: 52508 | F6: Paris | G6: 5,313 EUR | H6: 5313 | I6: 45361 | J6: 104 480,15 € | K6: 1 223,17 € | L6: 1,18 % | M6: 4.6066667
A7: OBLIGATION | B7: IE000I1D7D10 | C7: ISHS IBONDS DEC27 UC.ETF C USD IE000I1D7D10 | D7: 1 015 | E7: 98,70 € | F7: Paris | G7: 99,1209 EUR | H7: 991209 | I7: 45361 | J7: 100 607,71 € | K7: 427,21 € | L7: 0,43 % | M7: 4.44
A8: OBLIGATION | B8: IE0008UEVOE0 | C8: ISHS IBONDS DEC28 UC.ETF C EUR IE0008UEVOE0 | D8: 9 375 | E8: 53343 | F8: Paris | G8: 5,432 EUR | H8: 5432 | I8: 45361 | J8: 50 925,00 € | K8: 915,94 € | L8: 1,83 % | M8: 2.2466667
A9: OBLIGATION | B9: LU0115290974 | C9: ODDO BHF EUR.HIG.YLD BD CR-EUR LU0115290974 | D9: 8 319,19 | E9: 30051 | F9: OPC | G9: 30,477 EUR | H9: 30477 | I9: 45332 | J9: 253 543,95 € | K9: 3 543,97 € | L9: 1,42 % | M9: 11.186667
A10: OBLIGATION | B10: DE000A2QBG39 | C10: ODDO BHF MONEY MARKET CN-EUR DE000A2QBG39 | D10: 518363 | E10: 1 041,74000 € | F10: OPC | G10: 1048,23 EUR | H10: 1048,23 € | I10: 45332 | J10: 543 363,65 € | K10: 3 364,18 € | L10: 0,62 % | M10: 23.966667
A11: EQUITY | B11: IE00B5BMR087 | C11: ISHARES CORE S&P 500 UCITS ETF IE00B5BMR087 | D11: 1400 | E11: 53444571 | F11: Frankfurt_ETF_ETP | G11: 545,48 EUR | H11: 545,48 € | I11: 45361 | J11: 763 672,00 € | K11: 15448,00 € | L11: 2,06 % | M11: 33.333333

Sheet VIX HISTORIQUE
B1: PRODUCT | D1: DATE | E1: 2018 | F1: 6 | G1: 8 | I1: TYPE | J1: DAILY
B2: S&P
B3: .INX | D3: VIX | F3: VIX3M | H3: VIX6M | J3: VIX1Y
A4: =IFERROR(__xludf.DUMMYFUNCTION("GOOGLEFINANCE(B$3, ""price"", DATE($E$1, $F$1, $G$1), TODAY(), $J$1)"),"Loading...") -> Loading... | C4: =IFERROR(__xludf.DUMMYFUNCTION("GOOGLEFINANCE(D$3, ""price"", DATE($E$1, $F$1, $G$1), TODAY(), $J$1)"),"Loading...") -> Loading... | E4: =IFERROR(__xludf.DUMMYFUNCTION("GOOGLEFINANCE(F$3, ""price"", DATE($E$1, $F$1, $G$1), TODAY(), $J$1)"),"Loading...") -> Loading... | G4: =IFERROR(__xludf.DUMMYFUNCTION("GOOGLEFINANCE(H$3, ""price"", DATE($E$1, $F$1, $G$1), TODAY(), $J$1)"),"Loading...") -> Loading... | I4: =IFERROR(__xludf.DUMMYFUNCTION("GOOGLEFINANCE(J$3, ""price"", DATE($E$1, $F$1, $G$1), TODAY(), $J$1)"),"Loading...") -> Loading...
L8: aa
L9: =58000*1.202 -> 69716
L11: =6*1500+6*5000 -> 39000
L12: =12*1800 -> 21600

Sheet VIX HISTORIQUE OPEN
B1: PRODUCT | D1: DATE | E1: 2018 | F1: 6 | G1: 8 | I1: TYPE | J1: DAILY
B2: S&P
B3: .INX | D3: VIX | F3: VIX3M | H3: VIX6M | J3: VIX1Y
A4: =IFERROR(__xludf.DUMMYFUNCTION("GOOGLEFINANCE(B$3, ""open"", DATE($E$1, $F$1, $G$1), TODAY(), $J$1)"),"Loading...") -> Loading... | C4: =IFERROR(__xludf.DUMMYFUNCTION("GOOGLEFINANCE(D$3, ""open"", DATE($E$1, $F$1, $G$1), TODAY(), $J$1)"),"Loading...") -> Loading... | E4: =IFERROR(__xludf.DUMMYFUNCTION("GOOGLEFINANCE(F$3, ""open"", DATE($E$1, $F$1, $G$1), TODAY(), $J$1)"),"Loading...") -> Loading... | G4: =IFERROR(__xludf.DUMMYFUNCTION("GOOGLEFINANCE(H$3, ""open"", DATE($E$1, $F$1, $G$1), TODAY(), $J$1)"),"Loading...") -> Loading... | I4: =IFERROR(__xludf.DUMMYFUNCTION("GOOGLEFINANCE(J$3, ""open"", DATE($E$1, $F$1, $G$1), TODAY(), $J$1)"),"Loading...") -> Loading...

Sheet VIXHISTORIQUEMODEL
A1: Date | B1: SPX | C1: VIX | D1: VIX3M | E1: VIX6M | F1: VIX1Y
A2: ='VIX HISTORIQUE'!A5 | B2: ='VIX HISTORIQUE'!B5 | C2: ='VIX HISTORIQUE'!D5 | D2: ='VIX HISTORIQUE'!F5 | E2: ='VIX HISTORIQUE'!H5 | F2: ='VIX HISTORIQUE'!J5
A3: ='VIX HISTORIQUE'!A6 | B3: ='VIX HISTORIQUE'!B6 | C3: ='VIX HISTORIQUE'!D6 | D3: ='VIX HISTORIQUE'!F6 | E3: ='VIX HISTORIQUE'!H6 | F3: ='VIX HISTORIQUE'!J6
A4: ='VIX HISTORIQUE'!A7 | B4: ='VIX HISTORIQUE'!B7 | C4: ='VIX HISTORIQUE'!D7 | D4: ='VIX HISTORIQUE'!F7 | E4: ='VIX HISTORIQUE'!H7 | F4: ='VIX HISTORIQUE'!J7
A5: ='VIX HISTORIQUE'!A8 | B5: ='VIX HISTORIQUE'!B8 | C5: ='VIX HISTORIQUE'!D8 | D5: ='VIX HISTORIQUE'!F8 | E5: ='VIX HISTORIQUE'!H8 | F5: ='VIX HISTORIQUE'!J8
A6: ='VIX HISTORIQUE'!A9 | B6: ='VIX HISTORIQUE'!B9 | C6: ='VIX HISTORIQUE'!D9 | D6: ='VIX HISTORIQUE'!F9 | E6: ='VIX HISTORIQUE'!H9 | F6: ='VIX HISTORIQUE'!J9
A7: ='VIX HISTORIQUE'!A10 | B7: ='VIX HISTORIQUE'!B10 | C7: ='VIX HISTORIQUE'!D10 | D7: ='VIX HISTORIQUE'!F10 | E7: ='VIX HISTORIQUE'!H10 | F7: ='VIX HISTORIQUE'!J10
A8: ='VIX HISTORIQUE'!A11 | B8: ='VIX HISTORIQUE'!B11 | C8: ='VIX HISTORIQUE'!D11 | D8: ='VIX HISTORIQUE'!F11 | E8: ='VIX HISTORIQUE'!H11 | F8: ='VIX HISTORIQUE'!J11
A9: ='VIX HISTORIQUE'!A12 | B9: ='VIX HISTORIQUE'!B12 | C9: ='VIX HISTORIQUE'!D12 | D9: ='VIX HISTORIQUE'!F12 | E9: ='VIX HISTORIQUE'!H12 | F9: ='VIX HISTORIQUE'!J12
A10: ='VIX HISTORIQUE'!A13 | B10: ='VIX HISTORIQUE'!B13 | C10: ='VIX HISTORIQUE'!D13 | D10: ='VIX HISTORIQUE'!F13 | E10: ='VIX HISTORIQUE'!H13 | F10: ='VIX HISTORIQUE'!J13
A11: ='VIX HISTORIQUE'!A14 | B11: ='VIX HISTORIQUE'!B14 | C11: ='VIX HISTORIQUE'!D14 | D11: ='VIX HISTORIQUE'!F14 | E11: ='VIX HISTORIQUE'!H14 | F11: ='VIX HISTORIQUE'!J14
A12: ='VIX HISTORIQUE'!A15 | B12: ='VIX HISTORIQUE'!B15 | C12: ='VIX HISTORIQUE'!D15 | D12: ='VIX HISTORIQUE'!F15 | E12: ='VIX HISTORIQUE'!H15 | F12: ='VIX HISTORIQUE'!J15
A13: ='VIX HISTORIQUE'!A16 | B13: ='VIX HISTORIQUE'!B16 | C13: ='VIX HISTORIQUE'!D16 | D13: ='VIX HISTORIQUE'!F16 | E13: ='VIX HISTORIQUE'!H16 | F13: ='VIX HISTORIQUE'!J16
... A1340: ='VIX HISTORIQUE'!A1343 | B1340: ='VIX HISTORIQUE'!B1343 | C1340: ='VIX HISTORIQUE'!D1343 | D1340: ='VIX HISTORIQUE'!F1343 | E1340: ='VIX HISTORIQUE'!H1343 | F1340: ='VIX HISTORIQUE'!J1343
A1349: ='VIX HISTORIQUE'!A1344 | B1349: ='VIX HISTORIQUE'!B1344 | C1349: ='VIX HISTORIQUE'!D1344 | D1349: ='VIX HISTORIQUE'!F1344 | E1349: ='VIX HISTORIQUE'!H1344 | F1349: ='VIX HISTORIQUE'!J1344
A1350: ='VIX HISTORIQUE'!A1345 | B1350: ='VIX HISTORIQUE'!B1345 | C1350: ='VIX HISTORIQUE'!D1345 | D1350: ='VIX HISTORIQUE'!F1345 | E1350: ='VIX HISTORIQUE'!H1345 | F1350: ='VIX HISTORIQUE'!J1345
A1351: ='VIX HISTORIQUE'!A1346 | B1351: ='VIX HISTORIQUE'!B1346 | C1351: ='VIX HISTORIQUE'!D1346 | D1351: ='VIX HISTORIQUE'!F1346 | E1351: ='VIX HISTORIQUE'!H1346 | F1351: ='VIX HISTORIQUE'!J1346
A1352: ='VIX HISTORIQUE'!A1347 | B1352: ='VIX HISTORIQUE'!B1347 | C1352: ='VIX HISTORIQUE'!D1347 | D1352: ='VIX HISTORIQUE'!F1347 | E1352: ='VIX HISTORIQUE'!H1347 | F1352: ='VIX HISTORIQUE'!J1347
A1353: ='VIX HISTORIQUE'!A1348 | B1353: ='VIX HISTORIQUE'!B1348 | C1353: ='VIX HISTORIQUE'!D1348 | D1353: ='VIX HISTORIQUE'!F1348 | E1353: ='VIX HISTORIQUE'!H1348 | F1353: ='VIX HISTORIQUE'!J1348
A1354: ='VIX HISTORIQUE'!A1349 | B1354: ='VIX HISTORIQUE'!B1349 | C1354: ='VIX HISTORIQUE'!D1349 | D1354: ='VIX HISTORIQUE'!F1349 | E1354: ='VIX HISTORIQUE'!H1349 | F1354: ='VIX HISTORIQUE'!J1349
A1355: ='VIX HISTORIQUE'!A1350 | B1355: ='VIX HISTORIQUE'!B1350 | C1355: ='VIX HISTORIQUE'!D1350 | D1355: ='VIX HISTORIQUE'!F1350 | E1355: ='VIX HISTORIQUE'!H1350 | F1355: ='VIX HISTORIQUE'!J1350
A1356: ='VIX HISTORIQUE'!A1351 | B1356: ='VIX HISTORIQUE'!B1351 | C1356: ='VIX HISTORIQUE'!D1351 | D1356: ='VIX HISTORIQUE'!F1351 | E1356: ='VIX HISTORIQUE'!H1351 | F1356: ='VIX HISTORIQUE'!J1351
A1357: ='VIX HISTORIQUE'!A1352 | B1357: ='VIX HISTORIQUE'!B1352 | C1357: ='VIX HISTORIQUE'!D1352 | D1357: ='VIX HISTORIQUE'!F1352 | E1357: ='VIX HISTORIQUE'!H1352 | F1357: ='VIX HISTORIQUE'!J1352
A1358: ='VIX HISTORIQUE'!A1353 | B1358: ='VIX HISTORIQUE'!B1353 | C1358: ='VIX HISTORIQUE'!D1353 | D1358: ='VIX HISTORIQUE'!F1353 | E1358: ='VIX HISTORIQUE'!H1353 | F1358: ='VIX HISTORIQUE'!J1353
A1359: ='VIX HISTORIQUE'!A1354 | B1359: ='VIX HISTORIQUE'!B1354 | C1359: ='VIX HISTORIQUE'!D1354 | D1359: ='VIX HISTORIQUE'!F1354 | E1359: ='VIX HISTORIQUE'!H1354 | F1359: ='VIX HISTORIQUE'!J1354
A1360: ='VIX HISTORIQUE'!A1355 | B1360: ='VIX HISTORIQUE'!B1355 | C1360: ='VIX HISTORIQUE'!D1355 | D1360: ='VIX HISTORIQUE'!F1355 | E1360: ='VIX HISTORIQUE'!H1355 | F1360: ='VIX HISTORIQUE'!J1355
... A1602: ='VIX HISTORIQUE'!A1597 | B1602: ='VIX HISTORIQUE'!B1597 | C1602: ='VIX HISTORIQUE'!D1597 | D1602: ='VIX HISTORIQUE'!F1597 | E1602: ='VIX HISTORIQUE'!H1597 | F1602: ='VIX HISTORIQUE'!J1597
A1603: ='VIX HISTORIQUE'!A2119 | B1603: ='VIX HISTORIQUE'!B2119 | C1603: ='VIX HISTORIQUE'!D2119 | D1603: ='VIX HISTORIQUE'!G2119 | E1603: ='VIX HISTORIQUE'!I2119 | F1603: =#REF! -> #REF!
A1604: ='VIX HISTORIQUE'!A2120 | B1604: ='VIX HISTORIQUE'!B2120 | C1604: ='VIX HISTORIQUE'!D2120 | D1604: ='VIX HISTORIQUE'!G2120 | E1604: ='VIX HISTORIQUE'!I2120 | F1604: =#REF! -> #REF!
A1605: ='VIX HISTORIQUE'!A2121 | B1605: ='VIX HISTORIQUE'!B2121 | C1605: ='VIX HISTORIQUE'!D2121 | D1605: ='VIX HISTORIQUE'!G2121 | E1605: ='VIX HISTORIQUE'!I2121 | F1605: =#REF! -> #REF!
A1606: ='VIX HISTORIQUE'!A2122 | B1606: ='VIX HISTORIQUE'!B2122 | C1606: ='VIX HISTORIQUE'!D2122 | D1606: ='VIX HISTORIQUE'!G2122 | E1606: ='VIX HISTORIQUE'!I2122 | F1606: =#REF! -> #REF!
A1607: ='VIX HISTORIQUE'!A2123 | B1607: ='VIX HISTORIQUE'!B2123 | C1607: ='VIX HISTORIQUE'!D2123 | D1607: ='VIX HISTORIQUE'!G2123 | E1607: ='VIX HISTORIQUE'!I2123 | F1607: =#REF! -> #REF!
A1608: ='VIX HISTORIQUE'!A2124 | B1608: ='VIX HISTORIQUE'!B2124 | C1608: ='VIX HISTORIQUE'!D2124 | D1608: ='VIX HISTORIQUE'!G2124 | E1608: ='VIX HISTORIQUE'!I2124 | F1608: =#REF! -> #REF!
A1609: ='VIX HISTORIQUE'!A2125 | B1609: ='VIX HISTORIQUE'!B2125 | C1609: ='VIX HISTORIQUE'!D2125 | D1609: ='VIX HISTORIQUE'!G2125 | E1609: ='VIX HISTORIQUE'!I2125 | F1609: =#REF! -> #REF!
A1610: ='VIX HISTORIQUE'!A2126 | B1610: ='VIX HISTORIQUE'!B2126 | C1610: ='VIX HISTORIQUE'!D2126 | D1610: ='VIX HISTORIQUE'!G2126 | E1610: ='VIX HISTORIQUE'!I2126 | F1610: =#REF! -> #REF!
A1611: ='VIX HISTORIQUE'!A2127 | B1611: ='VIX HISTORIQUE'!B2127 | C1611: ='VIX HISTORIQUE'!D2127 | D1611: ='VIX HISTORIQUE'!G2127 | E1611: ='VIX HISTORIQUE'!I2127 | F1611: =#REF! -> #REF!
A1612: ='VIX HISTORIQUE'!A2128 | B1612: ='VIX HISTORIQUE'!B2128 | C1612: ='VIX HISTORIQUE'!D2128 | D1612: ='VIX HISTORIQUE'!G2128 | E1612: ='VIX HISTORIQUE'!I2128 | F1612: =#REF! -> #REF!
A1613: ='VIX HISTORIQUE'!A2129 | B1613: ='VIX HISTORIQUE'!B2129 | C1613: ='VIX HISTORIQUE'!D2129 | D1613: ='VIX HISTORIQUE'!G2129 | E1613: ='VIX HISTORIQUE'!I2129 | F1613: =#REF! -> #REF!
A1614: ='VIX HISTORIQUE'!A2130 | B1614: ='VIX HISTORIQUE'!B2130 | C1614: ='VIX HISTORIQUE'!D2130 | D1614: ='VIX HISTORIQUE'!G2130 | E1614: ='VIX HISTORIQUE'!I2130 | F1614: =#REF! -> #REF!
... A1624: ='VIX HISTORIQUE'!A2140 | B1624: ='VIX HISTORIQUE'!B2140 | C1624: ='VIX HISTORIQUE'!D2140 | D1624: ='VIX HISTORIQUE'!G2140 | E1624: ='VIX HISTORIQUE'!I2140 | F1624: =#REF! -> #REF!

Sheet Portfolio
A1: ASSET | B1: CURRENCY | C1: GCODE | D1: ISIN | E1: DESCR | F1: MAT | G1: YTM | H1: LibelléISIN | I1: Quantité | J1: Prix de revient | K1: Place de Cotation | L1: Cours en devise | M1: Cours/VL | N1: Date du cours / VL | O1: Valorisation * | P1: "+/- Values latentes" | Q1: Performance** | R1: Poids %
A2: OBLIGATION | B2: EUR | C2: 28ID | D2: IE0000UJ3480 | E2: US CORPORATE, US A 45%, BBB 55% | F2: 45654 | G2: 4.5 | H2: IS.IBD.DEC.28 T.USD UC.ETF USD IE0000UJ3480 | I2: 1 015 | J2: 98,55 € | K2: Paris | L2: 99,3746 EUR | M2: 993746 | N2: 45361 | O2: 100 865,22 € | P2: 836,97 € | Q2: 0,84 % | R2: 9.4964161
A3: OBLIGATION | B3: EUR | C3: IB27 | D3: IE000ZOI8OK5 | E3: EURO CORPORATE , A Or AA 50%, BBB 50% | F3: 45653 | G3: 3.1 | H3: ISHARES IBONDS DEC 2027 ¤ CORP IE000ZOI8OK5 | I3: 9 435 | J3: 5,30 € | K3: Frankfurt_ETF_ETP | L3: 5,3822 EUR | M3: 53822 | N3: 45361 | O3: 50 781,06 € | P3: 775,56 € | Q3: 1,55 % | R3: 4.7838018
A4: OBLIGATION | B4: EUR | C4: 26ID | D4: IE000BWITBP9 | E4: US CORPORATE, A or AA 60%, BBB 40% | F4: 45652 | G4: 4.5 | H4: ISHRS IBD DEC 26 USD -ACC IE000BWITBP9 | I4: 2 040 | J4: 9794870 | K4: London | L4: 108,07 USD | M4: 9789836 | N4: 45361 | O4: 199 712,66 € | P4: -102,69 € | Q4: -0,05 % | R4: 18.807745
A5: OBLIGATION | B5: EUR | C5: IB25 | D5: IE000GUOATN7 | E5: EURO CORPORATE , A Or AA 50%, BBB 50% | F5: 45651 | G5: 3.5 | H5: ISHS IBONDS DEC25 UC.ETF C EUR IE000GUOATN7 | I5: 19 212 | J5: 5205 | K5: Frankfurt_ETF_ETP | L5: 5,2234 EUR | M5: 52234 | N5: 45361 | O5: 100 351,96 € | P5: 353,50 € | Q5: 0,35 % | R5: 9.4537035
A6: OBLIGATION | B6: EUR | C6: CEBE | D6: IE000WA6L436 | E6: EURO CORPORATE , A Or AA 55%, BBB 45% | F6: 45652 | G6: 3.2 | H6: ISHS IBONDS DEC26 UC.ETF C EUR IE000WA6L436 | I6: 19 665 | J6: 52508 | K6: Paris | L6: 5,313 EUR | M6: 5313 | N6: 45361 | O6: 104 480,15 € | P6: 1 223,17 € | Q6: 1,18 % | R6: 9.8381162
A7: OBLIGATION | B7: USD | C7: DI27 | D7: IE000I1D7D10 | E7: US CORPORATE, A Or AA 50%, BBB 50% | F7: 45653 | G7: 4.5 | H7: ISHS IBONDS DEC27 UC.ETF C USD IE000I1D7D10 | I7: 1 015 | J7: 98,70 € | K7: Paris | L7: 99,1209 EUR | M7: 991209 | N7: 45361 | O7: 100 607,71 € | P7: 427,21 € | Q7: 0,43 % | R7: 9.4821786
A8: OBLIGATION | B8: USD | C8: IVOA | D8: IE0008UEVOE0 | E8: EURO CORPORATE , A Or AA 50%, BBB 50% | F8: 45654 | G8: 3.2 | H8: ISHS IBONDS DEC28 UC.ETF C EUR IE0008UEVOE0 | I8: 9 375 | J8: 53343 | K8: Paris | L8: 5,432 EUR | M8: 5432 | N8: 45361 | O8: 50 925,00 € | P8: 915,94 € | Q8: 1,83 % | R8: 4.7980393
A9: EQUITY | B9: USD | C9: CSPX | D9: IE00B5BMR087 | E9: S&P ETF | H9: ISHARES CORE S&P 500 UCITS ETF IE00B5BMR087 | I9: 1400 | J9: 53444571 | K9: Frankfurt_ETF_ETP | L9: 545,48 EUR | M9: 545,48 € | N9: 45361 | O9: 763 672,00 € | P9: 15448,00 € | Q9: 2,06 % | R9: 33.333333
A10: OBLIGATION | B10: USD | C10: IHYA | D10: IE00BYXYYL56 | E10: BB 45, B 38, CCC and below 17 | F10: 3.6 YEAR | G10: 6.85
A11: OBLIGATION | B11: USD | C11: ID30 | D11: IE0008TDJ461 | E11: US CORPORATE, A or AA 42 BBB 48 | F11: 45656 | G11: 4.6
L15: 1

Sheet Historique
B1: PRODUCT | D1: DATE | E1: 2023 | F1: 9 | G1: 15 | I1: TYPE | J1: DAILY
B2: IE0000UJ3480 | D2: IE000ZOI8OK5 | F2: IE000BWITBP9 | H2: IE000GUOATN7 | J2: IE000WA6L436 | L2: IE000I1D7D10 | N2: IE0008UEVOE0 | P2: IE00B5BMR087 | T2: US46436E3797
B3: 28ID | D3: IB27 | F3: 26ID | H3: IB25 | J3: CEBE | L3: DI27 | N3: IVOA | P3: CSPX | R3: IBHI | T3: IHYA | V3: EURUSD
A4: =IFERROR(__xludf.DUMMYFUNCTION("GOOGLEFINANCE(B$3, ""price"", DATE($E$1, $F$1, $G$1), TODAY(), $J$1)"),"Loading...") -> Loading... | C4: =IFERROR(__xludf.DUMMYFUNCTION("GOOGLEFINANCE(D$3, ""price"", DATE($E$1, $F$1, $G$1), TODAY(), $J$1)"),"Loading...") -> Loading... | E4: =IFERROR(__xludf.DUMMYFUNCTION("GOOGLEFINANCE(F$3, ""price"", DATE($E$1, $F$1, $G$1), TODAY(), $J$1)"),"Loading...") -> Loading... | G4: =IFERROR(__xludf.DUMMYFUNCTION("GOOGLEFINANCE(H$3, ""price"", DATE($E$1, $F$1, $G$1), TODAY(), $J$1)"),"Loading...") -> Loading... | I4: =IFERROR(__xludf.DUMMYFUNCTION("GOOGLEFINANCE(J$3, ""price"", DATE($E$1, $F$1, $G$1), TODAY(), $J$1)"),"Loading...") -> Loading... | K4: =IFERROR(__xludf.DUMMYFUNCTION("GOOGLEFINANCE(L$3, ""price"", DATE($E$1, $F$1, $G$1), TODAY(), $J$1)"),"Loading...") -> Loading... | M4: =IFERROR(__xludf.DUMMYFUNCTION("GOOGLEFINANCE(N$3, ""price"", DATE($E$1, $F$1, $G$1), TODAY(), $J$1)"),"Loading...") -> Loading... | O4: =IFERROR(__xludf.DUMMYFUNCTION("GOOGLEFINANCE(P$3, ""price"", DATE($E$1, $F$1, $G$1), TODAY(), $J$1)"),"Loading...") -> Loading... | Q4: =IFERROR(__xludf.DUMMYFUNCTION("GOOGLEFINANCE(R$3, ""price"", DATE($E$1, $F$1, $G$1), TODAY(), $J$1)"),"Loading...") -> Loading... | S4: =IFERROR(__xludf.DUMMYFUNCTION("GOOGLEFINANCE(T$3, ""price"", DATE($E$1, $F$1, $G$1), TODAY(), $J$1)"),"Loading...") -> Loading... | U4: =IFERROR(__xludf.DUMMYFUNCTION("GOOGLEFINANCE(V$3, ""price"", DATE($E$1, $F$1, $G$1), TODAY(), $J$1)"),"Loading...") -> Loading...

Sheet EQUITY BACKTEST
B1: PRODUCT | D1: DATE | E1: 1999 | F1: 1 | G1: 1 | I1: TYPE | J1: WEEKLY | M1: 0.025
B2: IE00B5BMR087 | G2: IE00B5BMR087 | M2: =1.5^5 -> 7.59375 | R2: PROBABILITY
B3: .INX | C3: TOTAL RETURN | E3: CURRENCY:EURUSD | G3: 3Y ROLL | H3: 5Y ROLL | I3: YIELD | J3: 0.02 | L3: =MEDIAN($G162:$G1348) -> #NUM! | M3: =MEDIAN($H266:$H1345) -> #NUM! | O3: BIN | P3: 3 YEAR | Q3: 5 YEAR | R3: 3 YEAR | S3: 5 YEAR
A4: =IFERROR(__xludf.DUMMYFUNCTION("GOOGLEFINANCE(B$3, ""price"", DATE($E1, $F1, $G1), TODAY(), $J$1)"),"Loading...") -> Loading... | D4: =IFERROR(__xludf.DUMMYFUNCTION("GOOGLEFINANCE(E$3, ""price"", DATE($E1, $F1, $G1), TODAY(), $J$1)"),"Loading...") -> Loading... | F4: COMPOSITE | I4: RETURN | J4: =B526/B5-1 -> #DIV/0! | K4: =C526/C5-1 -> #DIV/0! | O4: -60 | P4: {=FREQUENCY(G162:G1348, $O$4:$O$28)} -> 0 | Q4: =IFERROR(__xludf.DUMMYFUNCTION("FREQUENCY(FILTER(H6:H10000, H6:H10000<>0, H6:H10000<>""""), $O$4:$O$28)"),"#N/A") -> #N/A | R4: =100*P4/P$30 -> #DIV/0! | S4: =100*Q4/Q$30 -> #N/A
C5: =B5 | F5: 100 | O5: =O4+10 -> -50 | P5: 0 | R5: =100*P5/P$30 -> #DIV/0! | S5: =100*Q5/Q$30 -> #DIV/0! | T5: =R5+R4 -> #DIV/0! | U5: =S5+S4 -> #DIV/0! | V5: =100-T5 -> #DIV/0! | W5: =100-U5 -> #DIV/0!
C6: =IF(ISBLANK(B6), "", C5 * (1 + (B6 - B5) / B5 + $J$3 / 52)) | F6: =IF(OR(ISBLANK(B6),B6=0),"",F5*((E5/E6)*(C6/C5))) | I6: =AVERAGEIF($H$6:$H$10000, "<>0") -> #DIV/0! | O6: =O5+10 -> -40 | P6: 0 | R6: =100*P6/P$30 -> #DIV/0! | S6: =100*Q6/Q$30 -> #DIV/0! | T6: =R6+T5 -> #DIV/0! | U6: =S6+U5 -> #DIV/0! | V6: =100-T6 -> #DIV/0! | W6: =100-U6 -> #DIV/0!
C7: =IF(ISBLANK(B7), "", C6 * (1 + (B7 - B6) / B6 + $J$3 / 52)) | F7: =IF(OR(ISBLANK(B7),B7=0),"",F6*((E6/E7)*(C7/C6))) | I7: =IFERROR(__xludf.DUMMYFUNCTION("MEDIAN(FILTER(H6:H10000, H6:H10000<>0))"),"#NUM!") -> #NUM! | O7: =O6+10 -> -30 | P7: 0 | R7: =100*P7/P$30 -> #DIV/0! | S7: =100*Q7/Q$30 -> #DIV/0! | T7: =R7+T6 -> #DIV/0! | U7: =S7+U6 -> #DIV/0! | V7: =100-T7 -> #DIV/0! | W7: =100-U7 -> #DIV/0!
C8: =IF(ISBLANK(B8), "", C7 * (1 + (B8 - B7) / B7 + $J$3 / 52)) | F8: =IF(OR(ISBLANK(B8),B8=0),"",F7*((E7/E8)*(C8/C7))) | O8: =O7+10 -> -20 | P8: 0 | R8: =100*P8/P$30 -> #DIV/0! | S8: =100*Q8/Q$30 -> #DIV/0! | T8: =R8+T7 -> #DIV/0! | U8: =S8+U7 -> #DIV/0! | V8: =100-T8 -> #DIV/0! | W8: =100-U8 -> #DIV/0!
C9: =IF(ISBLANK(B9), "", C8 * (1 + (B9 - B8) / B8 + $J$3 / 52)) | F9: =IF(OR(ISBLANK(B9),B9=0),"",F8*((E8/E9)*(C9/C8))) | I9: =1.05^5 -> 1.2762816 | O9: =O8+10 -> -10 | P9: 0 | R9: =100*P9/P$30 -> #DIV/0! | S9: =100*Q9/Q$30 -> #DIV/0! | T9: =R9+T8 -> #DIV/0! | U9: =S9+U8 -> #DIV/0! | V9: =100-T9 -> #DIV/0! | W9: =100-U9 -> #DIV/0!
C10: =IF(ISBLANK(B10), "", C9 * (1 + (B10 - B9) / B9 + $J$3 / 52)) | F10: =IF(OR(ISBLANK(B10),B10=0),"",F9*((E9/E10)*(C10/C9))) | O10: =O9+10 -> 0 | P10: 0 | R10: =100*P10/P$30 -> #DIV/0! | S10: =100*Q10/Q$30 -> #DIV/0! | T10: =R10+T9 -> #DIV/0! | U10: =S10+U9 -> #DIV/0! | V10: =100-T10 -> #DIV/0! | W10: =100-U10 -> #DIV/0!
C11: =IF(ISBLANK(B11), "", C10 * (1 + (B11 - B10) / B10 + $J$3 / 52)) | F11: =IF(OR(ISBLANK(B11),B11=0),"",F10*((E10/E11)*(C11/C10))) | O11: =O10+10 -> 10 | P11: 0 | R11: =100*P11/P$30 -> #DIV/0! | S11: =100*Q11/Q$30 -> #DIV/0! | T11: =R11+T10 -> #DIV/0! | U11: =S11+U10 -> #DIV/0! | V11: =100-T11 -> #DIV/0! | W11: =100-U11 -> #DIV/0!
C12: =IF(ISBLANK(B12), "", C11 * (1 + (B12 - B11) / B11 + $J$3 / 52)) | F12: =IF(OR(ISBLANK(B12),B12=0),"",F11*((E11/E12)*(C12/C11))) | O12: =O11+10 -> 20 | P12: 0 | R12: =100*P12/P$30 -> #DIV/0! | S12: =100*Q12/Q$30 -> #DIV/0! | T12: =R12+T11 -> #DIV/0! | U12: =S12+U11 -> #DIV/0! | V12: =100-T12 -> #DIV/0! | W12: =100-U12 -> #DIV/0!
C13: =IF(ISBLANK(B13), "", C12 * (1 + (B13 - B12) / B12 + $J$3 / 52)) | F13: =IF(OR(ISBLANK(B13),B13=0),"",F12*((E12/E13)*(C13/C12))) | O13: =O12+10 -> 30 | P13: 0 | R13: =100*P13/P$30 -> #DIV/0! | S13: =100*Q13/Q$30 -> #DIV/0! | T13: =R13+T12 -> #DIV/0! | U13: =S13+U12 -> #DIV/0! | V13: =100-T13 -> #DIV/0! | W13: =100-U13 -> #DIV/0!
C14: =IF(ISBLANK(B14), "", C13 * (1 + (B14 - B13) / B13 + $J$3 / 52)) | F14: =IF(OR(ISBLANK(B14),B14=0),"",F13*((E13/E14)*(C14/C13))) | O14: =O13+10 -> 40 | P14: 0 | R14: =100*P14/P$30 -> #DIV/0! | S14: =100*Q14/Q$30 -> #DIV/0! | T14: =R14+T13 -> #DIV/0! | U14: =S14+U13 -> #DIV/0! | V14: =100-T14 -> #DIV/0! | W14: =100-U14 -> #DIV/0!
C15: =IF(ISBLANK(B15), "", C14 * (1 + (B15 - B14) / B14 + $J$3 / 52)) | F15: =IF(OR(ISBLANK(B15),B15=0),"",F14*((E14/E15)*(C15/C14))) | O15: =O14+10 -> 50 | P15: 0 | R15: =100*P15/P$30 -> #DIV/0! | S15: =100*Q15/Q$30 -> #DIV/0! | T15: =R15+T14 -> #DIV/0! | U15: =S15+U14 -> #DIV/0! | V15: =100-T15 -> #DIV/0! | W15: =100-U15 -> #DIV/0!
C16: =IF(ISBLANK(B16), "", C15 * (1 + (B16 - B15) / B15 + $J$3 / 52)) | F16: =IF(OR(ISBLANK(B16),B16=0),"",F15*((E15/E16)*(C16/C15))) | O16: =O15+10 -> 60 | P16: 0 | R16: =100*P16/P$30 -> #DIV/0! | S16: =100*Q16/Q$30 -> #DIV/0! | T16: =R16+T15 -> #DIV/0! | U16: =S16+U15 -> #DIV/0! | V16: =100-T16 -> #DIV/0! | W16: =100-U16 -> #DIV/0!
C17: =IF(ISBLANK(B17), "", C16 * (1 + (B17 - B16) / B16 + $J$3 / 52)) | F17: =IF(OR(ISBLANK(B17),B17=0),"",F16*((E16/E17)*(C17/C16))) | O17: =O16+10 -> 70 | P17: 0 | R17: =100*P17/P$30 -> #DIV/0! | S17: =100*Q17/Q$30 -> #DIV/0! | T17: =R17+T16 -> #DIV/0! | U17: =S17+U16 -> #DIV/0! | V17: =100-T17 -> #DIV/0! | W17: =100-U17 -> #DIV/0!
C18: =IF(ISBLANK(B18), "", C17 * (1 + (B18 - B17) / B17 + $J$3 / 52)) | F18: =IF(OR(ISBLANK(B18),B18=0),"",F17*((E17/E18)*(C18/C17))) | O18: =O17+10 -> 80 | P18: 0 | R18: =100*P18/P$30 -> #DIV/0! | S18: =100*Q18/Q$30 -> #DIV/0! | T18: =R18+T17 -> #DIV/0! | U18: =S18+U17 -> #DIV/0! | V18: =100-T18 -> #DIV/0! | W18: =100-U18 -> #DIV/0!
C19: =IF(ISBLANK(B19), "", C18 * (1 + (B19 - B18) / B18 + $J$3 / 52)) | F19: =IF(OR(ISBLANK(B19),B19=0),"",F18*((E18/E19)*(C19/C18))) | O19: =O18+10 -> 90 | P19: 0 | R19: =100*P19/P$30 -> #DIV/0! | S19: =100*Q19/Q$30 -> #DIV/0! | T19: =R19+T18 -> #DIV/0! | U19: =S19+U18 -> #DIV/0! | V19: =100-T19 -> #DIV/0! | W19: =100-U19 -> #DIV/0!
C20: =IF(ISBLANK(B20), "", C19 * (1 + (B20 - B19) / B19 + $J$3 / 52)) | F20: =IF(OR(ISBLANK(B20),B20=0),"",F19*((E19/E20)*(C20/C19))) | O20: =O19+10 -> 100 | P20: 0 | R20: =100*P20/P$30 -> #DIV/0! | S20: =100*Q20/Q$30 -> #DIV/0! | T20: =R20+T19 -> #DIV/0! | U20: =S20+U19 -> #DIV/0! | V20: =100-T20 -> #DIV/0! | W20: =100-U20 -> #DIV/0!
C21: =IF(ISBLANK(B21), "", C20 * (1 + (B21 - B20) / B20 + $J$3 / 52)) | F21: =IF(OR(ISBLANK(B21),B21=0),"",F20*((E20/E21)*(C21/C20))) | O21: =O20+10 -> 110 | P21: 0 | R21: =100*P21/P$30 -> #DIV/0! | S21: =100*Q21/Q$30 -> #DIV/0! | T21: =R21+T20 -> #DIV/0! | U21: =S21+U20 -> #DIV/0! | V21: =100-T21 -> #DIV/0! | W21: =100-U21 -> #DIV/0!
... C26: =IF(ISBLANK(B26), "", C25 * (1 + (B26 - B25) / B25 + $J$3 / 52)) | F26: =IF(OR(ISBLANK(B26),B26=0),"",F25*((E25/E26)*(C26/C25))) | O26: =O25+10 -> 160 | P26: 0 | R26: =100*P26/P$30 -> #DIV/0! | S26: =100*Q26/Q$30 -> #DIV/0! | T26: =R26+T25 -> #DIV/0! | U26: =S26+U25 -> #DIV/0! | V26: =100-T26 -> #DIV/0! | W26: =100-U26 -> #DIV/0!
C27: =IF(ISBLANK(B27), "", C26 * (1 + (B27 - B26) / B26 + $J$3 / 52)) | F27: =IF(OR(ISBLANK(B27),B27=0),"",F26*((E26/E27)*(C27/C26))) | I27: =1.05^5 -> 1.2762816 | O27: =O26+10 -> 170 | P27: 0 | R27: =100*P27/P$30 -> #DIV/0! | S27: =100*Q27/Q$30 -> #DIV/0! | T27: =R27+T26 -> #DIV/0! | U27: =S27+U26 -> #DIV/0! | V27: =100-T27 -> #DIV/0! | W27: =100-U27 -> #DIV/0!
C28: =IF(ISBLANK(B28), "", C27 * (1 + (B28 - B27) / B27 + $J$3 / 52)) | F28: =IF(OR(ISBLANK(B28),B28=0),"",F27*((E27/E28)*(C28/C27))) | I28: =18+33 -> 51 | O28: =O27+10 -> 180 | P28: 0 | R28: =100*P28/P$30 -> #DIV/0! | S28: =100*Q28/Q$30 -> #DIV/0! | T28: =R28+T27 -> #DIV/0! | U28: =S28+U27 -> #DIV/0! | V28: =100-T28 -> #DIV/0! | W28: =100-U28 -> #DIV/0!
C29: =IF(ISBLANK(B29), "", C28 * (1 + (B29 - B28) / B28 + $J$3 / 52)) | F29: =IF(OR(ISBLANK(B29),B29=0),"",F28*((E28/E29)*(C29/C28))) | P29: 0 | T29: =R29+R28 -> #DIV/0!
C30: =IF(ISBLANK(B30), "", C29 * (1 + (B30 - B29) / B29 + $J$3 / 52)) | F30: =IF(OR(ISBLANK(B30),B30=0),"",F29*((E29/E30)*(C30/C29))) | P30: =SUM(P5:P29) -> 0 | Q30: =SUM(Q5:Q29) -> 0 | S30: =1.05^5 -> 1.2762816 | T30: =2/3*27+1/3*50 -> 34.666667 | U30: =(100+T30)/100 -> 1.3466667
C31: =IF(ISBLANK(B31), "", C30 * (1 + (B31 - B30) / B30 + $J$3 / 52)) | F31: =IF(OR(ISBLANK(B31),B31=0),"",F30*((E30/E31)*(C31/C30))) | T31: =T30^0.2 -> 2.0322747 | U31: =U30^0.2-1 -> 0.061333865
C32: =IF(ISBLANK(B32), "", C31 * (1 + (B32 - B31) / B31 + $J$3 / 52)) | F32: =IF(OR(ISBLANK(B32),B32=0),"",F31*((E31/E32)*(C32/C31))) | U32: =1.07^5 -> 1.4025517
C33: =IF(ISBLANK(B33), "", C32 * (1 + (B33 - B32) / B32 + $J$3 / 52)) | F33: =IF(OR(ISBLANK(B33),B33=0),"",F32*((E32/E33)*(C33/C32)))
C34: =IF(ISBLANK(B34), "", C33 * (1 + (B34 - B33) / B33 + $J$3 / 52)) | F34: =IF(OR(ISBLANK(B34),B34=0),"",F33*((E33/E34)*(C34/C33)))
C35: =IF(ISBLANK(B35), "", C34 * (1 + (B35 - B34) / B34 + $J$3 / 52)) | F35: =IF(OR(ISBLANK(B35),B35=0),"",F34*((E34/E35)*(C35/C34)))
C36: =IF(ISBLANK(B36), "", C35 * (1 + (B36 - B35) / B35 + $J$3 / 52)) | F36: =IF(OR(ISBLANK(B36),B36=0),"",F35*((E35/E36)*(C36/C35)))
C37: =IF(ISBLANK(B37), "", C36 * (1 + (B37 - B36) / B36 + $J$3 / 52)) | F37: =IF(OR(ISBLANK(B37),B37=0),"",F36*((E36/E37)*(C37/C36)))
C38: =IF(ISBLANK(B38), "", C37 * (1 + (B38 - B37) / B37 + $J$3 / 52)) | F38: =IF(OR(ISBLANK(B38),B38=0),"",F37*((E37/E38)*(C38/C37))) | R38: =1.05^5*2/3+1/3*50 -> 17.517521
C39: =IF(ISBLANK(B39), "", C38 * (1 + (B39 - B38) / B38 + $J$3 / 52)) | F39: =IF(OR(ISBLANK(B39),B39=0),"",F38*((E38/E39)*(C39/C38)))
C40: =IF(ISBLANK(B40), "", C39 * (1 + (B40 - B39) / B39 + $J$3 / 52)) | F40: =IF(OR(ISBLANK(B40),B40=0),"",F39*((E39/E40)*(C40/C39))) | R40: =1.05^5 -> 1.2762816 | S40: =2/3*27+1/3*50 -> 34.666667
C41: =IF(ISBLANK(B41), "", C40 * (1 + (B41 - B40) / B40 + $J$3 / 52)) | F41: =IF(OR(ISBLANK(B41),B41=0),"",F40*((E40/E41)*(C41/C40)))
C42: =IF(ISBLANK(B42), "", C41 * (1 + (B42 - B41) / B41 + $J$3 / 52)) | F42: =IF(OR(ISBLANK(B42),B42=0),"",F41*((E41/E42)*(C42/C41)))
C43: =IF(ISBLANK(B43), "", C42 * (1 + (B43 - B42) / B42 + $J$3 / 52)) | F43: =IF(OR(ISBLANK(B43),B43=0),"",F42*((E42/E43)*(C43/C42)))
C44: =IF(ISBLANK(B44), "", C43 * (1 + (B44 - B43) / B43 + $J$3 / 52)) | F44: =IF(OR(ISBLANK(B44),B44=0),"",F43*((E43/E44)*(C44/C43)))
C45: =IF(ISBLANK(B45), "", C44 * (1 + (B45 - B44) / B44 + $J$3 / 52)) | F45: =IF(OR(ISBLANK(B45),B45=0),"",F44*((E44/E45)*(C45/C44)))
C46: =IF(ISBLANK(B46), "", C45 * (1 + (B46 - B45) / B45 + $J$3 / 52)) | F46: =IF(OR(ISBLANK(B46),B46=0),"",F45*((E45/E46)*(C46/C45)))
C47: =IF(ISBLANK(B47), "", C46 * (1 + (B47 - B46) / B46 + $J$3 / 52)) | F47: =IF(OR(ISBLANK(B47),B47=0),"",F46*((E46/E47)*(C47/C46)))
C48: =IF(ISBLANK(B48), "", C47 * (1 + (B48 - B47) / B47 + $J$3 / 52)) | F48: =IF(OR(ISBLANK(B48),B48=0),"",F47*((E47/E48)*(C48/C47)))
C49: =IF(ISBLANK(B49), "", C48 * (1 + (B49 - B48) / B48 + $J$3 / 52)) | F49: =IF(OR(ISBLANK(B49),B49=0),"",F48*((E48/E49)*(C49/C48)))
C50: =IF(ISBLANK(B50), "", C49 * (1 + (B50 - B49) / B49 + $J$3 / 52)) | F50: =IF(OR(ISBLANK(B50),B50=0),"",F49*((E49/E50)*(C50/C49)))
C51: =IF(ISBLANK(B51), "", C50 * (1 + (B51 - B50) / B50 + $J$3 / 52)) | F51: =IF(OR(ISBLANK(B51),B51=0),"",F50*((E50/E51)*(C51/C50)))
C52: =IF(ISBLANK(B52), "", C51 * (1 + (B52 - B51) / B51 + $J$3 / 52)) | F52: =IF(OR(ISBLANK(B52),B52=0),"",F51*((E51/E52)*(C52/C51)))
... C161: =IF(ISBLANK(B161), "", C160 * (1 + (B161 - B160) / B160 + $J$3 / 52)) | F161: =IF(OR(ISBLANK(B161),B161=0),"",F160*((E160/E161)*(C161/C160)))
C162: =IF(ISBLANK(B162), "", C161 * (1 + (B162 - B161) / B161 + $J$3 / 52)) | F162: =IF(OR(ISBLANK(B162),B162=0),"",F161*((E161/E162)*(C162/C161))) | G162: =IF(ISBLANK(B162),"",100*(F162/F6-1))
C163: =IF(ISBLANK(B163), "", C162 * (1 + (B163 - B162) / B162 + $J$3 / 52)) | F163: =IF(OR(ISBLANK(B163),B163=0),"",F162*((E162/E163)*(C163/C162))) | G163: =IF(ISBLANK(B163),"",100*(F163/F7-1))
C164: =IF(ISBLANK(B164), "", C163 * (1 + (B164 - B163) / B163 + $J$3 / 52)) | F164: =IF(OR(ISBLANK(B164),B164=0),"",F163*((E163/E164)*(C164/C163))) | G164: =IF(ISBLANK(B164),"",100*(F164/F8-1))
C165: =IF(ISBLANK(B165), "", C164 * (1 + (B165 - B164) / B164 + $J$3 / 52)) | F165: =IF(OR(ISBLANK(B165),B165=0),"",F164*((E164/E165)*(C165/C164))) | G165: =IF(ISBLANK(B165),"",100*(F165/F9-1))
C166: =IF(ISBLANK(B166), "", C165 * (1 + (B166 - B165) / B165 + $J$3 / 52)) | F166: =IF(OR(ISBLANK(B166),B166=0),"",F165*((E165/E166)*(C166/C165))) | G166: =IF(ISBLANK(B166),"",100*(F166/F10-1))
C167: =IF(ISBLANK(B167), "", C166 * (1 + (B167 - B166) / B166 + $J$3 / 52)) | F167: =IF(OR(ISBLANK(B167),B167=0),"",F166*((E166/E167)*(C167/C166))) | G167: =IF(ISBLANK(B167),"",100*(F167/F11-1))
C168: =IF(ISBLANK(B168), "", C167 * (1 + (B168 - B167) / B167 + $J$3 / 52)) | F168: =IF(OR(ISBLANK(B168),B168=0),"",F167*((E167/E168)*(C168/C167))) | G168: =IF(ISBLANK(B168),"",100*(F168/F12-1))
C169: =IF(ISBLANK(B169), "", C168 * (1 + (B169 - B168) / B168 + $J$3 / 52)) | F169: =IF(OR(ISBLANK(B169),B169=0),"",F168*((E168/E169)*(C169/C168))) | G169: =IF(ISBLANK(B169),"",100*(F169/F13-1))
C170: =IF(ISBLANK(B170), "", C169 * (1 + (B170 - B169) / B169 + $J$3 / 52)) | F170: =IF(OR(ISBLANK(B170),B170=0),"",F169*((E169/E170)*(C170/C169))) | G170: =IF(ISBLANK(B170),"",100*(F170/F14-1))
C171: =IF(ISBLANK(B171), "", C170 * (1 + (B171 - B170) / B170 + $J$3 / 52)) | F171: =IF(OR(ISBLANK(B171),B171=0),"",F170*((E170/E171)*(C171/C170))) | G171: =IF(ISBLANK(B171),"",100*(F171/F15-1))
C172: =IF(ISBLANK(B172), "", C171 * (1 + (B172 - B171) / B171 + $J$3 / 52)) | F172: =IF(OR(ISBLANK(B172),B172=0),"",F171*((E171/E172)*(C172/C171))) | G172: =IF(ISBLANK(B172),"",100*(F172/F16-1))
C173: =IF(ISBLANK(B173), "", C172 * (1 + (B173 - B172) / B172 + $J$3 / 52)) | F173: =IF(OR(ISBLANK(B173),B173=0),"",F172*((E172/E173)*(C173/C172))) | G173: =IF(ISBLANK(B173),"",100*(F173/F17-1))
... C265: =IF(ISBLANK(B265), "", C264 * (1 + (B265 - B264) / B264 + $J$3 / 52)) | F265: =IF(OR(ISBLANK(B265),B265=0),"",F264*((E264/E265)*(C265/C264))) | G265: =IF(ISBLANK(B265),"",100*(F265/F109-1))
C266: =IF(ISBLANK(B266), "", C265 * (1 + (B266 - B265) / B265 + $J$3 / 52)) | F266: =IF(OR(ISBLANK(B266),B266=0),"",F265*((E265/E266)*(C266/C265))) | G266: =IF(ISBLANK(B266),"",100*(F266/F110-1)) | H266: =IF(ISBLANK(B266),"",100*($F266/$F6-1))
C267: =IF(ISBLANK(B267), "", C266 * (1 + (B267 - B266) / B266 + $J$3 / 52)) | F267: =IF(OR(ISBLANK(B267),B267=0),"",F266*((E266/E267)*(C267/C266))) | G267: =IF(ISBLANK(B267),"",100*(F267/F111-1)) | H267: =IF(ISBLANK(B267),"",100*($F267/$F7-1))
C268: =IF(ISBLANK(B268), "", C267 * (1 + (B268 - B267) / B267 + $J$3 / 52)) | F268: =IF(OR(ISBLANK(B268),B268=0),"",F267*((E267/E268)*(C268/C267))) | G268: =IF(ISBLANK(B268),"",100*(F268/F112-1)) | H268: =IF(ISBLANK(B268),"",100*($F268/$F8-1))
C269: =IF(ISBLANK(B269), "", C268 * (1 + (B269 - B268) / B268 + $J$3 / 52)) | F269: =IF(OR(ISBLANK(B269),B269=0),"",F268*((E268/E269)*(C269/C268))) | G269: =IF(ISBLANK(B269),"",100*(F269/F113-1)) | H269: =IF(ISBLANK(B269),"",100*($F269/$F9-1))
C270: =IF(ISBLANK(B270), "", C269 * (1 + (B270 - B269) / B269 + $J$3 / 52)) | F270: =IF(OR(ISBLANK(B270),B270=0),"",F269*((E269/E270)*(C270/C269))) | G270: =IF(ISBLANK(B270),"",100*(F270/F114-1)) | H270: =IF(ISBLANK(B270),"",100*($F270/$F10-1))
C271: =IF(ISBLANK(B271), "", C270 * (1 + (B271 - B270) / B270 + $J$3 / 52)) | F271: =IF(OR(ISBLANK(B271),B271=0),"",F270*((E270/E271)*(C271/C270))) | G271: =IF(ISBLANK(B271),"",100*(F271/F115-1)) | H271: =IF(ISBLANK(B271),"",100*($F271/$F11-1))
C272: =IF(ISBLANK(B272), "", C271 * (1 + (B272 - B271) / B271 + $J$3 / 52)) | F272: =IF(OR(ISBLANK(B272),B272=0),"",F271*((E271/E272)*(C272/C271))) | G272: =IF(ISBLANK(B272),"",100*(F272/F116-1)) | H272: =IF(ISBLANK(B272),"",100*($F272/$F12-1))
C273: =IF(ISBLANK(B273), "", C272 * (1 + (B273 - B272) / B272 + $J$3 / 52)) | F273: =IF(OR(ISBLANK(B273),B273=0),"",F272*((E272/E273)*(C273/C272))) | G273: =IF(ISBLANK(B273),"",100*(F273/F117-1)) | H273: =IF(ISBLANK(B273),"",100*($F273/$F13-1))
C274: =IF(ISBLANK(B274), "", C273 * (1 + (B274 - B273) / B273 + $J$3 / 52)) | F274: =IF(OR(ISBLANK(B274),B274=0),"",F273*((E273/E274)*(C274/C273))) | G274: =IF(ISBLANK(B274),"",100*(F274/F118-1)) | H274: =IF(ISBLANK(B274),"",100*($F274/$F14-1))
C275: =IF(ISBLANK(B275), "", C274 * (1 + (B275 - B274) / B274 + $J$3 / 52)) | F275: =IF(OR(ISBLANK(B275),B275=0),"",F274*((E274/E275)*(C275/C274))) | G275: =IF(ISBLANK(B275),"",100*(F275/F119-1)) | H275: =IF(ISBLANK(B275),"",100*($F275/$F15-1))
C276: =IF(ISBLANK(B276), "", C275 * (1 + (B276 - B275) / B275 + $J$3 / 52)) | F276: =IF(OR(ISBLANK(B276),B276=0),"",F275*((E275/E276)*(C276/C275))) | G276: =IF(ISBLANK(B276),"",100*(F276/F120-1)) | H276: =IF(ISBLANK(B276),"",100*($F276/$F16-1))
C277: =IF(ISBLANK(B277), "", C276 * (1 + (B277 - B276) / B276 + $J$3 / 52)) | F277: =IF(OR(ISBLANK(B277),B277=0),"",F276*((E276/E277)*(C277/C276))) | G277: =IF(ISBLANK(B277),"",100*(F277/F121-1)) | H277: =IF(ISBLANK(B277),"",100*($F277/$F17-1))
... C1346: =IF(ISBLANK(B1346), "", C1345 * (1 + (B1346 - B1345) / B1345 + $J$3 / 52)) | F1346: =IF(OR(ISBLANK(B1346),B1346=0),"",F1345*((E1345/E1346)*(C1346/C1345))) | G1346: =IF(ISBLANK(B1346),"",100*(F1346/F1190-1)) | H1346: =IF(ISBLANK(B1346),"",100*($F1346/$F1086-1))
C1347: =IF(ISBLANK(B1347), "", C1346 * (1 + (B1347 - B1346) / B1346 + $J$3 / 52)) | F1347: =IF(OR(ISBLANK(B1347),B1347=0),"",F1346*((E1347/E1346)*(C1347/C1346))) | G1347: =IF(ISBLANK(B1347),"",100*(F1347/F1191-1)) | H1347: =IF(ISBLANK(B1347),"",100*($F1347/$F1087-1))
C1348: =IF(ISBLANK(B1348), "", C1347 * (1 + (B1348 - B1347) / B1347 + $J$3 / 52)) | F1348: =IF(OR(ISBLANK(B1348),B1348=0),"",F1347*((E1348/E1347)*(C1348/C1347))) | G1348: =IF(ISBLANK(B1348),"",100*(F1348/F1192-1)) | H1348: =IF(ISBLANK(B1348),"",100*($F1348/$F1088-1))
C1349: =IF(ISBLANK(B1349), "", C1348 * (1 + (B1349 - B1348) / B1348 + $J$3 / 52)) | F1349: =IF(OR(ISBLANK(B1349),B1349=0),"",F1348*((E1349/E1348)*(C1349/C1348))) | G1349: =IF(ISBLANK(B1349),"",100*(F1349/F1193-1)) | H1349: =IF(ISBLANK(B1349),"",100*($F1349/$F1089-1))
C1350: =IF(ISBLANK(B1350), "", C1349 * (1 + (B1350 - B1349) / B1349 + $J$3 / 52)) | F1350: =IF(OR(ISBLANK(B1350),B1350=0),"",F1349*((E1350/E1349)*(C1350/C1349))) | G1350: =IF(ISBLANK(B1350),"",100*(F1350/F1194-1)) | H1350: =IF(ISBLANK(B1350),"",100*($F1350/$F1090-1))
C1351: =IF(ISBLANK(B1351), "", C1350 * (1 + (B1351 - B1350) / B1350 + $J$3 / 52)) | F1351: =IF(OR(ISBLANK(B1351),B1351=0),"",F1350*((E1351/E1350)*(C1351/C1350))) | G1351: =IF(ISBLANK(B1351),"",100*(F1351/F1195-1)) | H1351: =IF(ISBLANK(B1351),"",100*($F1351/$F1091-1))
C1352: =IF(ISBLANK(B1352), "", C1351 * (1 + (B1352 - B1351) / B1351 + $J$3 / 52)) | F1352: =IF(OR(ISBLANK(B1352),B1352=0),"",F1351*((E1352/E1351)*(C1352/C1351))) | G1352: =IF(ISBLANK(B1352),"",100*(F1352/F1196-1)) | H1352: =IF(ISBLANK(B1352),"",100*($F1352/$F1092-1))
C1353: =IF(ISBLANK(B1353), "", C1352 * (1 + (B1353 - B1352) / B1352 + $J$3 / 52)) | F1353: =IF(OR(ISBLANK(B1353),B1353=0),"",F1352*((E1353/E1352)*(C1353/C1352))) | G1353: =IF(ISBLANK(B1353),"",100*(F1353/F1197-1)) | H1353: =IF(ISBLANK(B1353),"",100*($F1353/$F1093-1))
C1354: =IF(ISBLANK(B1354), "", C1353 * (1 + (B1354 - B1353) / B1353 + $J$3 / 52)) | F1354: =IF(OR(ISBLANK(B1354),B1354=0),"",F1353*((E1354/E1353)*(C1354/C1353))) | G1354: =IF(ISBLANK(B1354),"",100*(F1354/F1198-1)) | H1354: =IF(ISBLANK(B1354),"",100*($F1354/$F1094-1))
C1355: =IF(ISBLANK(B1355), "", C1354 * (1 + (B1355 - B1354) / B1354 + $J$3 / 52)) | F1355: =IF(OR(ISBLANK(B1355),B1355=0),"",F1354*((E1355/E1354)*(C1355/C1354))) | G1355: =IF(ISBLANK(B1355),"",100*(F1355/F1199-1)) | H1355: =IF(ISBLANK(B1355),"",100*($F1355/$F1095-1))
C1356: =IF(ISBLANK(B1356), "", C1355 * (1 + (B1356 - B1355) / B1355 + $J$3 / 52)) | F1356: =IF(OR(ISBLANK(B1356),B1356=0),"",F1355*((E1356/E1355)*(C1356/C1355))) | G1356: =IF(ISBLANK(B1356),"",100*(F1356/F1200-1)) | H1356: =IF(ISBLANK(B1356),"",100*($F1356/$F1096-1))
C1357: =IF(ISBLANK(B1357), "", C1356 * (1 + (B1357 - B1356) / B1356 + $J$3 / 52)) | F1357: =IF(OR(ISBLANK(B1357),B1357=0),"",F1356*((E1357/E1356)*(C1357/C1356))) | G1357: =IF(ISBLANK(B1357),"",100*(F1357/F1201-1)) | H1357: =IF(ISBLANK(B1357),"",100*($F1357/$F1097-1))
C1358: =IF(ISBLANK(B1358), "", C1357 * (1 + (B1358 - B1357) / B1357 + $J$3 / 52)) | F1358: =IF(OR(ISBLANK(B1358),B1358=0),"",F1357*((E1358/E1357)*(C1358/C1357))) | G1358: =IF(ISBLANK(B1358),"",100*(F1358/F1202-1)) | H1358: =IF(ISBLANK(B1358),"",100*($F1358/$F1098-1))
... C1385: =IF(ISBLANK(B1385), "", C1384 * (1 + (B1385 - B1384) / B1384 + $J$3 / 52)) | F1385: =IF(OR(ISBLANK(B1385),B1385=0),"",F1384*((E1385/E1384)*(C1385/C1384))) | G1385: =IF(ISBLANK(B1385),"",100*(F1385/F1229-1)) | H1385: =IF(ISBLANK(B1385),"",100*($F1385/$F1125-1))
C1386: =IF(ISBLANK(B1385), "", C1385 * (1 + (B1386 - B1385) / B1385 + $J$3 / 52)) | F1386: =IF(OR(ISBLANK(B1386),B1386=0),"",F1385*((E1386/E1385)*(C1386/C1385))) | G1386: =IF(ISBLANK(B1386),"",100*(F1386/F1230-1)) | H1386: =IF(ISBLANK(B1386),"",100*($F1386/$F1126-1))
C1387: =IF(ISBLANK(B1386), "", C1386 * (1 + (B1387 - B1386) / B1386 + $J$3 / 52)) | F1387: =IF(OR(ISBLANK(B1387),B1387=0),"",F1386*((E1387/E1386)*(C1387/C1386))) | G1387: =IF(ISBLANK(B1387),"",100*(F1387/F1231-1)) | H1387: =IF(ISBLANK(B1387),"",100*($F1387/$F1127-1))
C1388: =IF(ISBLANK(B1387), "", C1387 * (1 + (B1388 - B1387) / B1387 + $J$3 / 52)) | F1388: =IF(OR(ISBLANK(B1388),B1388=0),"",F1387*((E1388/E1387)*(C1388/C1387))) | G1388: =IF(ISBLANK(B1388),"",100*(F1388/F1232-1)) | H1388: =IF(ISBLANK(B1388),"",100*($F1388/$F1128-1))
C1389: =IF(ISBLANK(B1388), "", C1388 * (1 + (B1389 - B1388) / B1388 + $J$3 / 52)) | F1389: =IF(OR(ISBLANK(B1389),B1389=0),"",F1388*((E1389/E1388)*(C1389/C1388))) | G1389: =IF(ISBLANK(B1389),"",100*(F1389/F1233-1)) | H1389: =IF(ISBLANK(B1389),"",100*($F1389/$F1129-1))
C1390: =IF(ISBLANK(B1389), "", C1389 * (1 + (B1390 - B1389) / B1389 + $J$3 / 52)) | F1390: =IF(OR(ISBLANK(B1390),B1390=0),"",F1389*((E1390/E1389)*(C1390/C1389))) | G1390: =IF(ISBLANK(B1390),"",100*(F1390/F1234-1)) | H1390: =IF(ISBLANK(B1390),"",100*($F1390/$F1130-1))
C1391: =IF(ISBLANK(B1390), "", C1390 * (1 + (B1391 - B1390) / B1390 + $J$3 / 52)) | F1391: =IF(OR(ISBLANK(B1391),B1391=0),"",F1390*((E1391/E1390)*(C1391/C1390))) | G1391: =IF(ISBLANK(B1391),"",100*(F1391/F1235-1)) | H1391: =IF(ISBLANK(B1391),"",100*($F1391/$F1131-1))
C1392: =IF(ISBLANK(B1391), "", C1391 * (1 + (B1392 - B1391) / B1391 + $J$3 / 52)) | F1392: =IF(OR(ISBLANK(B1392),B1392=0),"",F1391*((E1392/E1391)*(C1392/C1391))) | G1392: =IF(ISBLANK(B1392),"",100*(F1392/F1236-1)) | H1392: =IF(ISBLANK(B1392),"",100*($F1392/$F1132-1))
C1393: =IF(ISBLANK(B1392), "", C1392 * (1 + (B1393 - B1392) / B1392 + $J$3 / 52)) | F1393: =IF(OR(ISBLANK(B1393),B1393=0),"",F1392*((E1393/E1392)*(C1393/C1392))) | G1393: =IF(ISBLANK(B1393),"",100*(F1393/F1237-1)) | H1393: =IF(ISBLANK(B1393),"",100*($F1393/$F1133-1))
C1394: =IF(ISBLANK(B1393), "", C1393 * (1 + (B1394 - B1393) / B1393 + $J$3 / 52)) | F1394: =IF(OR(ISBLANK(B1394),B1394=0),"",F1393*((E1394/E1393)*(C1394/C1393))) | G1394: =IF(ISBLANK(B1394),"",100*(F1394/F1238-1)) | H1394: =IF(ISBLANK(B1394),"",100*($F1394/$F1134-1))
C1395: =IF(ISBLANK(B1394), "", C1394 * (1 + (B1395 - B1394) / B1394 + $J$3 / 52)) | F1395: =IF(OR(ISBLANK(B1395),B1395=0),"",F1394*((E1395/E1394)*(C1395/C1394))) | G1395: =IF(ISBLANK(B1395),"",100*(F1395/F1239-1)) | H1395: =IF(ISBLANK(B1395),"",100*($F1395/$F1135-1))
C1396: =IF(ISBLANK(B1395), "", C1395 * (1 + (B1396 - B1395) / B1395 + $J$3 / 52)) | F1396: =IF(OR(ISBLANK(B1396),B1396=0),"",F1395*((E1396/E1395)*(C1396/C1395))) | G1396: =IF(ISBLANK(B1396),"",100*(F1396/F1240-1)) | H1396: =IF(ISBLANK(B1396),"",100*($F1396/$F1136-1))
C1397: =IF(ISBLANK(B1396), "", C1396 * (1 + (B1397 - B1396) / B1396 + $J$3 / 52)) | F1397: =IF(OR(ISBLANK(B1397),B1397=0),"",F1396*((E1397/E1396)*(C1397/C1396))) | G1397: =IF(ISBLANK(B1397),"",100*(F1397/F1241-1)) | H1397: =IF(ISBLANK(B1397),"",100*($F1397/$F1137-1))
...

Sheet vsSTOXX50E
B1: PRODUCT | C1: DATE | D1: 2010 | E1: 1 | F1: 15 | H1: TYPE | I1: WEEKLY
B3: .INX | D3: CURRENCY:EURUSD | F3: SX5E
A4: =IFERROR(__xludf.DUMMYFUNCTION("GOOGLEFINANCE(B$3, ""price"", DATE($D1, $E1, $F1), TODAY(), $I$1)"),"Loading...") -> Loading... | C4: =IFERROR(__xludf.DUMMYFUNCTION("GOOGLEFINANCE(D$3, ""price"", DATE($D1, $E1, $F1), TODAY(), $I$1)"),"Loading...") -> Loading... | E4: =IFERROR(__xludf.DUMMYFUNCTION("GOOGLEFINANCE(F$3, ""price"", DATE($D1, $E1, $F1), TODAY(), $I$1)"),"Loading...") -> Loading...

Sheet SX5E vs INVERSE ETF
B1: PRODUCT | D1: DATE | E1: 2023 | F1: 10 | G1: 1 | I1: TYPE | J1: WEEKLY
B2: IE00B5BMR087 | G2: IE00B5BMR087
B3: SX5E | D3: BSX
A4: =IFERROR(__xludf.DUMMYFUNCTION("GOOGLEFINANCE(B$3, ""price"", DATE($E1, $F1, $G1), TODAY(), $J$1)"),"Loading...") -> Loading... | C4: =IFERROR(__xludf.DUMMYFUNCTION("GOOGLEFINANCE(D$3, ""price"", DATE($E1, $F1, $G1), TODAY(), $J$1)"),"Loading...") -> Loading... | F4: =B58/B5-1 -> #DIV/0! | H4: =D58/D5-1 -> #DIV/0!

Sheet EQUITYFXCORRELATION
A1: ='EQUITY BACKTEST'!A4 -> Loading... | B1: S&P | C1: USDEUR | D1: CORREL | E1: WEEKLY S&P RETURN | F1: ANNUAL S&P RETURN | G1: ANNUAL FX RETURN | H1: CRASH TEST | I1: EQITY CRASH MOVE | J1: FX CORREL CRASH | K1: TIME TO RECOVERY | L1: -0.05
A2: ='EQUITY BACKTEST'!A5 | B2: ='EQUITY BACKTEST'!B5 | C2: =1/'EQUITY BACKTEST'!E5 -> #DIV/0! | I2: =IF($H2="Crash",100*E2,NA()) -> #N/A | J2: =IF($H2="Crash",100*D2,NA()) -> #N/A | K2: {=IF(H2="Crash",MATCH(TRUE, B3:B100 >= B2, 0),"")} | N2: =MEDIAN(K2:K1000) -> #NUM!
A3: ='EQUITY BACKTEST'!A6 | B3: ='EQUITY BACKTEST'!B6 | C3: =1/'EQUITY BACKTEST'!E6 -> #DIV/0! | E3: =IF(A3<>"", (B3 - B2) / B2, "") | H3: =IF(E3 < $L$1, "Crash", "") | I3: =IF($H3="Crash",100*E3,NA()) -> #N/A | J3: =IF($H3="Crash",100*D3,NA()) -> #N/A | K3: {=IF(H3="Crash",MATCH(TRUE, B4:B101 >= B2, 0),"")} | L3: =AVERAGEIF($I$6:$I$10000, "<>") -> #N/A | N3: =MAX(K2:K1000) -> 0
A4: ='EQUITY BACKTEST'!A7 | B4: ='EQUITY BACKTEST'!B7 | C4: =1/'EQUITY BACKTEST'!E7 -> #DIV/0! | E4: =IF(A4<>"", (B4 - B3) / B3, "") | H4: =IF(E4 < $L$1, "Crash", "") | I4: =IF($H4="Crash",100*E4,NA()) -> #N/A | J4: =IF($H4="Crash",100*D4,NA()) -> #N/A | K4: {=IF(H4="Crash",MATCH(TRUE, B5:B102 >= B3, 0),"")}
A5: ='EQUITY BACKTEST'!A8 | B5: ='EQUITY BACKTEST'!B8 | C5: =1/'EQUITY BACKTEST'!E8 -> #DIV/0! | E5: =IF(A5<>"", (B5 - B4) / B4, "") | H5: =IF(E5 < $L$1, "Crash", "") | I5: =IF($H5="Crash",100*E5,NA()) -> #N/A | J5: =IF($H5="Crash",100*D5,NA()) -> #N/A | K5: {=IF(H5="Crash",MATCH(TRUE, B6:B103 >= B4, 0),"")}
A6: ='EQUITY BACKTEST'!A9 | B6: ='EQUITY BACKTEST'!B9 | C6: =1/'EQUITY BACKTEST'!E9 -> #DIV/0! | E6: =IF(A6<>"", (B6 - B5) / B5, "") | H6: =IF(E6 < $L$1, "Crash", "") | I6: =IF($H6="Crash",100*E6,NA()) -> #N/A | J6: =IF($H6="Crash",100*D6,NA()) -> #N/A | K6: {=IF(H6="Crash",MATCH(TRUE, B7:B104 >= B5, 0),"")}
A7: ='EQUITY BACKTEST'!A10 | B7: ='EQUITY BACKTEST'!B10 | C7: =1/'EQUITY BACKTEST'!E10 -> #DIV/0! | E7: =IF(A7<>"", (B7 - B6) / B6, "") | H7: =IF(E7 < $L$1, "Crash", "") | I7: =IF($H7="Crash",100*E7,NA()) -> #N/A | J7: =IF($H7="Crash",100*D7,NA()) -> #N/A | K7: {=IF(H7="Crash",MATCH(TRUE, B8:B105 >= B6, 0),"")}
A8: ='EQUITY BACKTEST'!A11 | B8: ='EQUITY BACKTEST'!B11 | C8: =1/'EQUITY BACKTEST'!E11 -> #DIV/0! | E8: =IF(A8<>"", (B8 - B7) / B7, "") | H8: =IF(E8 < $L$1, "Crash", "") | I8: =IF($H8="Crash",100*E8,NA()) -> #N/A | J8: =IF($H8="Crash",100*D8,NA()) -> #N/A | K8: {=IF(H8="Crash",MATCH(TRUE, B9:B106 >= B7, 0),"")}
A9: ='EQUITY BACKTEST'!A12 | B9: ='EQUITY BACKTEST'!B12 | C9: =1/'EQUITY BACKTEST'!E12 -> #DIV/0! | E9: =IF(A9<>"", (B9 - B8) / B8, "") | H9: =IF(E9 < $L$1, "Crash", "") | I9: =IF($H9="Crash",100*E9,NA()) -> #N/A | J9: =IF($H9="Crash",100*D9,NA()) -> #N/A | K9: {=IF(H9="Crash",MATCH(TRUE, B10:B107 >= B8, 0),"")}
A10: ='EQUITY BACKTEST'!A13 | B10: ='EQUITY BACKTEST'!B13 | C10: =1/'EQUITY BACKTEST'!E13 -> #DIV/0! | E10: =IF(A10<>"", (B10 - B9) / B9, "") | H10: =IF(E10 < $L$1, "Crash", "") | I10: =IF($H10="Crash",100*E10,NA()) -> #N/A | J10: =IF($H10="Crash",100*D10,NA()) -> #N/A | K10: {=IF(H10="Crash",MATCH(TRUE, B11:B108 >= B9, 0),"")}
A11: ='EQUITY BACKTEST'!A14 | B11: ='EQUITY BACKTEST'!B14 | C11: =1/'EQUITY BACKTEST'!E14 -> #DIV/0! | E11: =IF(A11<>"", (B11 - B10) / B10, "") | H11: =IF(E11 < $L$1, "Crash", "") | I11: =IF($H11="Crash",100*E11,NA()) -> #N/A | J11: =IF($H11="Crash",100*D11,NA()) -> #N/A | K11: {=IF(H11="Crash",MATCH(TRUE, B12:B109 >= B10, 0),"")}
A12: ='EQUITY BACKTEST'!A15 | B12: ='EQUITY BACKTEST'!B15 | C12: =1/'EQUITY BACKTEST'!E15 -> #DIV/0! | E12: =IF(A12<>"", (B12 - B11) / B11, "") | H12: =IF(E12 < $L$1, "Crash", "") | I12: =IF($H12="Crash",100*E12,NA()) -> #N/A | J12: =IF($H12="Crash",100*D12,NA()) -> #N/A | K12: {=IF(H12="Crash",MATCH(TRUE, B13:B110 >= B11, 0),"")}
A13: ='EQUITY BACKTEST'!A16 | B13: ='EQUITY BACKTEST'!B16 | C13: =1/'EQUITY BACKTEST'!E16 -> #DIV/0! | E13: =IF(A13<>"", (B13 - B12) / B12, "") | H13: =IF(E13 < $L$1, "Crash", "") | I13: =IF($H13="Crash",100*E13,NA()) -> #N/A | J13: =IF($H13="Crash",100*D13,NA()) -> #N/A | K13: {=IF(H13="Crash",MATCH(TRUE, B14:B111 >= B12, 0),"")}
A14: ='EQUITY BACKTEST'!A17 | B14: ='EQUITY BACKTEST'!B17 | C14: =1/'EQUITY BACKTEST'!E17 -> #DIV/0! | D14: =CORREL($B2:$B14,$C2:$C14) -> #DIV/0! | E14: =IF(A14<>"", (B14 - B13) / B13, "") | H14: =IF(E14 < $L$1, "Crash", "") | I14: =IF($H14="Crash",100*E14,NA()) -> #N/A | J14: =IF($H14="Crash",100*D14,NA()) -> #N/A | K14: {=IF(H14="Crash",MATCH(TRUE, B15:B112 >= B13, 0),"")}
A15: ='EQUITY BACKTEST'!A18 | B15: ='EQUITY BACKTEST'!B18 | C15: =1/'EQUITY BACKTEST'!E18 -> #DIV/0! | D15: =CORREL($B3:$B15,$C3:$C15) -> #DIV/0! | E15: =IF(A15<>"", (B15 - B14) / B14, "") | H15: =IF(E15 < $L$1, "Crash", "") | I15: =IF($H15="Crash",100*E15,NA()) -> #N/A | J15: =IF($H15="Crash",100*D15,NA()) -> #N/A | K15: {=IF(H15="Crash",MATCH(TRUE, B16:B113 >= B14, 0),"")}
A16: ='EQUITY BACKTEST'!A19 | B16: ='EQUITY BACKTEST'!B19 | C16: =1/'EQUITY BACKTEST'!E19 -> #DIV/0! | D16: =CORREL($B4:$B16,$C4:$C16) -> #DIV/0! | E16: =IF(A16<>"", (B16 - B15) / B15, "") | H16: =IF(E16 < $L$1, "Crash", "") | I16: =IF($H16="Crash",100*E16,NA()) -> #N/A | J16: =IF($H16="Crash",100*D16,NA()) -> #N/A | K16: {=IF(H16="Crash",MATCH(TRUE, B17:B114 >= B15, 0),"")}
A17: ='EQUITY BACKTEST'!A20 | B17: ='EQUITY BACKTEST'!B20 | C17: =1/'EQUITY BACKTEST'!E20 -> #DIV/0! | D17: =CORREL($B5:$B17,$C5:$C17) -> #DIV/0! | E17: =IF(A17<>"", (B17 - B16) / B16, "") | H17: =IF(E17 < $L$1, "Crash", "") | I17: =IF($H17="Crash",100*E17,NA()) -> #N/A | J17: =IF($H17="Crash",100*D17,NA()) -> #N/A | K17: {=IF(H17="Crash",MATCH(TRUE, B18:B115 >= B16, 0),"")}
A18: ='EQUITY BACKTEST'!A21 | B18: ='EQUITY BACKTEST'!B21 | C18: =1/'EQUITY BACKTEST'!E21 -> #DIV/0! | D18: =CORREL($B6:$B18,$C6:$C18) -> #DIV/0! | E18: =IF(A18<>"", (B18 - B17) / B17, "") | H18: =IF(E18 < $L$1, "Crash", "") | I18: =IF($H18="Crash",100*E18,NA()) -> #N/A | J18: =IF($H18="Crash",100*D18,NA()) -> #N/A | K18: {=IF(H18="Crash",MATCH(TRUE, B19:B116 >= B17, 0),"")}
A19: ='EQUITY BACKTEST'!A22 | B19: ='EQUITY BACKTEST'!B22 | C19: =1/'EQUITY BACKTEST'!E22 -> #DIV/0! | D19: =CORREL($B7:$B19,$C7:$C19) -> #DIV/0! | E19: =IF(A19<>"", (B19 - B18) / B18, "") | H19: =IF(E19 < $L$1, "Crash", "") | I19: =IF($H19="Crash",100*E19,NA()) -> #N/A | J19: =IF($H19="Crash",100*D19,NA()) -> #N/A | K19: {=IF(H19="Crash",MATCH(TRUE, B20:B117 >= B18, 0),"")}
A20: ='EQUITY BACKTEST'!A23 | B20: ='EQUITY BACKTEST'!B23 | C20: =1/'EQUITY BACKTEST'!E23 -> #DIV/0! | D20: =CORREL($B8:$B20,$C8:$C20) -> #DIV/0! | E20: =IF(A20<>"", (B20 - B19) / B19, "") | H20: =IF(E20 < $L$1, "Crash", "") | I20: =IF($H20="Crash",100*E20,NA()) -> #N/A | J20: =IF($H20="Crash",100*D20,NA()) -> #N/A | K20: {=IF(H20="Crash",MATCH(TRUE, B21:B118 >= B19, 0),"")}
A21: ='EQUITY BACKTEST'!A24 | B21: ='EQUITY BACKTEST'!B24 | C21: =1/'EQUITY BACKTEST'!E24 -> #DIV/0! | D21: =CORREL($B9:$B21,$C9:$C21) -> #DIV/0! | E21: =IF(A21<>"", (B21 - B20) / B20, "") | H21: =IF(E21 < $L$1, "Crash", "") | I21: =IF($H21="Crash",100*E21,NA()) -> #N/A | J21: =IF($H21="Crash",100*D21,NA()) -> #N/A | K21: {=IF(H21="Crash",MATCH(TRUE, B22:B119 >= B20, 0),"")}
A22: ='EQUITY BACKTEST'!A25 | B22: ='EQUITY BACKTEST'!B25 | C22: =1/'EQUITY BACKTEST'!E25 -> #DIV/0! | D22: =CORREL($B10:$B22,$C10:$C22) -> #DIV/0! | E22: =IF(A22<>"", (B22 - B21) / B21, "") | H22: =IF(E22 < $L$1, "Crash", "") | I22: =IF($H22="Crash",100*E22,NA()) -> #N/A | J22: =IF($H22="Crash",100*D22,NA()) -> #N/A | K22: {=IF(H22="Crash",MATCH(TRUE, B23:B120 >= B21, 0),"")}
A23: ='EQUITY BACKTEST'!A26 | B23: ='EQUITY BACKTEST'!B26 | C23: =1/'EQUITY BACKTEST'!E26 -> #DIV/0! | D23: =CORREL($B11:$B23,$C11:$C23) -> #DIV/0! | E23: =IF(A23<>"", (B23 - B22) / B22, "") | H23: =IF(E23 < $L$1, "Crash", "") | I23: =IF($H23="Crash",100*E23,NA()) -> #N/A | J23: =IF($H23="Crash",100*D23,NA()) -> #N/A | K23: {=IF(H23="Crash",MATCH(TRUE, B24:B121 >= B22, 0),"")}
A24: ='EQUITY BACKTEST'!A27 | B24: ='EQUITY BACKTEST'!B27 | C24: =1/'EQUITY BACKTEST'!E27 -> #DIV/0! | D24: =CORREL($B12:$B24,$C12:$C24) -> #DIV/0! | E24: =IF(A24<>"", (B24 - B23) / B23, "") | H24: =IF(E24 < $L$1, "Crash", "") | I24: =IF($H24="Crash",100*E24,NA()) -> #N/A | J24: =IF($H24="Crash",100*D24,NA()) -> #N/A | K24: {=IF(H24="Crash",MATCH(TRUE, B25:B122 >= B23, 0),"")}
A25: ='EQUITY BACKTEST'!A28 | B25: ='EQUITY BACKTEST'!B28 | C25: =1/'EQUITY BACKTEST'!E28 -> #DIV/0! | D25: =CORREL($B13:$B25,$C13:$C25) -> #DIV/0! | E25: =IF(A25<>"", (B25 - B24) / B24, "") | H25: =IF(E25 < $L$1, "Crash", "") | I25: =IF($H25="Crash",100*E25,NA()) -> #N/A | J25: =IF($H25="Crash",100*D25,NA()) -> #N/A | K25: {=IF(H25="Crash",MATCH(TRUE, B26:B123 >= B24, 0),"")}
... A53: ='EQUITY BACKTEST'!A56 | B53: ='EQUITY BACKTEST'!B56 | C53: =1/'EQUITY BACKTEST'!E56 -> #DIV/0! | D53: =CORREL($B41:$B53,$C41:$C53) -> #DIV/0! | E53: =IF(A53<>"", (B53 - B52) / B52, "") | H53: =IF(E53 < $L$1, "Crash", "") | I53: =IF($H53="Crash",100*E53,NA()) -> #N/A | J53: =IF($H53="Crash",100*D53,NA()) -> #N/A | K53: {=IF(H53="Crash",MATCH(TRUE, B54:B151 >= B52, 0),"")}
A54: ='EQUITY BACKTEST'!A57 | B54: ='EQUITY BACKTEST'!B57 | C54: =1/'EQUITY BACKTEST'!E57 -> #DIV/0! | D54: =CORREL($B42:$B54,$C42:$C54) -> #DIV/0! | E54: =IF(A54<>"", (B54 - B53) / B53, "") | F54: =B54/B2-1 -> #DIV/0! | H54: =IF(E54 < $L$1, "Crash", "") | I54: =IF($H54="Crash",100*E54,NA()) -> #N/A | J54: =IF($H54="Crash",100*D54,NA()) -> #N/A | K54: {=IF(H54="Crash",MATCH(TRUE, B55:B152 >= B53, 0),"")}
A55: ='EQUITY BACKTEST'!A58 | B55: ='EQUITY BACKTEST'!B58 | C55: =1/'EQUITY BACKTEST'!E58 -> #DIV/0! | D55: =CORREL($B43:$B55,$C43:$C55) -> #DIV/0! | E55: =IF(A55<>"", (B55 - B54) / B54, "") | F55: =B55/B3-1 -> #DIV/0! | H55: =IF(E55 < $L$1, "Crash", "") | I55: =IF($H55="Crash",100*E55,NA()) -> #N/A | J55: =IF($H55="Crash",100*D55,NA()) -> #N/A | K55: {=IF(H55="Crash",MATCH(TRUE, B56:B153 >= B54, 0),"")}
A56: ='EQUITY BACKTEST'!A59 | B56: ='EQUITY BACKTEST'!B59 | C56: =1/'EQUITY BACKTEST'!E59 -> #DIV/0! | D56: =CORREL($B44:$B56,$C44:$C56) -> #DIV/0! | E56: =IF(A56<>"", (B56 - B55) / B55, "") | F56: =B56/B4-1 -> #DIV/0! | H56: =IF(E56 < $L$1, "Crash", "") | I56: =IF($H56="Crash",100*E56,NA()) -> #N/A | J56: =IF($H56="Crash",100*D56,NA()) -> #N/A | K56: {=IF(H56="Crash",MATCH(TRUE, B57:B154 >= B55, 0),"")}
A57: ='EQUITY BACKTEST'!A60 | B57: ='EQUITY BACKTEST'!B60 | C57: =1/'EQUITY BACKTEST'!E60 -> #DIV/0! | D57: =CORREL($B45:$B57,$C45:$C57) -> #DIV/0! | E57: =IF(A57<>"", (B57 - B56) / B56, "") | F57: =B57/B5-1 -> #DIV/0! | H57: =IF(E57 < $L$1, "Crash", "") | I57: =IF($H57="Crash",100*E57,NA()) -> #N/A | J57: =IF($H57="Crash",100*D57,NA()) -> #N/A | K57: {=IF(H57="Crash",MATCH(TRUE, B58:B155 >= B56, 0),"")}
A58: ='EQUITY BACKTEST'!A61 | B58: ='EQUITY BACKTEST'!B61 | C58: =1/'EQUITY BACKTEST'!E61 -> #DIV/0! | D58: =CORREL($B46:$B58,$C46:$C58) -> #DIV/0! | E58: =IF(A58<>"", (B58 - B57) / B57, "") | F58: =B58/B6-1 -> #DIV/0! | H58: =IF(E58 < $L$1, "Crash", "") | I58: =IF($H58="Crash",100*E58,NA()) -> #N/A | J58: =IF($H58="Crash",100*D58,NA()) -> #N/A | K58: {=IF(H58="Crash",MATCH(TRUE, B59:B156 >= B57, 0),"")}
A59: ='EQUITY BACKTEST'!A62 | B59: ='EQUITY BACKTEST'!B62 | C59: =1/'EQUITY BACKTEST'!E62 -> #DIV/0! | D59: =CORREL($B47:$B59,$C47:$C59) -> #DIV/0! | E59: =IF(A59<>"", (B59 - B58) / B58, "") | F59: =B59/B7-1 -> #DIV/0! | H59: =IF(E59 < $L$1, "Crash", "") | I59: =IF($H59="Crash",100*E59,NA()) -> #N/A | J59: =IF($H59="Crash",100*D59,NA()) -> #N/A | K59: {=IF(H59="Crash",MATCH(TRUE, B60:B157 >= B58, 0),"")}
A60: ='EQUITY BACKTEST'!A63 | B60: ='EQUITY BACKTEST'!B63 | C60: =1/'EQUITY BACKTEST'!E63 -> #DIV/0! | D60: =CORREL($B48:$B60,$C48:$C60) -> #DIV/0! | E60: =IF(A60<>"", (B60 - B59) / B59, "") | F60: =B60/B8-1 -> #DIV/0! | H60: =IF(E60 < $L$1, "Crash", "") | I60: =IF($H60="Crash",100*E60,NA()) -> #N/A | J60: =IF($H60="Crash",100*D60,NA()) -> #N/A | K60: {=IF(H60="Crash",MATCH(TRUE, B61:B158 >= B59, 0),"")}
A61: ='EQUITY BACKTEST'!A64 | B61: ='EQUITY BACKTEST'!B64 | C61: =1/'EQUITY BACKTEST'!E64 -> #DIV/0! | D61: =CORREL($B49:$B61,$C49:$C61) -> #DIV/0! | E61: =IF(A61<>"", (B61 - B60) / B60, "") | F61: =B61/B9-1 -> #DIV/0! | H61: =IF(E61 < $L$1, "Crash", "") | I61: =IF($H61="Crash",100*E61,NA()) -> #N/A | J61: =IF($H61="Crash",100*D61,NA()) -> #N/A | K61: {=IF(H61="Crash",MATCH(TRUE, B62:B159 >= B60, 0),"")}
A62: ='EQUITY BACKTEST'!A65 | B62: ='EQUITY BACKTEST'!B65 | C62: =1/'EQUITY BACKTEST'!E65 -> #DIV/0! | D62: =CORREL($B50:$B62,$C50:$C62) -> #DIV/0! | E62: =IF(A62<>"", (B62 - B61) / B61, "") | F62: =B62/B10-1 -> #DIV/0! | H62: =IF(E62 < $L$1, "Crash", "") | I62: =IF($H62="Crash",100*E62,NA()) -> #N/A | J62: =IF($H62="Crash",100*D62,NA()) -> #N/A | K62: {=IF(H62="Crash",MATCH(TRUE, B63:B160 >= B61, 0),"")}
A63: ='EQUITY BACKTEST'!A66 | B63: ='EQUITY BACKTEST'!B66 | C63: =1/'EQUITY BACKTEST'!E66 -> #DIV/0! | D63: =CORREL($B51:$B63,$C51:$C63) -> #DIV/0! | E63: =IF(A63<>"", (B63 - B62) / B62, "") | F63: =B63/B11-1 -> #DIV/0! | H63: =IF(E63 < $L$1, "Crash", "") | I63: =IF($H63="Crash",100*E63,NA()) -> #N/A | J63: =IF($H63="Crash",100*D63,NA()) -> #N/A | K63: {=IF(H63="Crash",MATCH(TRUE, B64:B161 >= B62, 0),"")}
A64: ='EQUITY BACKTEST'!A67 | B64: ='EQUITY BACKTEST'!B67 | C64: =1/'EQUITY BACKTEST'!E67 -> #DIV/0! | D64: =CORREL($B52:$B64,$C52:$C64) -> #DIV/0! | E64: =IF(A64<>"", (B64 - B63) / B63, "") | F64: =B64/B12-1 -> #DIV/0! | H64: =IF(E64 < $L$1, "Crash", "") | I64: =IF($H64="Crash",100*E64,NA()) -> #N/A | J64: =IF($H64="Crash",100*D64,NA()) -> #N/A | K64: {=IF(H64="Crash",MATCH(TRUE, B65:B162 >= B63, 0),"")}
A65: ='EQUITY BACKTEST'!A68 | B65: ='EQUITY BACKTEST'!B68 | C65: =1/'EQUITY BACKTEST'!E68 -> #DIV/0! | D65: =CORREL($B53:$B65,$C53:$C65) -> #DIV/0! | E65: =IF(A65<>"", (B65 - B64) / B64, "") | F65: =B65/B13-1 -> #DIV/0! | H65: =IF(E65 < $L$1, "Crash", "") | I65: =IF($H65="Crash",100*E65,NA()) -> #N/A | J65: =IF($H65="Crash",100*D65,NA()) -> #N/A | K65: {=IF(H65="Crash",MATCH(TRUE, B66:B163 >= B64, 0),"")}
... A534: ='EQUITY BACKTEST'!A537 | B534: ='EQUITY BACKTEST'!B537 | C534: =1/'EQUITY BACKTEST'!E537 -> #DIV/0! | D534: =CORREL($B522:$B534,$C522:$C534) -> #DIV/0! | E534: =IF(A534<>"", (B534 - B533) / B533, "") | F534: =B534/B482-1 -> #DIV/0! | H534: =IF(E534 < $L$1, "Crash", "") | I534: =IF($H534="Crash",100*E534,NA()) -> #N/A | J534: =IF($H534="Crash",100*D534,NA()) -> #N/A | K534: {=IF(H534="Crash",MATCH(TRUE, B535:B632 >= B533, 0),"")}
A535: ='EQUITY BACKTEST'!A538 | B535: ='EQUITY BACKTEST'!B538 | C535: =1/'EQUITY BACKTEST'!E538 -> #DIV/0! | D535: =CORREL($B523:$B535,$C523:$C535) -> #DIV/0! | E535: =IF(A535<>"", (B535 - B534) / B534, "") | F535: =B535/B483-1 -> #DIV/0! | H535: =IF(E535 < $L$1, "Crash", "") | I535: =IF($H535="Crash",100*E535,NA()) -> #N/A | J535: =IF($H535="Crash",100*D535,NA()) -> #N/A | K535: {=IF(H535="Crash",MATCH(TRUE, B536:B633 >= B534, 0),"")} | L535: =C534/C528-1 -> #DIV/0!
A536: ='EQUITY BACKTEST'!A539 | B536: ='EQUITY BACKTEST'!B539 | C536: =1/'EQUITY BACKTEST'!E539 -> #DIV/0! | D536: =CORREL($B524:$B536,$C524:$C536) -> #DIV/0! | E536: =IF(A536<>"", (B536 - B535) / B535, "") | F536: =B536/B484-1 -> #DIV/0! | H536: =IF(E536 < $L$1, "Crash", "") | I536: =IF($H536="Crash",100*E536,NA()) -> #N/A | J536: =IF($H536="Crash",100*D536,NA()) -> #N/A | K536: {=IF(H536="Crash",MATCH(TRUE, B537:B634 >= B535, 0),"")}
A537: ='EQUITY BACKTEST'!A540 | B537: ='EQUITY BACKTEST'!B540 | C537: =1/'EQUITY BACKTEST'!E540 -> #DIV/0! | D537: =CORREL($B525:$B537,$C525:$C537) -> #DIV/0! | E537: =IF(A537<>"", (B537 - B536) / B536, "") | F537: =B537/B485-1 -> #DIV/0! | H537: =IF(E537 < $L$1, "Crash", "") | I537: =IF($H537="Crash",100*E537,NA()) -> #N/A | J537: =IF($H537="Crash",100*D537,NA()) -> #N/A | K537: {=IF(H537="Crash",MATCH(TRUE, B538:B635 >= B536, 0),"")}
A538: ='EQUITY BACKTEST'!A541 | B538: ='EQUITY BACKTEST'!B541 | C538: =1/'EQUITY BACKTEST'!E541 -> #DIV/0! | D538: =CORREL($B526:$B538,$C526:$C538) -> #DIV/0! | E538: =IF(A538<>"", (B538 - B537) / B537, "") | F538: =B538/B486-1 -> #DIV/0! | H538: =IF(E538 < $L$1, "Crash", "") | I538: =IF($H538="Crash",100*E538,NA()) -> #N/A | J538: =IF($H538="Crash",100*D538,NA()) -> #N/A | K538: {=IF(H538="Crash",MATCH(TRUE, B539:B636 >= B537, 0),"")}
A539: ='EQUITY BACKTEST'!A542 | B539: ='EQUITY BACKTEST'!B542 | C539: =1/'EQUITY BACKTEST'!E542 -> #DIV/0! | D539: =CORREL($B527:$B539,$C527:$C539) -> #DIV/0! | E539: =IF(A539<>"", (B539 - B538) / B538, "") | F539: =B539/B487-1 -> #DIV/0! | H539: =IF(E539 < $L$1, "Crash", "") | I539: =IF($H539="Crash",100*E539,NA()) -> #N/A | J539: =IF($H539="Crash",100*D539,NA()) -> #N/A | K539: {=IF(H539="Crash",MATCH(TRUE, B540:B637 >= B538, 0),"")}
A540: ='EQUITY BACKTEST'!A543 | B540: ='EQUITY BACKTEST'!B543 | C540: =1/'EQUITY BACKTEST'!E543 -> #DIV/0! | D540: =CORREL($B528:$B540,$C528:$C540) -> #DIV/0! | E540: =IF(A540<>"", (B540 - B539) / B539, "") | F540: =B540/B488-1 -> #DIV/0! | H540: =IF(E540 < $L$1, "Crash", "") | I540: =IF($H540="Crash",100*E540,NA()) -> #N/A | J540: =IF($H540="Crash",100*D540,NA()) -> #N/A | K540: {=IF(H540="Crash",MATCH(TRUE, B541:B638 >= B539, 0),"")}
A541: ='EQUITY BACKTEST'!A544 | B541: ='EQUITY BACKTEST'!B544 | C541: =1/'EQUITY BACKTEST'!E544 -> #DIV/0! | D541: =CORREL($B529:$B541,$C529:$C541) -> #DIV/0! | E541: =IF(A541<>"", (B541 - B540) / B540, "") | F541: =B541/B489-1 -> #DIV/0! | H541: =IF(E541 < $L$1, "Crash", "") | I541: =IF($H541="Crash",100*E541,NA()) -> #N/A | J541: =IF($H541="Crash",100*D541,NA()) -> #N/A | K541: {=IF(H541="Crash",MATCH(TRUE, B542:B639 >= B540, 0),"")}
A542: ='EQUITY BACKTEST'!A545 | B542: ='EQUITY BACKTEST'!B545 | C542: =1/'EQUITY BACKTEST'!E545 -> #DIV/0! | D542: =CORREL($B530:$B542,$C530:$C542) -> #DIV/0! | E542: =IF(A542<>"", (B542 - B541) / B541, "") | F542: =B542/B490-1 -> #DIV/0! | H542: =IF(E542 < $L$1, "Crash", "") | I542: =IF($H542="Crash",100*E542,NA()) -> #N/A | J542: =IF($H542="Crash",100*D542,NA()) -> #N/A | K542: {=IF(H542="Crash",MATCH(TRUE, B543:B640 >= B541, 0),"")}
A543: ='EQUITY BACKTEST'!A546 | B543: ='EQUITY BACKTEST'!B546 | C543: =1/'EQUITY BACKTEST'!E546 -> #DIV/0! | D543: =CORREL($B531:$B543,$C531:$C543) -> #DIV/0! | E543: =IF(A543<>"", (B543 - B542) / B542, "") | F543: =B543/B491-1 -> #DIV/0! | H543: =IF(E543 < $L$1, "Crash", "") | I543: =IF($H543="Crash",100*E543,NA()) -> #N/A | J543: =IF($H543="Crash",100*D543,NA()) -> #N/A | K543: {=IF(H543="Crash",MATCH(TRUE, B544:B641 >= B542, 0),"")}
A544: ='EQUITY BACKTEST'!A547 | B544: ='EQUITY BACKTEST'!B547 | C544: =1/'EQUITY BACKTEST'!E547 -> #DIV/0! | D544: =CORREL($B532:$B544,$C532:$C544) -> #DIV/0! | E544: =IF(A544<>"", (B544 - B543) / B543, "") | F544: =B544/B492-1 -> #DIV/0! | H544: =IF(E544 < $L$1, "Crash", "") | I544: =IF($H544="Crash",100*E544,NA()) -> #N/A | J544: =IF($H544="Crash",100*D544,NA()) -> #N/A | K544: {=IF(H544="Crash",MATCH(TRUE, B545:B642 >= B543, 0),"")}
A545: ='EQUITY BACKTEST'!A548 | B545: ='EQUITY BACKTEST'!B548 | C545: =1/'EQUITY BACKTEST'!E548 -> #DIV/0! | D545: =CORREL($B533:$B545,$C533:$C545) -> #DIV/0! | E545: =IF(A545<>"", (B545 - B544) / B544, "") | F545: =B545/B493-1 -> #DIV/0! | H545: =IF(E545 < $L$1, "Crash", "") | I545: =IF($H545="Crash",100*E545,NA()) -> #N/A | J545: =IF($H545="Crash",100*D545,NA()) -> #N/A | K545: {=IF(H545="Crash",MATCH(TRUE, B546:B643 >= B544, 0),"")}
A546: ='EQUITY BACKTEST'!A549 | B546: ='EQUITY BACKTEST'!B549 | C546: =1/'EQUITY BACKTEST'!E549 -> #DIV/0! | D546: =CORREL($B534:$B546,$C534:$C546) -> #DIV/0! | E546: =IF(A546<>"", (B546 - B545) / B545, "") | F546: =B546/B494-1 -> #DIV/0! | H546: =IF(E546 < $L$1, "Crash", "") | I546: =IF($H546="Crash",100*E546,NA()) -> #N/A | J546: =IF($H546="Crash",100*D546,NA()) -> #N/A | K546: {=IF(H546="Crash",MATCH(TRUE, B547:B644 >= B545, 0),"")}
A547: ='EQUITY BACKTEST'!A550 | B547: ='EQUITY BACKTEST'!B550 | C547: =1/'EQUITY BACKTEST'!E550 -> #DIV/0! | D547: =CORREL($B535:$B547,$C535:$C547) -> #DIV/0! | E547: =IF(A547<>"", (B547 - B546) / B546, "") | F547: =B547/B495-1 -> #DIV/0! | H547: =IF(E547 < $L$1, "Crash", "") | I547: =IF($H547="Crash",100*E547,NA()) -> #N/A | J547: =IF($H547="Crash",100*D547,NA()) -> #N/A | K547: {=IF(H547="Crash",MATCH(TRUE, B548:B645 >= B546, 0),"")}
... A925: ='EQUITY BACKTEST'!A928 | B925: ='EQUITY BACKTEST'!B928 | C925: =1/'EQUITY BACKTEST'!E928 -> #DIV/0! | D925: =CORREL($B913:$B925,$C913:$C925) -> #DIV/0! | E925: =IF(A925<>"", (B925 - B924) / B924, "") | F925: =B925/B873-1 -> #DIV/0! | H925: =IF(E925 < $L$1, "Crash", "") | I925: =IF($H925="Crash",100*E925,NA()) -> #N/A | J925: =IF($H925="Crash",100*D925,NA()) -> #N/A | K925: {=IF(H925="Crash",MATCH(TRUE, B926:B1023 >= B924, 0),"")}
A926: ='EQUITY BACKTEST'!A929 | B926: ='EQUITY BACKTEST'!B929 | C926: =1/'EQUITY BACKTEST'!E929 -> #DIV/0! | D926: =CORREL($B926:$B978,$C926:$C978) -> #DIV/0! | E926: =IF(A926<>"", (B926 - B925) / B925, "") | F926: =B926/B874-1 -> #DIV/0! | H926: =IF(E926 < $L$1, "Crash", "") | I926: =IF($H926="Crash",100*E926,NA()) -> #N/A | J926: =IF($H926="Crash",100*D926,NA()) -> #N/A | K926: {=IF(H926="Crash",MATCH(TRUE, B927:B1024 >= B925, 0),"")}
A927: ='EQUITY BACKTEST'!A930 | B927: ='EQUITY BACKTEST'!B930 | C927: =1/'EQUITY BACKTEST'!E930 -> #DIV/0! | D927: =CORREL($B927:$B979,$C927:$C979) -> #DIV/0! | E927: =IF(A927<>"", (B927 - B926) / B926, "") | F927: =B927/B875-1 -> #DIV/0! | H927: =IF(E927 < $L$1, "Crash", "") | I927: =IF($H927="Crash",100*E927,NA()) -> #N/A | J927: =IF($H927="Crash",100*D927,NA()) -> #N/A | K927: {=IF(H927="Crash",MATCH(TRUE, B928:B1025 >= B926, 0),"")}
A928: ='EQUITY BACKTEST'!A931 | B928: ='EQUITY BACKTEST'!B931 | C928: =1/'EQUITY BACKTEST'!E931 -> #DIV/0! | D928: =CORREL($B928:$B980,$C928:$C980) -> #DIV/0! | E928: =IF(A928<>"", (B928 - B927) / B927, "") | F928: =B928/B876-1 -> #DIV/0! | H928: =IF(E928 < $L$1, "Crash", "") | I928: =IF($H928="Crash",100*E928,NA()) -> #N/A | J928: =IF($H928="Crash",100*D928,NA()) -> #N/A | K928: {=IF(H928="Crash",MATCH(TRUE, B929:B1026 >= B927, 0),"")}
A929: ='EQUITY BACKTEST'!A932 | B929: ='EQUITY BACKTEST'!B932 | C929: =1/'EQUITY BACKTEST'!E932 -> #DIV/0! | D929: =CORREL($B929:$B981,$C929:$C981) -> #DIV/0! | E929: =IF(A929<>"", (B929 - B928) / B928, "") | F929: =B929/B877-1 -> #DIV/0! | H929: =IF(E929 < $L$1, "Crash", "") | I929: =IF($H929="Crash",100*E929,NA()) -> #N/A | J929: =IF($H929="Crash",100*D929,NA()) -> #N/A | K929: {=IF(H929="Crash",MATCH(TRUE, B930:B1027 >= B928, 0),"")}
A930: ='EQUITY BACKTEST'!A933 | B930: ='EQUITY BACKTEST'!B933 | C930: =1/'EQUITY BACKTEST'!E933 -> #DIV/0! | D930: =CORREL($B930:$B982,$C930:$C982) -> #DIV/0! | E930: =IF(A930<>"", (B930 - B929) / B929, "") | F930: =B930/B878-1 -> #DIV/0! | H930: =IF(E930 < $L$1, "Crash", "") | I930: =IF($H930="Crash",100*E930,NA()) -> #N/A | J930: =IF($H930="Crash",100*D930,NA()) -> #N/A | K930: {=IF(H930="Crash",MATCH(TRUE, B931:B1028 >= B929, 0),"")}
A931: ='EQUITY BACKTEST'!A934 | B931: ='EQUITY BACKTEST'!B934 | C931: =1/'EQUITY BACKTEST'!E934 -> #DIV/0! | D931: =CORREL($B931:$B983,$C931:$C983) -> #DIV/0! | E931: =IF(A931<>"", (B931 - B930) / B930, "") | F931: =B931/B879-1 -> #DIV/0! | H931: =IF(E931 < $L$1, "Crash", "") | I931: =IF($H931="Crash",100*E931,NA()) -> #N/A | J931: =IF($H931="Crash",100*D931,NA()) -> #N/A | K931: {=IF(H931="Crash",MATCH(TRUE, B932:B1029 >= B930, 0),"")}
A932: ='EQUITY BACKTEST'!A935 | B932: ='EQUITY BACKTEST'!B935 | C932: =1/'EQUITY BACKTEST'!E935 -> #DIV/0! | D932: =CORREL($B932:$B984,$C932:$C984) -> #DIV/0! | E932: =IF(A932<>"", (B932 - B931) / B931, "") | F932: =B932/B880-1 -> #DIV/0! | H932: =IF(E932 < $L$1, "Crash", "") | I932: =IF($H932="Crash",100*E932,NA()) -> #N/A | J932: =IF($H932="Crash",100*D932,NA()) -> #N/A | K932: {=IF(H932="Crash",MATCH(TRUE, B933:B1030 >= B931, 0),"")}
A933: ='EQUITY BACKTEST'!A936 | B933: ='EQUITY BACKTEST'!B936 | C933: =1/'EQUITY BACKTEST'!E936 -> #DIV/0! | D933: =CORREL($B933:$B985,$C933:$C985) -> #DIV/0! | E933: =IF(A933<>"", (B933 - B932) / B932, "") | F933: =B933/B881-1 -> #DIV/0! | H933: =IF(E933 < $L$1, "Crash", "") | I933: =IF($H933="Crash",100*E933,NA()) -> #N/A | J933: =IF($H933="Crash",100*D933,NA()) -> #N/A | K933: {=IF(H933="Crash",MATCH(TRUE, B934:B1031 >= B932, 0),"")}
A934: ='EQUITY BACKTEST'!A937 | B934: ='EQUITY BACKTEST'!B937 | C934: =1/'EQUITY BACKTEST'!E937 -> #DIV/0! | D934: =CORREL($B934:$B986,$C934:$C986) -> #DIV/0! | E934: =IF(A934<>"", (B934 - B933) / B933, "") | F934: =B934/B882-1 -> #DIV/0! | H934: =IF(E934 < $L$1, "Crash", "") | I934: =IF($H934="Crash",100*E934,NA()) -> #N/A | J934: =IF($H934="Crash",100*D934,NA()) -> #N/A | K934: {=IF(H934="Crash",MATCH(TRUE, B935:B1032 >= B933, 0),"")}
A935: ='EQUITY BACKTEST'!A938 | B935: ='EQUITY BACKTEST'!B938 | C935: =1/'EQUITY BACKTEST'!E938 -> #DIV/0! | D935: =CORREL($B935:$B987,$C935:$C987) -> #DIV/0! | E935: =IF(A935<>"", (B935 - B934) / B934, "") | F935: =B935/B883-1 -> #DIV/0! | H935: =IF(E935 < $L$1, "Crash", "") | I935: =IF($H935="Crash",100*E935,NA()) -> #N/A | J935: =IF($H935="Crash",100*D935,NA()) -> #N/A | K935: {=IF(H935="Crash",MATCH(TRUE, B936:B1033 >= B934, 0),"")}
A936: ='EQUITY BACKTEST'!A939 | B936: ='EQUITY BACKTEST'!B939 | C936: =1/'EQUITY BACKTEST'!E939 -> #DIV/0! | D936: =CORREL($B936:$B988,$C936:$C988) -> #DIV/0! | E936: =IF(A936<>"", (B936 - B935) / B935, "") | F936: =B936/B884-1 -> #DIV/0! | H936: =IF(E936 < $L$1, "Crash", "") | I936: =IF($H936="Crash",100*E936,NA()) -> #N/A | J936: =IF($H936="Crash",100*D936,NA()) -> #N/A | K936: {=IF(H936="Crash",MATCH(TRUE, B937:B1034 >= B935, 0),"")}
A937: ='EQUITY BACKTEST'!A940 | B937: ='EQUITY BACKTEST'!B940 | C937: =1/'EQUITY BACKTEST'!E940 -> #DIV/0! | D937: =CORREL($B937:$B989,$C937:$C989) -> #DIV/0! | E937: =IF(A937<>"", (B937 - B936) / B936, "") | F937: =B937/B885-1 -> #DIV/0! | H937: =IF(E937 < $L$1, "Crash", "") | I937: =IF($H937="Crash",100*E937,NA()) -> #N/A | J937: =IF($H937="Crash",100*D937,NA()) -> #N/A | K937: {=IF(H937="Crash",MATCH(TRUE, B938:B1035 >= B936, 0),"")}
... A1164: ='EQUITY BACKTEST'!A1167 | B1164: ='EQUITY BACKTEST'!B1167 | C1164: =1/'EQUITY BACKTEST'!E1167 -> #DIV/0! | D1164: =CORREL($B1164:$B1216,$C1164:$C1216) -> #DIV/0! | E1164: =IF(A1164<>"", (B1164 - B1163) / B1163, "") | F1164: =B1164/B1112-1 -> #DIV/0! | H1164: =IF(E1164 < $L$1, "Crash", "") | I1164: =IF($H1164="Crash",100*E1164,NA()) -> #N/A | J1164: =IF($H1164="Crash",100*D1164,NA()) -> #N/A | K1164: {=IF(H1164="Crash",MATCH(TRUE, B1165:B1262 >= B1163, 0),"")}
A1165: ='EQUITY BACKTEST'!A1168 | B1165: ='EQUITY BACKTEST'!B1168 | C1165: =1/'EQUITY BACKTEST'!E1168 -> #DIV/0! | D1165: =CORREL($B1165:$B1217,$C1165:$C1217) -> #DIV/0! | E1165: =IF(A1165<>"", (B1165 - B1164) / B1164, "") | F1165: =B1165/B1113-1 -> #DIV/0! | H1165: =IF(E1165 < $L$1, "Crash", "") | I1165: =IF($H1165="Crash",100*E1165,NA()) -> #N/A | J1165: =IF($H1165="Crash",100*D1165,NA()) -> #N/A | K1165: =IF(C1166="Crash", COUNTIF(A1166:A2000, ">=" & A1165), "") -> #DIV/0!
A1166: ='EQUITY BACKTEST'!A1169 | B1166: ='EQUITY BACKTEST'!B1169 | C1166: =1/'EQUITY BACKTEST'!E1169 -> #DIV/0! | D1166: =CORREL($B1166:$B1218,$C1166:$C1218) -> #DIV/0! | E1166: =IF(A1166<>"", (B1166 - B1165) / B1165, "") | F1166: =B1166/B1114-1 -> #DIV/0! | H1166: =IF(E1166 < $L$1, "Crash", "") | I1166: =IF($H1166="Crash",100*E1166,NA()) -> #N/A | J1166: =IF($H1166="Crash",100*D1166,NA()) -> #N/A | K1166: =IF(C1167="Crash", COUNTIF(A1167:A2001, ">=" & A1166), "") -> #DIV/0!
A1167: ='EQUITY BACKTEST'!A1170 | B1167: ='EQUITY BACKTEST'!B1170 | C1167: =1/'EQUITY BACKTEST'!E1170 -> #DIV/0! | D1167: =CORREL($B1167:$B1219,$C1167:$C1219) -> #DIV/0! | E1167: =IF(A1167<>"", (B1167 - B1166) / B1166, "") | F1167: =B1167/B1115-1 -> #DIV/0! | H1167: =IF(E1167 < $L$1, "Crash", "") | I1167: =IF($H1167="Crash",100*E1167,NA()) -> #N/A | J1167: =IF($H1167="Crash",100*D1167,NA()) -> #N/A | K1167: =IF(C1168="Crash", COUNTIF(A1168:A2002, ">=" & A1167), "") -> #DIV/0!
A1168: ='EQUITY BACKTEST'!A1171 | B1168: ='EQUITY BACKTEST'!B1171 | C1168: =1/'EQUITY BACKTEST'!E1171 -> #DIV/0! | D1168: =CORREL($B1168:$B1220,$C1168:$C1220) -> #DIV/0! | E1168: =IF(A1168<>"", (B1168 - B1167) / B1167, "") | F1168: =B1168/B1116-1 -> #DIV/0! | H1168: =IF(E1168 < $L$1, "Crash", "") | I1168: =IF($H1168="Crash",100*E1168,NA()) -> #N/A | J1168: =IF($H1168="Crash",100*D1168,NA()) -> #N/A | K1168: =IF(C1169="Crash", COUNTIF(A1169:A2003, ">=" & A1168), "") -> #DIV/0!
A1169: ='EQUITY BACKTEST'!A1172 | B1169: ='EQUITY BACKTEST'!B1172 | C1169: =1/'EQUITY BACKTEST'!E1172 -> #DIV/0! | D1169: =CORREL($B1169:$B1221,$C1169:$C1221) -> #DIV/0! | E1169: =IF(A1169<>"", (B1169 - B1168) / B1168, "") | F1169: =B1169/B1117-1 -> #DIV/0! | H1169: =IF(E1169 < $L$1, "Crash", "") | I1169: =IF($H1169="Crash",100*E1169,NA()) -> #N/A | J1169: =IF($H1169="Crash",100*D1169,NA()) -> #N/A | K1169: =IF(C1170="Crash", COUNTIF(A1170:A2004, ">=" & A1169), "") -> #DIV/0!
A1170: ='EQUITY BACKTEST'!A1173 | B1170: ='EQUITY BACKTEST'!B1173 | C1170: =1/'EQUITY BACKTEST'!E1173 -> #DIV/0! | D1170: =CORREL($B1170:$B1222,$C1170:$C1222) -> #DIV/0! | E1170: =IF(A1170<>"", (B1170 - B1169) / B1169, "") | F1170: =B1170/B1118-1 -> #DIV/0! | H1170: =IF(E1170 < $L$1, "Crash", "") | I1170: =IF($H1170="Crash",100*E1170,NA()) -> #N/A | J1170: =IF($H1170="Crash",100*D1170,NA()) -> #N/A | K1170: =IF(C1171="Crash", COUNTIF(A1171:A2005, ">=" & A1170), "") -> #DIV/0!
A1171: ='EQUITY BACKTEST'!A1174 | B1171: ='EQUITY BACKTEST'!B1174 | C1171: =1/'EQUITY BACKTEST'!E1174 -> #DIV/0! | D1171: =CORREL($B1171:$B1223,$C1171:$C1223) -> #DIV/0! | E1171: =IF(A1171<>"", (B1171 - B1170) / B1170, "") | F1171: =B1171/B1119-1 -> #DIV/0! | H1171: =IF(E1171 < $L$1, "Crash", "") | I1171: =IF($H1171="Crash",100*E1171,NA()) -> #N/A | J1171: =IF($H1171="Crash",100*D1171,NA()) -> #N/A | K1171: =IF(C1172="Crash", COUNTIF(A1172:A2006, ">=" & A1171), "") -> #DIV/0!
A1172: ='EQUITY BACKTEST'!A1175 | B1172: ='EQUITY BACKTEST'!B1175 | C1172: =1/'EQUITY BACKTEST'!E1175 -> #DIV/0! | D1172: =CORREL($B1172:$B1224,$C1172:$C1224) -> #DIV/0! | E1172: =IF(A1172<>"", (B1172 - B1171) / B1171, "") | F1172: =B1172/B1120-1 -> #DIV/0! | H1172: =IF(E1172 < $L$1, "Crash", "") | I1172: =IF($H1172="Crash",100*E1172,NA()) -> #N/A | J1172: =IF($H1172="Crash",100*D1172,NA()) -> #N/A | K1172: =IF(C1173="Crash", COUNTIF(A1173:A2007, ">=" & A1172), "") -> #DIV/0!
A1173: ='EQUITY BACKTEST'!A1176 | B1173: ='EQUITY BACKTEST'!B1176 | C1173: =1/'EQUITY BACKTEST'!E1176 -> #DIV/0! | D1173: =CORREL($B1173:$B1225,$C1173:$C1225) -> #DIV/0! | E1173: =IF(A1173<>"", (B1173 - B1172) / B1172, "") | F1173: =B1173/B1121-1 -> #DIV/0! | H1173: =IF(E1173 < $L$1, "Crash", "") | I1173: =IF($H1173="Crash",100*E1173,NA()) -> #N/A | J1173: =IF($H1173="Crash",100*D1173,NA()) -> #N/A | K1173: =IF(C1174="Crash", COUNTIF(A1174:A2008, ">=" & A1173), "") -> #DIV/0!
A1174: ='EQUITY BACKTEST'!A1177 | B1174: ='EQUITY BACKTEST'!B1177 | C1174: =1/'EQUITY BACKTEST'!E1177 -> #DIV/0! | D1174: =CORREL($B1174:$B1226,$C1174:$C1226) -> #DIV/0! | E1174: =IF(A1174<>"", (B1174 - B1173) / B1173, "") | F1174: =B1174/B1122-1 -> #DIV/0! | H1174: =IF(E1174 < $L$1, "Crash", "") | I1174: =IF($H1174="Crash",100*E1174,NA()) -> #N/A | J1174: =IF($H1174="Crash",100*D1174,NA()) -> #N/A | K1174: =IF(C1175="Crash", COUNTIF(A1175:A2009, ">=" & A1174), "") -> #DIV/0!
A1175: ='EQUITY BACKTEST'!A1178 | B1175: ='EQUITY BACKTEST'!B1178 | C1175: =1/'EQUITY BACKTEST'!E1178 -> #DIV/0! | D1175: =CORREL($B1175:$B1227,$C1175:$C1227) -> #DIV/0! | E1175: =IF(A1175<>"", (B1175 - B1174) / B1174, "") | F1175: =B1175/B1123-1 -> #DIV/0! | H1175: =IF(E1175 < $L$1, "Crash", "") | I1175: =IF($H1175="Crash",100*E1175,NA()) -> #N/A | J1175: =IF($H1175="Crash",100*D1175,NA()) -> #N/A | K1175: =IF(C1176="Crash", COUNTIF(A1176:A2010, ">=" & A1175), "") -> #DIV/0!
A1176: ='EQUITY BACKTEST'!A1179 | B1176: ='EQUITY BACKTEST'!B1179 | C1176: =1/'EQUITY BACKTEST'!E1179 -> #DIV/0! | D1176: =CORREL($B1176:$B1228,$C1176:$C1228) -> #DIV/0! | E1176: =IF(A1176<>"", (B1176 - B1175) / B1175, "") | F1176: =B1176/B1124-1 -> #DIV/0! | H1176: =IF(E1176 < $L$1, "Crash", "") | I1176: =IF($H1176="Crash",100*E1176,NA()) -> #N/A | J1176: =IF($H1176="Crash",100*D1176,NA()) -> #N/A | K1176: =IF(C1177="Crash", COUNTIF(A1177:A2011, ">=" & A1176), "") -> #DIV/0!
... A1343: ='EQUITY BACKTEST'!A1346 | B1343: ='EQUITY BACKTEST'!B1346 | C1343: =1/'EQUITY BACKTEST'!E1346 -> #DIV/0! | D1343: =CORREL($B1343:$B1395,$C1343:$C1395) -> #DIV/0! | E1343: =IF(A1343<>"", (B1343 - B1342) / B1342, "") | F1343: =B1343/B1291-1 -> #DIV/0! | H1343: =IF(E1343 < $L$1, "Crash", "") | I1343: =IF($H1343="Crash",100*E1343,NA()) -> #N/A | J1343: =IF($H1343="Crash",100*D1343,NA()) -> #N/A | K1343: =IF(C1344="Crash", COUNTIF(A1344:A2178, ">=" & A1343), "")
A1344: ='EQUITY BACKTEST'!A1347 | B1344: ='EQUITY BACKTEST'!B1347 | C1344: ='EQUITY BACKTEST'!E1347 | I1344: =IF($H1344="Crash",100*E1344,NA()) -> #N/A | J1344: =IF($H1344="Crash",100*D1344,NA()) -> #N/A | K1344: =IF(C1345="Crash", COUNTIF(A1345:A2179, ">=" & A1344), "")
A1345: ='EQUITY BACKTEST'!A1348 | B1345: ='EQUITY BACKTEST'!B1348 | C1345: ='EQUITY BACKTEST'!E1348 | I1345: =IF($H1345="Crash",100*E1345,NA()) -> #N/A | J1345: =IF($H1345="Crash",100*D1345,NA()) -> #N/A | K1345: =IF(C1346="Crash", COUNTIF(A1346:A2180, ">=" & A1345), "")
A1346: ='EQUITY BACKTEST'!A1349 | B1346: ='EQUITY BACKTEST'!B1349 | C1346: ='EQUITY BACKTEST'!E1349 | I1346: =IF($H1346="Crash",100*E1346,NA()) -> #N/A | J1346: =IF($H1346="Crash",100*D1346,NA()) -> #N/A | K1346: =IF(C1347="Crash", COUNTIF(A1347:A2181, ">=" & A1346), "")
A1347: ='EQUITY BACKTEST'!A1350 | B1347: ='EQUITY BACKTEST'!B1350 | C1347: ='EQUITY BACKTEST'!E1350 | I1347: =IF($H1347="Crash",100*E1347,NA()) -> #N/A | J1347: =IF($H1347="Crash",100*D1347,NA()) -> #N/A | K1347: =IF(C1348="Crash", COUNTIF(A1348:A2182, ">=" & A1347), "")
A1348: ='EQUITY BACKTEST'!A1351 | B1348: ='EQUITY BACKTEST'!B1351 | C1348: ='EQUITY BACKTEST'!E1351 | I1348: =IF($H1348="Crash",100*E1348,NA()) -> #N/A | J1348: =IF($H1348="Crash",100*D1348,NA()) -> #N/A | K1348: =IF(C1349="Crash", COUNTIF(A1349:A2183, ">=" & A1348), "")
A1349: ='EQUITY BACKTEST'!A1352 | B1349: ='EQUITY BACKTEST'!B1352 | C1349: ='EQUITY BACKTEST'!E1352 | I1349: =IF($H1349="Crash",100*E1349,NA()) -> #N/A | J1349: =IF($H1349="Crash",100*D1349,NA()) -> #N/A | K1349: =IF(C1350="Crash", COUNTIF(A1350:A2184, ">=" & A1349), "")
A1350: ='EQUITY BACKTEST'!A1353 | B1350: ='EQUITY BACKTEST'!B1353 | C1350: ='EQUITY BACKTEST'!E1353 | I1350: =IF($H1350="Crash",100*E1350,NA()) -> #N/A | J1350: =IF($H1350="Crash",100*D1350,NA()) -> #N/A | K1350: =IF(C1351="Crash", COUNTIF(A1351:A2185, ">=" & A1350), "")
A1351: ='EQUITY BACKTEST'!A1354 | B1351: ='EQUITY BACKTEST'!B1354 | C1351: ='EQUITY BACKTEST'!E1354 | I1351: =IF($H1351="Crash",100*E1351,NA()) -> #N/A | J1351: =IF($H1351="Crash",100*D1351,NA()) -> #N/A | K1351: =IF(C1352="Crash", COUNTIF(A1352:A2186, ">=" & A1351), "")
A1352: ='EQUITY BACKTEST'!A1355 | B1352: ='EQUITY BACKTEST'!B1355 | C1352: ='EQUITY BACKTEST'!E1355 | I1352: =IF($H1352="Crash",100*E1352,NA()) -> #N/A | J1352: =IF($H1352="Crash",100*D1352,NA()) -> #N/A | K1352: =IF(C1353="Crash", COUNTIF(A1353:A2187, ">=" & A1352), "")
A1353: ='EQUITY BACKTEST'!A1356 | B1353: ='EQUITY BACKTEST'!B1356 | C1353: ='EQUITY BACKTEST'!E1356 | I1353: =IF($H1353="Crash",100*E1353,NA()) -> #N/A | J1353: =IF($H1353="Crash",100*D1353,NA()) -> #N/A | K1353: =IF(C1354="Crash", COUNTIF(A1354:A2188, ">=" & A1353), "")
A1354: ='EQUITY BACKTEST'!A1357 | B1354: ='EQUITY BACKTEST'!B1357 | C1354: ='EQUITY BACKTEST'!E1357 | I1354: =IF($H1354="Crash",100*E1354,NA()) -> #N/A | J1354: =IF($H1354="Crash",100*D1354,NA()) -> #N/A | K1354: =IF(C1355="Crash", COUNTIF(A1355:A2189, ">=" & A1354), "")
A1355: ='EQUITY BACKTEST'!A1358 | B1355: ='EQUITY BACKTEST'!B1358 | C1355: ='EQUITY BACKTEST'!E1358 | I1355: =IF($H1355="Crash",100*E1355,NA()) -> #N/A | J1355: =IF($H1355="Crash",100*D1355,NA()) -> #N/A | K1355: =IF(C1356="Crash", COUNTIF(A1356:A2190, ">=" & A1355), "")
... A1775: ='EQUITY BACKTEST'!A1778 | B1775: ='EQUITY BACKTEST'!B1778 | C1775: ='EQUITY BACKTEST'!E1778 | I1775: =IF($H1775="Crash",100*E1775,NA()) -> #N/A | J1775: =IF($H1775="Crash",100*D1775,NA()) -> #N/A | K1775: =IF(C1776="Crash", COUNTIF(A1776:A2610, ">=" & A1775), "")
A1776: ='EQUITY BACKTEST'!A1779 | B1776: ='EQUITY BACKTEST'!B1779 | C1776: ='EQUITY BACKTEST'!E1779
A1777: ='EQUITY BACKTEST'!A1780 | B1777: ='EQUITY BACKTEST'!B1780 | C1777: ='EQUITY BACKTEST'!E1780
A1778: ='EQUITY BACKTEST'!A1781 | B1778: ='EQUITY BACKTEST'!B1781 | C1778: ='EQUITY BACKTEST'!E1781
A1779: ='EQUITY BACKTEST'!A1782 | B1779: ='EQUITY BACKTEST'!B1782 | C1779: ='EQUITY BACKTEST'!E1782
A1780: ='EQUITY BACKTEST'!A1783 | B1780: ='EQUITY BACKTEST'!B1783 | C1780: ='EQUITY BACKTEST'!E1783
A1781: ='EQUITY BACKTEST'!A1784 | B1781: ='EQUITY BACKTEST'!B1784 | C1781: ='EQUITY BACKTEST'!E1784
A1782: ='EQUITY BACKTEST'!A1785 | B1782: ='EQUITY BACKTEST'!B1785 | C1782: ='EQUITY BACKTEST'!E1785
A1783: ='EQUITY BACKTEST'!A1786 | B1783: ='EQUITY BACKTEST'!B1786 | C1783: ='EQUITY BACKTEST'!E1786
...

Sheet CRASH CORREL ANALYSIS
A1: ='EQUITY BACKTEST'!A4 -> Loading... | B1: S&P | C1: USDEUR | D1: CORREL | E1: WEEKLY S&P RETURN | F1: WEEKLY FX RETURN | G1: ANNUAL FX RETURN | H1: CRASH TEST | I1: CRASH | K1: -0.1
A2: ='EQUITY BACKTEST'!A5 | B2: ='EQUITY BACKTEST'!B5 | C2: =1/'EQUITY BACKTEST'!E5 -> #DIV/0! | D2: =CORREL($B2:$B54,$C2:$C54) -> #DIV/0!
A3: ='EQUITY BACKTEST'!A6 | B3: ='EQUITY BACKTEST'!B6 | C3: =1/'EQUITY BACKTEST'!E6 -> #DIV/0! | D3: =CORREL($B3:$B55,$C3:$C55) -> #DIV/0! | E3: =IF(A3<>"", (B3 - B2) / B2, "") | F3: =IF(B3<>"", (C3 - C2) / C2, "") | H3: =IF(E3 < $K$1, "Crash", "")
A4: ='EQUITY BACKTEST'!A7 | B4: ='EQUITY BACKTEST'!B7 | C4: =1/'EQUITY BACKTEST'!E7 -> #DIV/0! | D4: =CORREL($B4:$B56,$C4:$C56) -> #DIV/0! | E4: =IF(A4<>"", (B4 - B3) / B3, "") | F4: =IF(B4<>"", (C4 - C3) / C3, "") | H4: =IF(E4 < $K$1, "Crash", "")
A5: ='EQUITY BACKTEST'!A8 | B5: ='EQUITY BACKTEST'!B8 | C5: =1/'EQUITY BACKTEST'!E8 -> #DIV/0! | D5: =CORREL($B5:$B57,$C5:$C57) -> #DIV/0! | E5: =IF(A5<>"", (B5 - B4) / B4, "") | F5: =IF(B5<>"", (C5 - C4) / C4, "") | H5: =IF(E5 < $K$1, "Crash", "")
A6: ='EQUITY BACKTEST'!A9 | B6: ='EQUITY BACKTEST'!B9 | C6: =1/'EQUITY BACKTEST'!E9 -> #DIV/0! | D6: =CORREL($B6:$B58,$C6:$C58) -> #DIV/0! | E6: =IF(A6<>"", (B6 - B5) / B5, "") | F6: =IF(B6<>"", (C6 - C5) / C5, "") | H6: =IF(E6 < $K$1, "Crash", "")
A7: ='EQUITY BACKTEST'!A10 | B7: ='EQUITY BACKTEST'!B10 | C7: =1/'EQUITY BACKTEST'!E10 -> #DIV/0! | D7: =CORREL($B7:$B59,$C7:$C59) -> #DIV/0! | E7: =IF(A7<>"", (B7 - B6) / B6, "") | F7: =IF(B7<>"", (C7 - C6) / C6, "") | H7: =IF(E7 < $K$1, "Crash", "") | J7: =IFERROR(__xludf.DUMMYFUNCTION("CORREL(FILTER(E2:E2000, H2:H2000=""Crash""), FILTER(F2:F2000, H2:H2000=""Crash""))"),"#N/A") -> #N/A
A8: ='EQUITY BACKTEST'!A11 | B8: ='EQUITY BACKTEST'!B11 | C8: =1/'EQUITY BACKTEST'!E11 -> #DIV/0! | D8: =CORREL($B8:$B60,$C8:$C60) -> #DIV/0! | E8: =IF(A8<>"", (B8 - B7) / B7, "") | F8: =IF(B8<>"", (C8 - C7) / C7, "") | H8: =IF(E8 < $K$1, "Crash", "")
A9: ='EQUITY BACKTEST'!A12 | B9: ='EQUITY BACKTEST'!B12 | C9: =1/'EQUITY BACKTEST'!E12 -> #DIV/0! | D9: =CORREL($B9:$B61,$C9:$C61) -> #DIV/0! | E9: =IF(A9<>"", (B9 - B8) / B8, "") | F9: =IF(B9<>"", (C9 - C8) / C8, "") | H9: =IF(E9 < $K$1, "Crash", "")
A10: ='EQUITY BACKTEST'!A13 | B10: ='EQUITY BACKTEST'!B13 | C10: =1/'EQUITY BACKTEST'!E13 -> #DIV/0! | D10: =CORREL($B10:$B62,$C10:$C62) -> #DIV/0! | E10: =IF(A10<>"", (B10 - B9) / B9, "") | F10: =IF(B10<>"", (C10 - C9) / C9, "") | H10: =IF(E10 < $K$1, "Crash", "")
A11: ='EQUITY BACKTEST'!A14 | B11: ='EQUITY BACKTEST'!B14 | C11: =1/'EQUITY BACKTEST'!E14 -> #DIV/0! | D11: =CORREL($B11:$B63,$C11:$C63) -> #DIV/0! | E11: =IF(A11<>"", (B11 - B10) / B10, "") | F11: =IF(B11<>"", (C11 - C10) / C10, "") | H11: =IF(E11 < $K$1, "Crash", "")
A12: ='EQUITY BACKTEST'!A15 | B12: ='EQUITY BACKTEST'!B15 | C12: =1/'EQUITY BACKTEST'!E15 -> #DIV/0! | D12: =CORREL($B12:$B64,$C12:$C64) -> #DIV/0! | E12: =IF(A12<>"", (B12 - B11) / B11, "") | F12: =IF(B12<>"", (C12 - C11) / C11, "") | H12: =IF(E12 < $K$1, "Crash", "")
A13: ='EQUITY BACKTEST'!A16 | B13: ='EQUITY BACKTEST'!B16 | C13: =1/'EQUITY BACKTEST'!E16 -> #DIV/0! | D13: =CORREL($B13:$B65,$C13:$C65) -> #DIV/0! | E13: =IF(A13<>"", (B13 - B12) / B12, "") | F13: =IF(B13<>"", (C13 - C12) / C12, "") | H13: =IF(E13 < $K$1, "Crash", "")
A14: ='EQUITY BACKTEST'!A17 | B14: ='EQUITY BACKTEST'!B17 | C14: =1/'EQUITY BACKTEST'!E17 -> #DIV/0! | D14: =CORREL($B14:$B66,$C14:$C66) -> #DIV/0! | E14: =IF(A14<>"", (B14 - B13) / B13, "") | F14: =IF(B14<>"", (C14 - C13) / C13, "") | H14: =IF(E14 < $K$1, "Crash", "")
A15: ='EQUITY BACKTEST'!A18 | B15: ='EQUITY BACKTEST'!B18 | C15: =1/'EQUITY BACKTEST'!E18 -> #DIV/0! | D15: =CORREL($B15:$B67,$C15:$C67) -> #DIV/0! | E15: =IF(A15<>"", (B15 - B14) / B14, "") | F15: =IF(B15<>"", (C15 - C14) / C14, "") | H15: =IF(E15 < $K$1, "Crash", "")
A16: ='EQUITY BACKTEST'!A19 | B16: ='EQUITY BACKTEST'!B19 | C16: =1/'EQUITY BACKTEST'!E19 -> #DIV/0! | D16: =CORREL($B16:$B68,$C16:$C68) -> #DIV/0! | E16: =IF(A16<>"", (B16 - B15) / B15, "") | F16: =IF(B16<>"", (C16 - C15) / C15, "") | H16: =IF(E16 < $K$1, "Crash", "")
A17: ='EQUITY BACKTEST'!A20 | B17: ='EQUITY BACKTEST'!B20 | C17: =1/'EQUITY BACKTEST'!E20 -> #DIV/0! | D17: =CORREL($B17:$B69,$C17:$C69) -> #DIV/0! | E17: =IF(A17<>"", (B17 - B16) / B16, "") | F17: =IF(B17<>"", (C17 - C16) / C16, "") | H17: =IF(E17 < $K$1, "Crash", "")
A18: ='EQUITY BACKTEST'!A21 | B18: ='EQUITY BACKTEST'!B21 | C18: =1/'EQUITY BACKTEST'!E21 -> #DIV/0! | D18: =CORREL($B18:$B70,$C18:$C70) -> #DIV/0! | E18: =IF(A18<>"", (B18 - B17) / B17, "") | F18: =IF(B18<>"", (C18 - C17) / C17, "") | H18: =IF(E18 < $K$1, "Crash", "")
A19: ='EQUITY BACKTEST'!A22 | B19: ='EQUITY BACKTEST'!B22 | C19: =1/'EQUITY BACKTEST'!E22 -> #DIV/0! | D19: =CORREL($B19:$B71,$C19:$C71) -> #DIV/0! | E19: =IF(A19<>"", (B19 - B18) / B18, "") | F19: =IF(B19<>"", (C19 - C18) / C18, "") | H19: =IF(E19 < $K$1, "Crash", "")
... A534: ='EQUITY BACKTEST'!A537 | B534: ='EQUITY BACKTEST'!B537 | C534: =1/'EQUITY BACKTEST'!E537 -> #DIV/0! | D534: =CORREL($B534:$B586,$C534:$C586) -> #DIV/0! | E534: =IF(A534<>"", (B534 - B533) / B533, "") | F534: =IF(B534<>"", (C534 - C533) / C533, "") | H534: =IF(E534 < $K$1, "Crash", "")
A535: ='EQUITY BACKTEST'!A538 | B535: ='EQUITY BACKTEST'!B538 | C535: =1/'EQUITY BACKTEST'!E538 -> #DIV/0! | D535: =CORREL($B535:$B587,$C535:$C587) -> #DIV/0! | E535: =IF(A535<>"", (B535 - B534) / B534, "") | F535: =IF(B535<>"", (C535 - C534) / C534, "") | H535: =IF(E535 < $K$1, "Crash", "") | I535: =B534/B528-1 -> #DIV/0! | K535: =C534/C528-1 -> #DIV/0!
A536: ='EQUITY BACKTEST'!A539 | B536: ='EQUITY BACKTEST'!B539 | C536: =1/'EQUITY BACKTEST'!E539 -> #DIV/0! | D536: =CORREL($B536:$B588,$C536:$C588) -> #DIV/0! | E536: =IF(A536<>"", (B536 - B535) / B535, "") | F536: =IF(B536<>"", (C536 - C535) / C535, "") | H536: =IF(E536 < $K$1, "Crash", "")
A537: ='EQUITY BACKTEST'!A540 | B537: ='EQUITY BACKTEST'!B540 | C537: =1/'EQUITY BACKTEST'!E540 -> #DIV/0! | D537: =CORREL($B537:$B589,$C537:$C589) -> #DIV/0! | E537: =IF(A537<>"", (B537 - B536) / B536, "") | F537: =IF(B537<>"", (C537 - C536) / C536, "") | H537: =IF(E537 < $K$1, "Crash", "")
A538: ='EQUITY BACKTEST'!A541 | B538: ='EQUITY BACKTEST'!B541 | C538: =1/'EQUITY BACKTEST'!E541 -> #DIV/0! | D538: =CORREL($B538:$B590,$C538:$C590) -> #DIV/0! | E538: =IF(A538<>"", (B538 - B537) / B537, "") | F538: =IF(B538<>"", (C538 - C537) / C537, "") | H538: =IF(E538 < $K$1, "Crash", "")
A539: ='EQUITY BACKTEST'!A542 | B539: ='EQUITY BACKTEST'!B542 | C539: =1/'EQUITY BACKTEST'!E542 -> #DIV/0! | D539: =CORREL($B539:$B591,$C539:$C591) -> #DIV/0! | E539: =IF(A539<>"", (B539 - B538) / B538, "") | F539: =IF(B539<>"", (C539 - C538) / C538, "") | H539: =IF(E539 < $K$1, "Crash", "")
A540: ='EQUITY BACKTEST'!A543 | B540: ='EQUITY BACKTEST'!B543 | C540: =1/'EQUITY BACKTEST'!E543 -> #DIV/0! | D540: =CORREL($B540:$B592,$C540:$C592) -> #DIV/0! | E540: =IF(A540<>"", (B540 - B539) / B539, "") | F540: =IF(B540<>"", (C540 - C539) / C539, "") | H540: =IF(E540 < $K$1, "Crash", "")
A541: ='EQUITY BACKTEST'!A544 | B541: ='EQUITY BACKTEST'!B544 | C541: =1/'EQUITY BACKTEST'!E544 -> #DIV/0! | D541: =CORREL($B541:$B593,$C541:$C593) -> #DIV/0! | E541: =IF(A541<>"", (B541 - B540) / B540, "") | F541: =IF(B541<>"", (C541 - C540) / C540, "") | H541: =IF(E541 < $K$1, "Crash", "")
A542: ='EQUITY BACKTEST'!A545 | B542: ='EQUITY BACKTEST'!B545 | C542: =1/'EQUITY BACKTEST'!E545 -> #DIV/0! | D542: =CORREL($B542:$B594,$C542:$C594) -> #DIV/0! | E542: =IF(A542<>"", (B542 - B541) / B541, "") | F542: =IF(B542<>"", (C542 - C541) / C541, "") | H542: =IF(E542 < $K$1, "Crash", "")
A543: ='EQUITY BACKTEST'!A546 | B543: ='EQUITY BACKTEST'!B546 | C543: =1/'EQUITY BACKTEST'!E546 -> #DIV/0! | D543: =CORREL($B543:$B595,$C543:$C595) -> #DIV/0! | E543: =IF(A543<>"", (B543 - B542) / B542, "") | F543: =IF(B543<>"", (C543 - C542) / C542, "") | H543: =IF(E543 < $K$1, "Crash", "")
A544: ='EQUITY BACKTEST'!A547 | B544: ='EQUITY BACKTEST'!B547 | C544: =1/'EQUITY BACKTEST'!E547 -> #DIV/0! | D544: =CORREL($B544:$B596,$C544:$C596) -> #DIV/0! | E544: =IF(A544<>"", (B544 - B543) / B543, "") | F544: =IF(B544<>"", (C544 - C543) / C543, "") | H544: =IF(E544 < $K$1, "Crash", "")
A545: ='EQUITY BACKTEST'!A548 | B545: ='EQUITY BACKTEST'!B548 | C545: =1/'EQUITY BACKTEST'!E548 -> #DIV/0! | D545: =CORREL($B545:$B597,$C545:$C597) -> #DIV/0! | E545: =IF(A545<>"", (B545 - B544) / B544, "") | F545: =IF(B545<>"", (C545 - C544) / C544, "") | H545: =IF(E545 < $K$1, "Crash", "")
A546: ='EQUITY BACKTEST'!A549 | B546: ='EQUITY BACKTEST'!B549 | C546: =1/'EQUITY BACKTEST'!E549 -> #DIV/0! | D546: =CORREL($B546:$B598,$C546:$C598) -> #DIV/0! | E546: =IF(A546<>"", (B546 - B545) / B545, "") | F546: =IF(B546<>"", (C546 - C545) / C545, "") | H546: =IF(E546 < $K$1, "Crash", "")
A547: ='EQUITY BACKTEST'!A550 | B547: ='EQUITY BACKTEST'!B550 | C547: =1/'EQUITY BACKTEST'!E550 -> #DIV/0! | D547: =CORREL($B547:$B599,$C547:$C599) -> #DIV/0! | E547: =IF(A547<>"", (B547 - B546) / B546, "") | F547: =IF(B547<>"", (C547 - C546) / C546, "") | H547: =IF(E547 < $K$1, "Crash", "")
... A1343: ='EQUITY BACKTEST'!A1346 | B1343: ='EQUITY BACKTEST'!B1346 | C1343: =1/'EQUITY BACKTEST'!E1346 -> #DIV/0! | D1343: =CORREL($B1343:$B1395,$C1343:$C1395) -> #DIV/0! | E1343: =IF(A1343<>"", (B1343 - B1342) / B1342, "") | F1343: =IF(B1343<>"", (C1343 - C1342) / C1342, "") | H1343: =IF(E1343 < $K$1, "Crash", "")
A1344: ='EQUITY BACKTEST'!A1347 | B1344: ='EQUITY BACKTEST'!B1347 | C1344: ='EQUITY BACKTEST'!E1347 | E1344: =IF(A1344<>"", (B1344 - B1343) / B1343, "") | F1344: =IF(B1344<>"", (C1344 - C1343) / C1343, "")
A1345: ='EQUITY BACKTEST'!A1348 | B1345: ='EQUITY BACKTEST'!B1348 | C1345: ='EQUITY BACKTEST'!E1348 | E1345: =IF(A1345<>"", (B1345 - B1344) / B1344, "") | F1345: =IF(B1345<>"", (C1345 - C1344) / C1344, "")
A1346: ='EQUITY BACKTEST'!A1349 | B1346: ='EQUITY BACKTEST'!B1349 | C1346: ='EQUITY BACKTEST'!E1349 | E1346: =IF(A1346<>"", (B1346 - B1345) / B1345, "") | F1346: =IF(B1346<>"", (C1346 - C1345) / C1345, "")
A1347: ='EQUITY BACKTEST'!A1350 | B1347: ='EQUITY BACKTEST'!B1350 | C1347: ='EQUITY BACKTEST'!E1350 | E1347: =IF(A1347<>"", (B1347 - B1346) / B1346, "") | F1347: =IF(B1347<>"", (C1347 - C1346) / C1346, "")
A1348: ='EQUITY BACKTEST'!A1351 | B1348: ='EQUITY BACKTEST'!B1351 | C1348: ='EQUITY BACKTEST'!E1351 | E1348: =IF(A1348<>"", (B1348 - B1347) / B1347, "") | F1348: =IF(B1348<>"", (C1348 - C1347) / C1347, "")
A1349: ='EQUITY BACKTEST'!A1352 | B1349: ='EQUITY BACKTEST'!B1352 | C1349: ='EQUITY BACKTEST'!E1352 | E1349: =IF(A1349<>"", (B1349 - B1348) / B1348, "") | F1349: =IF(B1349<>"", (C1349 - C1348) / C1348, "")
A1350: ='EQUITY BACKTEST'!A1353 | B1350: ='EQUITY BACKTEST'!B1353 | C1350: ='EQUITY BACKTEST'!E1353 | E1350: =IF(A1350<>"", (B1350 - B1349) / B1349, "") | F1350: =IF(B1350<>"", (C1350 - C1349) / C1349, "")
A1351: ='EQUITY BACKTEST'!A1354 | B1351: ='EQUITY BACKTEST'!B1354 | C1351: ='EQUITY BACKTEST'!E1354 | E1351: =IF(A1351<>"", (B1351 - B1350) / B1350, "") | F1351: =IF(B1351<>"", (C1351 - C1350) / C1350, "")
A1352: ='EQUITY BACKTEST'!A1355 | B1352: ='EQUITY BACKTEST'!B1355 | C1352: ='EQUITY BACKTEST'!E1355 | E1352: =IF(A1352<>"", (B1352 - B1351) / B1351, "") | F1352: =IF(B1352<>"", (C1352 - C1351) / C1351, "")
A1353: ='EQUITY BACKTEST'!A1356 | B1353: ='EQUITY BACKTEST'!B1356 | C1353: ='EQUITY BACKTEST'!E1356
A1354: ='EQUITY BACKTEST'!A1357 | B1354: ='EQUITY BACKTEST'!B1357 | C1354: ='EQUITY BACKTEST'!E1357
A1355: ='EQUITY BACKTEST'!A1358 | B1355: ='EQUITY BACKTEST'!B1358 | C1355: ='EQUITY BACKTEST'!E1358
A1356: ='EQUITY BACKTEST'!A1359 | B1356: ='EQUITY BACKTEST'!B1359 | C1356: ='EQUITY BACKTEST'!E1359
A1357: ='EQUITY BACKTEST'!A1360 | B1357: ='EQUITY BACKTEST'!B1360 | C1357: ='EQUITY BACKTEST'!E1360
A1358: ='EQUITY BACKTEST'!A1361 | B1358: ='EQUITY BACKTEST'!B1361 | C1358: ='EQUITY BACKTEST'!E1361
A1359: ='EQUITY BACKTEST'!A1362 | B1359: ='EQUITY BACKTEST'!B1362 | C1359: ='EQUITY BACKTEST'!E1362
A1360: ='EQUITY BACKTEST'!A1363 | B1360: ='EQUITY BACKTEST'!B1363 | C1360: ='EQUITY BACKTEST'!E1363
A1361: ='EQUITY BACKTEST'!A1364 | B1361: ='EQUITY BACKTEST'!B1364 | C1361: ='EQUITY BACKTEST'!E1364
A1362: ='EQUITY BACKTEST'!A1365 | B1362: ='EQUITY BACKTEST'!B1365 | C1362: ='EQUITY BACKTEST'!E1365
A1363: ='EQUITY BACKTEST'!A1366 | B1363: ='EQUITY BACKTEST'!B1366 | C1363: ='EQUITY BACKTEST'!E1366
A1364: ='EQUITY BACKTEST'!A1367 | B1364: ='EQUITY BACKTEST'!B1367 | C1364: ='EQUITY BACKTEST'!E1367
... A2000: ='EQUITY BACKTEST'!A2003 | B2000: ='EQUITY BACKTEST'!B2003 | C2000: ='EQUITY BACKTEST'!E2003

Sheet EQUITY BACKTEST STRATEGY
B1: PRODUCT | D1: YIELD | E1: 0.023055816 | G1: DATE | H1: 1999 | I1: 1 | J1: 1 | L1: TYPE | M1: WEEKLY | N1: =C526/C6 -> #DIV/0!
B2: IE00B5BMR087 | G2: IE00B5BMR087 | N2: =1.5^10 -> 57.665039 | S2: PROBILITY
B3: .INX | C3: TOTAL RETURN | J3: CURRENCY:EURUSD | K3: =AVERAGE($G162:$G1348) -> #DIV/0! | L3: =AVERAGE($H266:$H1348) -> #DIV/0! | M3: =MEDIAN($G162:$G1348) -> #DIV/0! | N3: =MEDIAN($H266:$H1345) -> #DIV/0! | P3: BIN | Q3: 3 YEAR | R3: 5 YEAR | U3: 3 YEAR | V3: 5 YEAR
A4: =IFERROR(__xludf.DUMMYFUNCTION("GOOGLEFINANCE(B$3, ""price"", DATE(H1, I1, J1), TODAY(), $M$1)"),"Loading...") -> Loading... | D4: =IFERROR(__xludf.DUMMYFUNCTION("GOOGLEFINANCE(J$3, ""price"", DATE(H1, I1, N1), TODAY(), M1)"),"#DIV/0!") -> #DIV/0! | F4: COMPOSITE | G4: 3Y ROLL | H4: 5Y ROLL | I4: FX | J4: 5Y FX PERF | P4: -60 | Q4: {=FREQUENCY(G162:G1348, $P$4:$P$28)} -> #DIV/0! | R4: {=FREQUENCY(H266:H1348, $P$4:$P$28)} -> #DIV/0! | S4: =100*Q4/Q$30 -> #DIV/0! | T4: =100*R4/R$30 -> #DIV/0!
I5: =1/E5 -> #DIV/0! | P5: =P4+10 -> -50 | S5: =100*Q5/Q$30+S4 -> #DIV/0! | T5: =100*R5/R$30+T4 -> #DIV/0!
C6: =$E$1/52*B5+B6 -> 0 | F6: 100 | I6: =1/E6 -> #DIV/0! | P6: =P5+10 -> -40 | S6: =100*Q6/Q$30+S5 -> #DIV/0! | T6: =100*R6/R$30+T5 -> #DIV/0!
C7: =$E$1/52*B6+B7 -> 0 | F7: =F6*((E7/E6)*(C7/C6)) -> #DIV/0! | I7: =1/E7 -> #DIV/0! | P7: =P6+10 -> -30 | S7: =100*Q7/Q$30+S6 -> #DIV/0! | T7: =100*R7/R$30+T6 -> #DIV/0!
C8: =$E$1/52*B7+B8 -> 0 | F8: =F7*((E8/E7)*(C8/C7)) -> #DIV/0! | I8: =1/E8 -> #DIV/0! | P8: =P7+10 -> -20 | S8: =100*Q8/Q$30+S7 -> #DIV/0! | T8: =100*R8/R$30+T7 -> #DIV/0!
C9: =$E$1/52*B8+B9 -> 0 | F9: =F8*((E9/E8)*(C9/C8)) -> #DIV/0! | I9: =1/E9 -> #DIV/0! | P9: =P8+10 -> -10 | S9: =100*Q9/Q$30+S8 -> #DIV/0! | T9: =100*R9/R$30+T8 -> #DIV/0!
C10: =$E$1/52*B9+B10 -> 0 | F10: =F9*((E10/E9)*(C10/C9)) -> #DIV/0! | I10: =1/E10 -> #DIV/0! | P10: =P9+10 -> 0 | S10: =100*Q10/Q$30+S9 -> #DIV/0! | T10: =100*R10/R$30+T9 -> #DIV/0!
C11: =$E$1/52*B10+B11 -> 0 | F11: =F10*((E11/E10)*(C11/C10)) -> #DIV/0! | I11: =1/E11 -> #DIV/0! | P11: =P10+10 -> 10 | S11: =100*Q11/Q$30+S10 -> #DIV/0! | T11: =100*R11/R$30+T10 -> #DIV/0!
C12: =$E$1/52*B11+B12 -> 0 | F12: =F11*((E12/E11)*(C12/C11)) -> #DIV/0! | I12: =1/E12 -> #DIV/0! | P12: =P11+10 -> 20 | S12: =100*Q12/Q$30+S11 -> #DIV/0! | T12: =100*R12/R$30+T11 -> #DIV/0!
C13: =$E$1/52*B12+B13 -> 0 | F13: =F12*((E13/E12)*(C13/C12)) -> #DIV/0! | I13: =1/E13 -> #DIV/0! | P13: =P12+10 -> 30 | S13: =100*Q13/Q$30+S12 -> #DIV/0! | T13: =100*R13/R$30+T12 -> #DIV/0!
C14: =$E$1/52*B13+B14 -> 0 | F14: =F13*((E14/E13)*(C14/C13)) -> #DIV/0! | I14: =1/E14 -> #DIV/0! | P14: =P13+10 -> 40 | S14: =100*Q14/Q$30+S13 -> #DIV/0! | T14: =100*R14/R$30+T13 -> #DIV/0!
C15: =$E$1/52*B14+B15 -> 0 | F15: =F14*((E15/E14)*(C15/C14)) -> #DIV/0! | I15: =1/E15 -> #DIV/0! | P15: =P14+10 -> 50 | S15: =100*Q15/Q$30+S14 -> #DIV/0! | T15: =100*R15/R$30+T14 -> #DIV/0!
C16: =$E$1/52*B15+B16 -> 0 | F16: =F15*((E16/E15)*(C16/C15)) -> #DIV/0! | I16: =1/E16 -> #DIV/0! | P16: =P15+10 -> 60 | S16: =100*Q16/Q$30+S15 -> #DIV/0! | T16: =100*R16/R$30+T15 -> #DIV/0!
C17: =$E$1/52*B16+B17 -> 0 | F17: =F16*((E17/E16)*(C17/C16)) -> #DIV/0! | I17: =1/E17 -> #DIV/0! | P17: =P16+10 -> 70 | S17: =100*Q17/Q$30+S16 -> #DIV/0! | T17: =100*R17/R$30+T16 -> #DIV/0!
C18: =$E$1/52*B17+B18 -> 0 | F18: =F17*((E18/E17)*(C18/C17)) -> #DIV/0! | I18: =1/E18 -> #DIV/0! | P18: =P17+10 -> 80 | S18: =100*Q18/Q$30+S17 -> #DIV/0! | T18: =100*R18/R$30+T17 -> #DIV/0!
... C28: =$E$1/52*B27+B28 -> 0 | F28: =F27*((E28/E27)*(C28/C27)) -> #DIV/0! | I28: =1/E28 -> #DIV/0! | P28: =P27+10 -> 180 | S28: =100*Q28/Q$30+S27 -> #DIV/0! | T28: =100*R28/R$30+T27 -> #DIV/0!
C29: =$E$1/52*B28+B29 -> 0 | F29: =F28*((E29/E28)*(C29/C28)) -> #DIV/0! | I29: =1/E29 -> #DIV/0!
C30: =$E$1/52*B29+B30 -> 0 | F30: =F29*((E30/E29)*(C30/C29)) -> #DIV/0! | I30: =1/E30 -> #DIV/0! | Q30: =SUM(Q5:Q29) -> 0 | R30: =SUM(R5:R29) -> 0 | T30: =1.05^5 -> 1.2762816 | U30: =2/3*27+1/3*50 -> 34.666667 | V30: =(100+U30)/100 -> 1.3466667
C31: =$E$1/52*B30+B31 -> 0 | F31: =F30*((E31/E30)*(C31/C30)) -> #DIV/0! | I31: =1/E31 -> #DIV/0! | U31: =U30^0.2 -> 2.0322747 | V31: =V30^0.2-1 -> 0.061333865
C32: =$E$1/52*B31+B32 -> 0 | F32: =F31*((E32/E31)*(C32/C31)) -> #DIV/0! | I32: =1/E32 -> #DIV/0! | V32: =1.07^5 -> 1.4025517
C33: =$E$1/52*B32+B33 -> 0 | F33: =F32*((E33/E32)*(C33/C32)) -> #DIV/0! | I33: =1/E33 -> #DIV/0!
C34: =$E$1/52*B33+B34 -> 0 | F34: =F33*((E34/E33)*(C34/C33)) -> #DIV/0! | I34: =1/E34 -> #DIV/0!
C35: =$E$1/52*B34+B35 -> 0 | F35: =F34*((E35/E34)*(C35/C34)) -> #DIV/0! | I35: =1/E35 -> #DIV/0!
C36: =$E$1/52*B35+B36 -> 0 | F36: =F35*((E36/E35)*(C36/C35)) -> #DIV/0! | I36: =1/E36 -> #DIV/0!
C37: =$E$1/52*B36+B37 -> 0 | F37: =F36*((E37/E36)*(C37/C36)) -> #DIV/0! | I37: =1/E37 -> #DIV/0!
C38: =$E$1/52*B37+B38 -> 0 | F38: =F37*((E38/E37)*(C38/C37)) -> #DIV/0! | I38: =1/E38 -> #DIV/0!
C39: =$E$1/52*B38+B39 -> 0 | F39: =F38*((E39/E38)*(C39/C38)) -> #DIV/0! | I39: =1/E39 -> #DIV/0!
C40: =$E$1/52*B39+B40 -> 0 | F40: =F39*((E40/E39)*(C40/C39)) -> #DIV/0! | I40: =1/E40 -> #DIV/0!
C41: =$E$1/52*B40+B41 -> 0 | F41: =F40*((E41/E40)*(C41/C40)) -> #DIV/0! | I41: =1/E41 -> #DIV/0!
C42: =$E$1/52*B41+B42 -> 0 | F42: =F41*((E42/E41)*(C42/C41)) -> #DIV/0! | I42: =1/E42 -> #DIV/0!
C43: =$E$1/52*B42+B43 -> 0 | F43: =F42*((E43/E42)*(C43/C42)) -> #DIV/0! | I43: =1/E43 -> #DIV/0!
C44: =$E$1/52*B43+B44 -> 0 | F44: =F43*((E44/E43)*(C44/C43)) -> #DIV/0! | I44: =1/E44 -> #DIV/0!
... C161: =$E$1/52*B160+B161 -> 0 | F161: =F160*((E161/E160)*(C161/C160)) -> #DIV/0! | I161: =1/E161 -> #DIV/0!
C162: =$E$1/52*B161+B162 -> 0 | F162: =F161*((E162/E161)*(C162/C161)) -> #DIV/0! | G162: =100*(F162/F6-1) -> #DIV/0! | I162: =1/E162 -> #DIV/0!
C163: =$E$1/52*B162+B163 -> 0 | F163: =F162*((E163/E162)*(C163/C162)) -> #DIV/0! | G163: =100*(F163/F7-1) -> #DIV/0! | I163: =1/E163 -> #DIV/0!
C164: =$E$1/52*B163+B164 -> 0 | F164: =F163*((E164/E163)*(C164/C163)) -> #DIV/0! | G164: =100*(F164/F8-1) -> #DIV/0! | I164: =1/E164 -> #DIV/0!
C165: =$E$1/52*B164+B165 -> 0 | F165: =F164*((E165/E164)*(C165/C164)) -> #DIV/0! | G165: =100*(F165/F9-1) -> #DIV/0! | I165: =1/E165 -> #DIV/0!
C166: =$E$1/52*B165+B166 -> 0 | F166: =F165*((E166/E165)*(C166/C165)) -> #DIV/0! | G166: =100*(F166/F10-1) -> #DIV/0! | I166: =1/E166 -> #DIV/0!
C167: =$E$1/52*B166+B167 -> 0 | F167: =F166*((E167/E166)*(C167/C166)) -> #DIV/0! | G167: =100*(F167/F11-1) -> #DIV/0! | I167: =1/E167 -> #DIV/0!
C168: =$E$1/52*B167+B168 -> 0 | F168: =F167*((E168/E167)*(C168/C167)) -> #DIV/0! | G168: =100*(F168/F12-1) -> #DIV/0! | I168: =1/E168 -> #DIV/0!
C169: =$E$1/52*B168+B169 -> 0 | F169: =F168*((E169/E168)*(C169/C168)) -> #DIV/0! | G169: =100*(F169/F13-1) -> #DIV/0! | I169: =1/E169 -> #DIV/0!
C170: =$E$1/52*B169+B170 -> 0 | F170: =F169*((E170/E169)*(C170/C169)) -> #DIV/0! | G170: =100*(F170/F14-1) -> #DIV/0! | I170: =1/E170 -> #DIV/0!
C171: =$E$1/52*B170+B171 -> 0 | F171: =F170*((E171/E170)*(C171/C170)) -> #DIV/0! | G171: =100*(F171/F15-1) -> #DIV/0! | I171: =1/E171 -> #DIV/0!
C172: =$E$1/52*B171+B172 -> 0 | F172: =F171*((E172/E171)*(C172/C171)) -> #DIV/0! | G172: =100*(F172/F16-1) -> #DIV/0! | I172: =1/E172 -> #DIV/0!
C173: =$E$1/52*B172+B173 -> 0 | F173: =F172*((E173/E172)*(C173/C172)) -> #DIV/0! | G173: =100*(F173/F17-1) -> #DIV/0! | I173: =1/E173 -> #DIV/0!
... C265: =$E$1/52*B264+B265 -> 0 | F265: =F264*((E265/E264)*(C265/C264)) -> #DIV/0! | G265: =100*(F265/F109-1) -> #DIV/0! | I265: =1/E265 -> #DIV/0!
C266: =$E$1/52*B265+B266 -> 0 | F266: =F265*((E266/E265)*(C266/C265)) -> #DIV/0! | G266: =100*(F266/F110-1) -> #DIV/0! | H266: =100*($F266/$F6-1) -> #DIV/0! | I266: =1/E266 -> #DIV/0! | J266: =I266/I6-1 -> #DIV/0!
C267: =$E$1/52*B266+B267 -> 0 | F267: =F266*((E267/E266)*(C267/C266)) -> #DIV/0! | G267: =100*(F267/F111-1) -> #DIV/0! | H267: =100*($F267/$F7-1) -> #DIV/0! | I267: =1/E267 -> #DIV/0! | J267: =I267/I7-1 -> #DIV/0!
C268: =$E$1/52*B267+B268 -> 0 | F268: =F267*((E268/E267)*(C268/C267)) -> #DIV/0! | G268: =100*(F268/F112-1) -> #DIV/0! | H268: =100*($F268/$F8-1) -> #DIV/0! | I268: =1/E268 -> #DIV/0! | J268: =I268/I8-1 -> #DIV/0!
C269: =$E$1/52*B268+B269 -> 0 | F269: =F268*((E269/E268)*(C269/C268)) -> #DIV/0! | G269: =100*(F269/F113-1) -> #DIV/0! | H269: =100*($F269/$F9-1) -> #DIV/0! | I269: =1/E269 -> #DIV/0! | J269: =I269/I9-1 -> #DIV/0!
C270: =$E$1/52*B269+B270 -> 0 | F270: =F269*((E270/E269)*(C270/C269)) -> #DIV/0! | G270: =100*(F270/F114-1) -> #DIV/0! | H270: =100*($F270/$F10-1) -> #DIV/0! | I270: =1/E270 -> #DIV/0! | J270: =I270/I10-1 -> #DIV/0!
C271: =$E$1/52*B270+B271 -> 0 | F271: =F270*((E271/E270)*(C271/C270)) -> #DIV/0! | G271: =100*(F271/F115-1) -> #DIV/0! | H271: =100*($F271/$F11-1) -> #DIV/0! | I271: =1/E271 -> #DIV/0! | J271: =I271/I11-1 -> #DIV/0!
C272: =$E$1/52*B271+B272 -> 0 | F272: =F271*((E272/E271)*(C272/C271)) -> #DIV/0! | G272: =100*(F272/F116-1) -> #DIV/0! | H272: =100*($F272/$F12-1) -> #DIV/0! | I272: =1/E272 -> #DIV/0! | J272: =I272/I12-1 -> #DIV/0!
C273: =$E$1/52*B272+B273 -> 0 | F273: =F272*((E273/E272)*(C273/C272)) -> #DIV/0! | G273: =100*(F273/F117-1) -> #DIV/0! | H273: =100*($F273/$F13-1) -> #DIV/0! | I273: =1/E273 -> #DIV/0! | J273: =I273/I13-1 -> #DIV/0!
C274: =$E$1/52*B273+B274 -> 0 | F274: =F273*((E274/E273)*(C274/C273)) -> #DIV/0! | G274: =100*(F274/F118-1) -> #DIV/0! | H274: =100*($F274/$F14-1) -> #DIV/0! | I274: =1/E274 -> #DIV/0! | J274: =I274/I14-1 -> #DIV/0!
C275: =$E$1/52*B274+B275 -> 0 | F275: =F274*((E275/E274)*(C275/C274)) -> #DIV/0! | G275: =100*(F275/F119-1) -> #DIV/0! | H275: =100*($F275/$F15-1) -> #DIV/0! | I275: =1/E275 -> #DIV/0! | J275: =I275/I15-1 -> #DIV/0!
C276: =$E$1/52*B275+B276 -> 0 | F276: =F275*((E276/E275)*(C276/C275)) -> #DIV/0! | G276: =100*(F276/F120-1) -> #DIV/0! | H276: =100*($F276/$F16-1) -> #DIV/0! | I276: =1/E276 -> #DIV/0! | J276: =I276/I16-1 -> #DIV/0!
C277: =$E$1/52*B276+B277 -> 0 | F277: =F276*((E277/E276)*(C277/C276)) -> #DIV/0! | G277: =100*(F277/F121-1) -> #DIV/0! | H277: =100*($F277/$F17-1) -> #DIV/0! | I277: =1/E277 -> #DIV/0! | J277: =I277/I17-1 -> #DIV/0!
... C1345: =$E$1/52*B1344+B1345 -> 0 | F1345: =F1344*((E1345/E1344)*(C1345/C1344)) -> #DIV/0! | G1345: =100*(F1345/F1189-1) -> #DIV/0! | H1345: =100*($F1345/$F1085-1) -> #DIV/0! | I1345: =1/E1345 -> #DIV/0! | J1345: =I1345/I1085-1 -> #DIV/0!
C1346: =$E$1/52*B1345+B1346 -> 0
C1347: =$E$1/52*B1346+B1347 -> 0
C1348: =$E$1/52*B1347+B1348 -> 0

Sheet Daily Perf
A1: DATE | B1: IE0000UJ3480 | C1: IE000ZOI8OK5 | D1: IE000BWITBP9 | E1: IE000GUOATN7 | F1: IE000WA6L436 | G1: IE000I1D7D10 | H1: IE0008UEVOE0 | I1: IE00B5BMR087 | J1: PORTFOLIO ALL | L1: PORTFOLIO BOND
A2: 45184.736 | C2: =B2+2 -> 2 | D2: =C2+2 -> 4 | E2: =D2+2 -> 6 | F2: =E2+2 -> 8 | G2: =F2+2 -> 10 | H2: =G2+2 -> 12 | I2: =H2+2 -> 14 | K2: 100 | M2: 100
A3: 45191.736 | B3: =Historique!B6/Historique!B5-1 -> #DIV/0! | C3: =OFFSET(Historique!$B5, 1, C$2)/OFFSET(Historique!$B5, 0, C$2)-1 -> #DIV/0! | D3: =OFFSET(Historique!$B5, 1, D$2)/OFFSET(Historique!$B5, 0, D$2)-1 -> #DIV/0! | E3: =OFFSET(Historique!$B5, 1, E$2)/OFFSET(Historique!$B5, 0, E$2)-1 -> #DIV/0! | F3: =OFFSET(Historique!$B5, 1, F$2)/OFFSET(Historique!$B5, 0, F$2)-1 -> #DIV/0! | G3: =OFFSET(Historique!$B5, 1, G$2)/OFFSET(Historique!$B5, 0, G$2)-1 -> #DIV/0! | H3: =OFFSET(Historique!$B5, 1, H$2)/OFFSET(Historique!$B5, 0, H$2)-1 -> #DIV/0! | I3: =OFFSET(Historique!$B5, 1, I$2)/OFFSET(Historique!$B5, 0, I$2)-1 -> #DIV/0! | J3: {=SUMPRODUCT(B3:I3, TRANSPOSE(Portfolio!$R$2:$R$9))/100} -> #DIV/0! | K3: =(1+J3)*K2 -> #DIV/0! | L3: {=SUMPRODUCT(B3:H3, TRANSPOSE(Portfolio!$R$2:$R$8))/100*3/2} -> #DIV/0! | M3: =(1+L3)*M2 -> #DIV/0!
A4: 45198.736 | B4: =Historique!B7/Historique!B6-1 -> #DIV/0! | C4: =OFFSET(Historique!$B6, 1, C$2)/OFFSET(Historique!$B6, 0, C$2)-1 -> #DIV/0! | D4: =OFFSET(Historique!$B6, 1, D$2)/OFFSET(Historique!$B6, 0, D$2)-1 -> #DIV/0! | E4: =OFFSET(Historique!$B6, 1, E$2)/OFFSET(Historique!$B6, 0, E$2)-1 -> #DIV/0! | F4: =OFFSET(Historique!$B6, 1, F$2)/OFFSET(Historique!$B6, 0, F$2)-1 -> #DIV/0! | G4: =OFFSET(Historique!$B6, 1, G$2)/OFFSET(Historique!$B6, 0, G$2)-1 -> #DIV/0! | H4: =OFFSET(Historique!$B6, 1, H$2)/OFFSET(Historique!$B6, 0, H$2)-1 -> #DIV/0! | I4: =OFFSET(Historique!$B6, 1, I$2)/OFFSET(Historique!$B6, 0, I$2)-1 -> #DIV/0! | J4: {=SUMPRODUCT(B4:I4, TRANSPOSE(Portfolio!$R$2:$R$9))/100} -> #DIV/0! | K4: =(1+J4)*K3 -> #DIV/0! | L4: {=SUMPRODUCT(B4:H4, TRANSPOSE(Portfolio!$R$2:$R$8))/100*3/2} -> #DIV/0! | M4: =(1+L4)*M3 -> #DIV/0!
A5: 45205.736 | B5: =Historique!B8/Historique!B7-1 -> #DIV/0! | C5: =OFFSET(Historique!$B7, 1, C$2)/OFFSET(Historique!$B7, 0, C$2)-1 -> #DIV/0! | D5: =OFFSET(Historique!$B7, 1, D$2)/OFFSET(Historique!$B7, 0, D$2)-1 -> #DIV/0! | E5: =OFFSET(Historique!$B7, 1, E$2)/OFFSET(Historique!$B7, 0, E$2)-1 -> #DIV/0! | F5: =OFFSET(Historique!$B7, 1, F$2)/OFFSET(Historique!$B7, 0, F$2)-1 -> #DIV/0! | G5: =OFFSET(Historique!$B7, 1, G$2)/OFFSET(Historique!$B7, 0, G$2)-1 -> #DIV/0! | H5: =OFFSET(Historique!$B7, 1, H$2)/OFFSET(Historique!$B7, 0, H$2)-1 -> #DIV/0! | I5: =OFFSET(Historique!$B7, 1, I$2)/OFFSET(Historique!$B7, 0, I$2)-1 -> #DIV/0! | J5: {=SUMPRODUCT(B5:I5, TRANSPOSE(Portfolio!$R$2:$R$9))/100} -> #DIV/0! | K5: =(1+J5)*K4 -> #DIV/0! | L5: {=SUMPRODUCT(B5:H5, TRANSPOSE(Portfolio!$R$2:$R$8))/100*3/2} -> #DIV/0! | M5: =(1+L5)*M4 -> #DIV/0!
A6: 45212.736 | B6: =Historique!B9/Historique!B8-1 -> #DIV/0! | C6: =OFFSET(Historique!$B8, 1, C$2)/OFFSET(Historique!$B8, 0, C$2)-1 -> #DIV/0! | D6: =OFFSET(Historique!$B8, 1, D$2)/OFFSET(Historique!$B8, 0, D$2)-1 -> #DIV/0! | E6: =OFFSET(Historique!$B8, 1, E$2)/OFFSET(Historique!$B8, 0, E$2)-1 -> #DIV/0! | F6: =OFFSET(Historique!$B8, 1, F$2)/OFFSET(Historique!$B8, 0, F$2)-1 -> #DIV/0! | G6: =OFFSET(Historique!$B8, 1, G$2)/OFFSET(Historique!$B8, 0, G$2)-1 -> #DIV/0! | H6: =OFFSET(Historique!$B8, 1, H$2)/OFFSET(Historique!$B8, 0, H$2)-1 -> #DIV/0! | I6: =OFFSET(Historique!$B8, 1, I$2)/OFFSET(Historique!$B8, 0, I$2)-1 -> #DIV/0! | J6: {=SUMPRODUCT(B6:I6, TRANSPOSE(Portfolio!$R$2:$R$9))/100} -> #DIV/0! | K6: =(1+J6)*K5 -> #DIV/0! | L6: {=SUMPRODUCT(B6:H6, TRANSPOSE(Portfolio!$R$2:$R$8))/100*3/2} -> #DIV/0! | M6: =(1+L6)*M5 -> #DIV/0!
A7: 45219.736 | B7: =Historique!B10/Historique!B9-1 -> #DIV/0! | C7: =OFFSET(Historique!$B9, 1, C$2)/OFFSET(Historique!$B9, 0, C$2)-1 -> #DIV/0! | D7: =OFFSET(Historique!$B9, 1, D$2)/OFFSET(Historique!$B9, 0, D$2)-1 -> #DIV/0! | E7: =OFFSET(Historique!$B9, 1, E$2)/OFFSET(Historique!$B9, 0, E$2)-1 -> #DIV/0! | F7: =OFFSET(Historique!$B9, 1, F$2)/OFFSET(Historique!$B9, 0, F$2)-1 -> #DIV/0! | G7: =OFFSET(Historique!$B9, 1, G$2)/OFFSET(Historique!$B9, 0, G$2)-1 -> #DIV/0! | H7: =OFFSET(Historique!$B9, 1, H$2)/OFFSET(Historique!$B9, 0, H$2)-1 -> #DIV/0! | I7: =OFFSET(Historique!$B9, 1, I$2)/OFFSET(Historique!$B9, 0, I$2)-1 -> #DIV/0! | J7: {=SUMPRODUCT(B7:I7, TRANSPOSE(Portfolio!$R$2:$R$9))/100} -> #DIV/0! | K7: =(1+J7)*K6 -> #DIV/0! | L7: {=SUMPRODUCT(B7:H7, TRANSPOSE(Portfolio!$R$2:$R$8))/100*3/2} -> #DIV/0! | M7: =(1+L7)*M6 -> #DIV/0!
A8: 45226.736 | B8: =Historique!B11/Historique!B10-1 -> #DIV/0! | C8: =OFFSET(Historique!$B10, 1, C$2)/OFFSET(Historique!$B10, 0, C$2)-1 -> #DIV/0! | D8: =OFFSET(Historique!$B10, 1, D$2)/OFFSET(Historique!$B10, 0, D$2)-1 -> #DIV/0! | E8: =OFFSET(Historique!$B10, 1, E$2)/OFFSET(Historique!$B10, 0, E$2)-1 -> #DIV/0! | F8: =OFFSET(Historique!$B10, 1, F$2)/OFFSET(Historique!$B10, 0, F$2)-1 -> #DIV/0! | G8: =OFFSET(Historique!$B10, 1, G$2)/OFFSET(Historique!$B10, 0, G$2)-1 -> #DIV/0! | H8: =OFFSET(Historique!$B10, 1, H$2)/OFFSET(Historique!$B10, 0, H$2)-1 -> #DIV/0! | I8: =OFFSET(Historique!$B10, 1, I$2)/OFFSET(Historique!$B10, 0, I$2)-1 -> #DIV/0! | J8: {=SUMPRODUCT(B8:I8, TRANSPOSE(Portfolio!$R$2:$R$9))/100} -> #DIV/0! | K8: =(1+J8)*K7 -> #DIV/0! | L8: {=SUMPRODUCT(B8:H8, TRANSPOSE(Portfolio!$R$2:$R$8))/100*3/2} -> #DIV/0! | M8: =(1+L8)*M7 -> #DIV/0!
A9: 45233.736 | B9: =Historique!B12/Historique!B11-1 -> #DIV/0! | C9: =OFFSET(Historique!$B11, 1, C$2)/OFFSET(Historique!$B11, 0, C$2)-1 -> #DIV/0! | D9: =OFFSET(Historique!$B11, 1, D$2)/OFFSET(Historique!$B11, 0, D$2)-1 -> #DIV/0! | E9: =OFFSET(Historique!$B11, 1, E$2)/OFFSET(Historique!$B11, 0, E$2)-1 -> #DIV/0! | F9: =OFFSET(Historique!$B11, 1, F$2)/OFFSET(Historique!$B11, 0, F$2)-1 -> #DIV/0! | G9: =OFFSET(Historique!$B11, 1, G$2)/OFFSET(Historique!$B11, 0, G$2)-1 -> #DIV/0! | H9: =OFFSET(Historique!$B11, 1, H$2)/OFFSET(Historique!$B11, 0, H$2)-1 -> #DIV/0! | I9: =OFFSET(Historique!$B11, 1, I$2)/OFFSET(Historique!$B11, 0, I$2)-1 -> #DIV/0! | J9: {=SUMPRODUCT(B9:I9, TRANSPOSE(Portfolio!$R$2:$R$9))/100} -> #DIV/0! | K9: =(1+J9)*K8 -> #DIV/0! | L9: {=SUMPRODUCT(B9:H9, TRANSPOSE(Portfolio!$R$2:$R$8))/100*3/2} -> #DIV/0! | M9: =(1+L9)*M8 -> #DIV/0!
A10: 45240.736 | B10: =Historique!B13/Historique!B12-1 -> #DIV/0! | C10: =OFFSET(Historique!$B12, 1, C$2)/OFFSET(Historique!$B12, 0, C$2)-1 -> #DIV/0! | D10: =OFFSET(Historique!$B12, 1, D$2)/OFFSET(Historique!$B12, 0, D$2)-1 -> #DIV/0! | E10: =OFFSET(Historique!$B12, 1, E$2)/OFFSET(Historique!$B12, 0, E$2)-1 -> #DIV/0! | F10: =OFFSET(Historique!$B12, 1, F$2)/OFFSET(Historique!$B12, 0, F$2)-1 -> #DIV/0! | G10: =OFFSET(Historique!$B12, 1, G$2)/OFFSET(Historique!$B12, 0, G$2)-1 -> #DIV/0! | H10: =OFFSET(Historique!$B12, 1, H$2)/OFFSET(Historique!$B12, 0, H$2)-1 -> #DIV/0! | I10: =OFFSET(Historique!$B12, 1, I$2)/OFFSET(Historique!$B12, 0, I$2)-1 -> #DIV/0! | J10: {=SUMPRODUCT(B10:I10, TRANSPOSE(Portfolio!$R$2:$R$9))/100} -> #DIV/0! | K10: =(1+J10)*K9 -> #DIV/0! | L10: {=SUMPRODUCT(B10:H10, TRANSPOSE(Portfolio!$R$2:$R$8))/100*3/2} -> #DIV/0! | M10: =(1+L10)*M9 -> #DIV/0!
A11: 45247.736 | B11: =Historique!B14/Historique!B13-1 -> #DIV/0! | C11: =OFFSET(Historique!$B13, 1, C$2)/OFFSET(Historique!$B13, 0, C$2)-1 -> #DIV/0! | D11: =OFFSET(Historique!$B13, 1, D$2)/OFFSET(Historique!$B13, 0, D$2)-1 -> #DIV/0! | E11: =OFFSET(Historique!$B13, 1, E$2)/OFFSET(Historique!$B13, 0, E$2)-1 -> #DIV/0! | F11: =OFFSET(Historique!$B13, 1, F$2)/OFFSET(Historique!$B13, 0, F$2)-1 -> #DIV/0! | G11: =OFFSET(Historique!$B13, 1, G$2)/OFFSET(Historique!$B13, 0, G$2)-1 -> #DIV/0! | H11: =OFFSET(Historique!$B13, 1, H$2)/OFFSET(Historique!$B13, 0, H$2)-1 -> #DIV/0! | I11: =OFFSET(Historique!$B13, 1, I$2)/OFFSET(Historique!$B13, 0, I$2)-1 -> #DIV/0! | J11: {=SUMPRODUCT(B11:I11, TRANSPOSE(Portfolio!$R$2:$R$9))/100} -> #DIV/0! | K11: =(1+J11)*K10 -> #DIV/0! | L11: {=SUMPRODUCT(B11:H11, TRANSPOSE(Portfolio!$R$2:$R$8))/100*3/2} -> #DIV/0! | M11: =(1+L11)*M10 -> #DIV/0!
A12: 45254.736 | B12: =Historique!B15/Historique!B14-1 -> #DIV/0! | C12: =OFFSET(Historique!$B14, 1, C$2)/OFFSET(Historique!$B14, 0, C$2)-1 -> #DIV/0! | D12: =OFFSET(Historique!$B14, 1, D$2)/OFFSET(Historique!$B14, 0, D$2)-1 -> #DIV/0! | E12: =OFFSET(Historique!$B14, 1, E$2)/OFFSET(Historique!$B14, 0, E$2)-1 -> #DIV/0! | F12: =OFFSET(Historique!$B14, 1, F$2)/OFFSET(Historique!$B14, 0, F$2)-1 -> #DIV/0! | G12: =OFFSET(Historique!$B14, 1, G$2)/OFFSET(Historique!$B14, 0, G$2)-1 -> #DIV/0! | H12: =OFFSET(Historique!$B14, 1, H$2)/OFFSET(Historique!$B14, 0, H$2)-1 -> #DIV/0! | I12: =OFFSET(Historique!$B14, 1, I$2)/OFFSET(Historique!$B14, 0, I$2)-1 -> #DIV/0! | J12: {=SUMPRODUCT(B12:I12, TRANSPOSE(Portfolio!$R$2:$R$9))/100} -> #DIV/0! | K12: =(1+J12)*K11 -> #DIV/0! | L12: {=SUMPRODUCT(B12:H12, TRANSPOSE(Portfolio!$R$2:$R$8))/100*3/2} -> #DIV/0! | M12: =(1+L12)*M11 -> #DIV/0!
A13: 45261.736 | B13: =Historique!B16/Historique!B15-1 -> #DIV/0! | C13: =OFFSET(Historique!$B15, 1, C$2)/OFFSET(Historique!$B15, 0, C$2)-1 -> #DIV/0! | D13: =OFFSET(Historique!$B15, 1, D$2)/OFFSET(Historique!$B15, 0, D$2)-1 -> #DIV/0! | E13: =OFFSET(Historique!$B15, 1, E$2)/OFFSET(Historique!$B15, 0, E$2)-1 -> #DIV/0! | F13: =OFFSET(Historique!$B15, 1, F$2)/OFFSET(Historique!$B15, 0, F$2)-1 -> #DIV/0! | G13: =OFFSET(Historique!$B15, 1, G$2)/OFFSET(Historique!$B15, 0, G$2)-1 -> #DIV/0! | H13: =OFFSET(Historique!$B15, 1, H$2)/OFFSET(Historique!$B15, 0, H$2)-1 -> #DIV/0! | I13: =OFFSET(Historique!$B15, 1, I$2)/OFFSET(Historique!$B15, 0, I$2)-1 -> #DIV/0! | J13: {=SUMPRODUCT(B13:I13, TRANSPOSE(Portfolio!$R$2:$R$9))/100} -> #DIV/0! | K13: =(1+J13)*K12 -> #DIV/0! | L13: {=SUMPRODUCT(B13:H13, TRANSPOSE(Portfolio!$R$2:$R$8))/100*3/2} -> #DIV/0! | M13: =(1+L13)*M12 -> #DIV/0!
A14: 45268.736 | B14: =Historique!B17/Historique!B16-1 -> #DIV/0! | C14: =OFFSET(Historique!$B16, 1, C$2)/OFFSET(Historique!$B16, 0, C$2)-1 -> #DIV/0! | D14: =OFFSET(Historique!$B16, 1, D$2)/OFFSET(Historique!$B16, 0, D$2)-1 -> #DIV/0! | E14: =OFFSET(Historique!$B16, 1, E$2)/OFFSET(Historique!$B16, 0, E$2)-1 -> #DIV/0! | F14: =OFFSET(Historique!$B16, 1, F$2)/OFFSET(Historique!$B16, 0, F$2)-1 -> #DIV/0! | G14: =OFFSET(Historique!$B16, 1, G$2)/OFFSET(Historique!$B16, 0, G$2)-1 -> #DIV/0! | H14: =OFFSET(Historique!$B16, 1, H$2)/OFFSET(Historique!$B16, 0, H$2)-1 -> #DIV/0! | I14: =OFFSET(Historique!$B16, 1, I$2)/OFFSET(Historique!$B16, 0, I$2)-1 -> #DIV/0! | J14: {=SUMPRODUCT(B14:I14, TRANSPOSE(Portfolio!$R$2:$R$9))/100} -> #DIV/0! | K14: =(1+J14)*K13 -> #DIV/0! | L14: {=SUMPRODUCT(B14:H14, TRANSPOSE(Portfolio!$R$2:$R$8))/100*3/2} -> #DIV/0! | M14: =(1+L14)*M13 -> #DIV/0!
... A55: 45554.736 | B55: =Historique!B58/Historique!B57-1 -> #DIV/0! | C55: =OFFSET(Historique!$B57, 1, C$2)/OFFSET(Historique!$B57, 0, C$2)-1 -> #DIV/0! | D55: =OFFSET(Historique!$B57, 1, D$2)/OFFSET(Historique!$B57, 0, D$2)-1 -> #DIV/0! | E55: =OFFSET(Historique!$B57, 1, E$2)/OFFSET(Historique!$B57, 0, E$2)-1 -> #DIV/0! | F55: =OFFSET(Historique!$B57, 1, F$2)/OFFSET(Historique!$B57, 0, F$2)-1 -> #DIV/0! | G55: =OFFSET(Historique!$B57, 1, G$2)/OFFSET(Historique!$B57, 0, G$2)-1 -> #DIV/0! | H55: =OFFSET(Historique!$B57, 1, H$2)/OFFSET(Historique!$B57, 0, H$2)-1 -> #DIV/0! | I55: =OFFSET(Historique!$B57, 1, I$2)/OFFSET(Historique!$B57, 0, I$2)-1 -> #DIV/0! | J55: {=SUMPRODUCT(B55:I55, TRANSPOSE(Portfolio!$R$2:$R$9))/100} -> #DIV/0! | K55: =(1+J55)*K54 -> #DIV/0! | L55: {=SUMPRODUCT(B55:H55, TRANSPOSE(Portfolio!$R$2:$R$8))/100*3/2} -> #DIV/0! | M55: =(1+L55)*M54 -> #DIV/0!
A56: 45562.736 | B56: =Historique!B59/Historique!B58-1 -> #DIV/0! | C56: =OFFSET(Historique!$B58, 1, C$2)/OFFSET(Historique!$B58, 0, C$2)-1 -> #DIV/0! | D56: =D55 -> #DIV/0! | E56: =OFFSET(Historique!$B58, 1, E$2)/OFFSET(Historique!$B58, 0, E$2)-1 -> #DIV/0! | F56: =OFFSET(Historique!$B58, 1, F$2)/OFFSET(Historique!$B58, 0, F$2)-1 -> #DIV/0! | G56: =OFFSET(Historique!$B58, 1, G$2)/OFFSET(Historique!$B58, 0, G$2)-1 -> #DIV/0! | H56: =OFFSET(Historique!$B58, 1, H$2)/OFFSET(Historique!$B58, 0, H$2)-1 -> #DIV/0! | I56: =OFFSET(Historique!$B58, 1, I$2)/OFFSET(Historique!$B58, 0, I$2)-1 -> #DIV/0! | J56: {=SUMPRODUCT(B56:I56, TRANSPOSE(Portfolio!$R$2:$R$9))/100} -> #DIV/0! | K56: =(1+J56)*K55 -> #DIV/0! | L56: {=SUMPRODUCT(B56:H56, TRANSPOSE(Portfolio!$R$2:$R$8))/100*3/2} -> #DIV/0! | M56: =(1+L56)*M55 -> #DIV/0!
I59: VOLATILITY | J59: =STDEV(J3:J56)*SQRT(52) -> #DIV/0! | L59: =STDEV(L3:L56)*SQRT(52) -> #DIV/0!
I60: SHARP RATIO | J60: =(K56/100-1)/J59 -> #DIV/0! | L60: =(M56/100-1)/L59 -> #DIV/0!

Sheet Sheet1
A1: =IFERROR(__xludf.DUMMYFUNCTION("GOOGLEFINANCE(""VIX1Y"", ""open"", DATE(2023,1,1), DATE(2023,12,31), ""DAILY"")"),"Date") -> Date | B1: =IFERROR(__xludf.DUMMYFUNCTION("""COMPUTED_VALUE"""),"Open") -> Open
A2: =IFERROR(__xludf.DUMMYFUNCTION("""COMPUTED_VALUE"""),44929.63611111111) -> 44929.636 | B2: =IFERROR(__xludf.DUMMYFUNCTION("""COMPUTED_VALUE"""),27.31) -> 27.31
A3: =IFERROR(__xludf.DUMMYFUNCTION("""COMPUTED_VALUE"""),44930.63611111111) -> 44930.636 | B3: =IFERROR(__xludf.DUMMYFUNCTION("""COMPUTED_VALUE"""),27.08) -> 27.08
A4: =IFERROR(__xludf.DUMMYFUNCTION("""COMPUTED_VALUE"""),44931.63611111111) -> 44931.636 | B4: =IFERROR(__xludf.DUMMYFUNCTION("""COMPUTED_VALUE"""),26.93) -> 26.93
A5: =IFERROR(__xludf.DUMMYFUNCTION("""COMPUTED_VALUE"""),44932.63611111111) -> 44932.636 | B5: =IFERROR(__xludf.DUMMYFUNCTION("""COMPUTED_VALUE"""),26.57) -> 26.57
A6: =IFERROR(__xludf.DUMMYFUNCTION("""COMPUTED_VALUE"""),44935.63611111111) -> 44935.636 | B6: =IFERROR(__xludf.DUMMYFUNCTION("""COMPUTED_VALUE"""),26.06) -> 26.06
A7: =IFERROR(__xludf.DUMMYFUNCTION("""COMPUTED_VALUE"""),44936.63611111111) -> 44936.636 | B7: =IFERROR(__xludf.DUMMYFUNCTION("""COMPUTED_VALUE"""),26.25) -> 26.25
A8: =IFERROR(__xludf.DUMMYFUNCTION("""COMPUTED_VALUE"""),44937.63611111111) -> 44937.636 | B8: =IFERROR(__xludf.DUMMYFUNCTION("""COMPUTED_VALUE"""),25.64) -> 25.64
A9: =IFERROR(__xludf.DUMMYFUNCTION("""COMPUTED_VALUE"""),44938.63611111111) -> 44938.636 | B9: =IFERROR(__xludf.DUMMYFUNCTION("""COMPUTED_VALUE"""),25.24) -> 25.24
A10: =IFERROR(__xludf.DUMMYFUNCTION("""COMPUTED_VALUE"""),44939.63611111111) -> 44939.636 | B10: =IFERROR(__xludf.DUMMYFUNCTION("""COMPUTED_VALUE"""),25.12) -> 25.12
A11: =IFERROR(__xludf.DUMMYFUNCTION("""COMPUTED_VALUE"""),44943.63611111111) -> 44943.636 | B11: =IFERROR(__xludf.DUMMYFUNCTION("""COMPUTED_VALUE"""),24.81) -> 24.81
A12: =IFERROR(__xludf.DUMMYFUNCTION("""COMPUTED_VALUE"""),44944.63611111111) -> 44944.636 | B12: =IFERROR(__xludf.DUMMYFUNCTION("""COMPUTED_VALUE"""),24.71) -> 24.71
A13: =IFERROR(__xludf.DUMMYFUNCTION("""COMPUTED_VALUE"""),44945.63611111111) -> 44945.636 | B13: =IFERROR(__xludf.DUMMYFUNCTION("""COMPUTED_VALUE"""),25.71) -> 25.71
A14: =IFERROR(__xludf.DUMMYFUNCTION("""COMPUTED_VALUE"""),44946.63611111111) -> 44946.636 | B14: =IFERROR(__xludf.DUMMYFUNCTION("""COMPUTED_VALUE"""),25.22) -> 25.22
A15: =IFERROR(__xludf.DUMMYFUNCTION("""COMPUTED_VALUE"""),44949.63611111111) -> 44949.636 | B15: =IFERROR(__xludf.DUMMYFUNCTION("""COMPUTED_VALUE"""),24.7) -> 24.7
A16: =IFERROR(__xludf.DUMMYFUNCTION("""COMPUTED_VALUE"""),44950.63611111111) -> 44950.636 | B16: =IFERROR(__xludf.DUMMYFUNCTION("""COMPUTED_VALUE"""),24.46) -> 24.46
A17: =IFERROR(__xludf.DUMMYFUNCTION("""COMPUTED_VALUE"""),44951.63611111111) -> 44951.636 | B17: =IFERROR(__xludf.DUMMYFUNCTION("""COMPUTED_VALUE"""),24.36) -> 24.36
A18: =IFERROR(__xludf.DUMMYFUNCTION("""COMPUTED_VALUE"""),44952.63611111111) -> 44952.636 | B18: =IFERROR(__xludf.DUMMYFUNCTION("""COMPUTED_VALUE"""),23.62) -> 23.62
A19: =IFERROR(__xludf.DUMMYFUNCTION("""COMPUTED_VALUE"""),44953.63611111111) -> 44953.636 | B19: =IFERROR(__xludf.DUMMYFUNCTION("""COMPUTED_VALUE"""),23.47) -> 23.47
A20: =IFERROR(__xludf.DUMMYFUNCTION("""COMPUTED_VALUE"""),44956.63611111111) -> 44956.636 | B20: =IFERROR(__xludf.DUMMYFUNCTION("""COMPUTED_VALUE"""),23.58) -> 23.58
A21: =IFERROR(__xludf.DUMMYFUNCTION("""COMPUTED_VALUE"""),44957.63611111111) -> 44957.636 | B21: =IFERROR(__xludf.DUMMYFUNCTION("""COMPUTED_VALUE"""),23.64) -> 23.64
A22: =IFERROR(__xludf.DUMMYFUNCTION("""COMPUTED_VALUE"""),44958.63611111111) -> 44958.636 | B22: =IFERROR(__xludf.DUMMYFUNCTION("""COMPUTED_VALUE"""),23.4) -> 23.4
A23: =IFERROR(__xludf.DUMMYFUNCTION("""COMPUTED_VALUE"""),44959.63611111111) -> 44959.636 | B23: =IFERROR(__xludf.DUMMYFUNCTION("""COMPUTED_VALUE"""),22.86) -> 22.86
A24: =IFERROR(__xludf.DUMMYFUNCTION("""COMPUTED_VALUE"""),44960.63611111111) -> 44960.636 | B24: =IFERROR(__xludf.DUMMYFUNCTION("""COMPUTED_VALUE"""),23.62) -> 23.62
A25: =IFERROR(__xludf.DUMMYFUNCTION("""COMPUTED_VALUE"""),44963.63611111111) -> 44963.636 | B25: =IFERROR(__xludf.DUMMYFUNCTION("""COMPUTED_VALUE"""),23.72) -> 23.72
A26: =IFERROR(__xludf.DUMMYFUNCTION("""COMPUTED_VALUE"""),44964.63611111111) -> 44964.636 | B26: =IFERROR(__xludf.DUMMYFUNCTION("""COMPUTED_VALUE"""),23.95) -> 23.95
A27: =IFERROR(__xludf.DUMMYFUNCTION("""COMPUTED_VALUE"""),44965.63611111111) -> 44965.636 | B27: =IFERROR(__xludf.DUMMYFUNCTION("""COMPUTED_VALUE"""),23.52) -> 23.52
A28: =IFERROR(__xludf.DUMMYFUNCTION("""COMPUTED_VALUE"""),44966.63611111111) -> 44966.636 | B28: =IFERROR(__xludf.DUMMYFUNCTION("""COMPUTED_VALUE"""),23.73) -> 23.73
A29: =IFERROR(__xludf.DUMMYFUNCTION("""COMPUTED_VALUE"""),44967.63611111111) -> 44967.636 | B29: =IFERROR(__xludf.DUMMYFUNCTION("""COMPUTED_VALUE"""),24.64) -> 24.64
A30: =IFERROR(__xludf.DUMMYFUNCTION("""COMPUTED_VALUE"""),44970.63611111111) -> 44970.636 | B30: =IFERROR(__xludf.DUMMYFUNCTION("""COMPUTED_VALUE"""),24.53) -> 24.53
A31: =IFERROR(__xludf.DUMMYFUNCTION("""COMPUTED_VALUE"""),44971.63611111111) -> 44971.636 | B31: =IFERROR(__xludf.DUMMYFUNCTION("""COMPUTED_VALUE"""),24.05) -> 24.05
A32: =IFERROR(__xludf.DUMMYFUNCTION("""COMPUTED_VALUE"""),44972.63611111111) -> 44972.636 | B32: =IFERROR(__xludf.DUMMYFUNCTION("""COMPUTED_VALUE"""),22.15) -> 22.15
A33: =IFERROR(__xludf.DUMMYFUNCTION("""COMPUTED_VALUE"""),44973.63611111111) -> 44973.636 | B33: =IFERROR(__xludf.DUMMYFUNCTION("""COMPUTED_VALUE"""),23.75) -> 23.75
A34: =IFERROR(__xludf.DUMMYFUNCTION("""COMPUTED_VALUE"""),44974.63611111111) -> 44974.636 | B34: =IFERROR(__xludf.DUMMYFUNCTION("""COMPUTED_VALUE"""),24.21) -> 24.21
A35: =IFERROR(__xludf.DUMMYFUNCTION("""COMPUTED_VALUE"""),44978.63611111111) -> 44978.636 | B35: =IFERROR(__xludf.DUMMYFUNCTION("""COMPUTED_VALUE"""),24.52) -> 24.52
A36: =IFERROR(__xludf.DUMMYFUNCTION("""COMPUTED_VALUE"""),44979.63611111111) -> 44979.636 | B36: =IFERROR(__xludf.DUMMYFUNCTION("""COMPUTED_VALUE"""),24.97) -> 24.97
A37: =IFERROR(__xludf.DUMMYFUNCTION("""COMPUTED_VALUE"""),44980.63611111111) -> 44980.636 | B37: =IFERROR(__xludf.DUMMYFUNCTION("""COMPUTED_VALUE"""),24.28) -> 24.28
A38: =IFERROR(__xludf.DUMMYFUNCTION("""COMPUTED_VALUE"""),44981.63611111111) -> 44981.636 | B38: =IFERROR(__xludf.DUMMYFUNCTION("""COMPUTED_VALUE"""),24.5) -> 24.5
A39: =IFERROR(__xludf.DUMMYFUNCTION("""COMPUTED_VALUE"""),44984.63611111111) -> 44984.636 | B39: =IFERROR(__xludf.DUMMYFUNCTION("""COMPUTED_VALUE"""),24.2) -> 24.2
A40: =IFERROR(__xludf.DUMMYFUNCTION("""COMPUTED_VALUE"""),44985.63611111111) -> 44985.636 | B40: =IFERROR(__xludf.DUMMYFUNCTION("""COMPUTED_VALUE"""),24.14) -> 24.14
A41: =IFERROR(__xludf.DUMMYFUNCTION("""COMPUTED_VALUE"""),44986.63611111111) -> 44986.636 | B41: =IFERROR(__xludf.DUMMYFUNCTION("""COMPUTED_VALUE"""),23.85) -> 23.85
A42: =IFERROR(__xludf.DUMMYFUNCTION("""COMPUTED_VALUE"""),44987.63611111111) -> 44987.636 | B42: =IFERROR(__xludf.DUMMYFUNCTION("""COMPUTED_VALUE"""),24.43) -> 24.43
A43: =IFERROR(__xludf.DUMMYFUNCTION("""COMPUTED_VALUE"""),44988.63611111111) -> 44988.636 | B43: =IFERROR(__xludf.DUMMYFUNCTION("""COMPUTED_VALUE"""),23.37) -> 23.37
A44: =IFERROR(__xludf.DUMMYFUNCTION("""COMPUTED_VALUE"""),44991.63611111111) -> 44991.636 | B44: =IFERROR(__xludf.DUMMYFUNCTION("""COMPUTED_VALUE"""),23.02) -> 23.02
A45: =IFERROR(__xludf.DUMMYFUNCTION("""COMPUTED_VALUE"""),44992.63611111111) -> 44992.636 | B45: =IFERROR(__xludf.DUMMYFUNCTION("""COMPUTED_VALUE"""),22.94) -> 22.94
A46: =IFERROR(__xludf.DUMMYFUNCTION("""COMPUTED_VALUE"""),44993.63611111111) -> 44993.636 | B46: =IFERROR(__xludf.DUMMYFUNCTION("""COMPUTED_VALUE"""),23.2) -> 23.2
A47: =IFERROR(__xludf.DUMMYFUNCTION("""COMPUTED_VALUE"""),44994.63611111111) -> 44994.636 | B47: =IFERROR(__xludf.DUMMYFUNCTION("""COMPUTED_VALUE"""),22.82) -> 22.82
A48: =IFERROR(__xludf.DUMMYFUNCTION("""COMPUTED_VALUE"""),44995.63611111111) -> 44995.636 | B48: =IFERROR(__xludf.DUMMYFUNCTION("""COMPUTED_VALUE"""),24.19) -> 24.19
A49: =IFERROR(__xludf.DUMMYFUNCTION("""COMPUTED_VALUE"""),44998.63611111111) -> 44998.636 | B49: =IFERROR(__xludf.DUMMYFUNCTION("""COMPUTED_VALUE"""),27.39) -> 27.39
A50: =IFERROR(__xludf.DUMMYFUNCTION("""COMPUTED_VALUE"""),44999.63611111111) -> 44999.636 | B50: =IFERROR(__xludf.DUMMYFUNCTION("""COMPUTED_VALUE"""),24.56) -> 24.56
A51: =IFERROR(__xludf.DUMMYFUNCTION("""COMPUTED_VALUE"""),45000.63611111111) -> 45000.636 | B51: =IFERROR(__xludf.DUMMYFUNCTION("""COMPUTED_VALUE"""),26.99) -> 26.99
A52: =IFERROR(__xludf.DUMMYFUNCTION("""COMPUTED_VALUE"""),45001.63611111111) -> 45001.636 | B52: =IFERROR(__xludf.DUMMYFUNCTION("""COMPUTED_VALUE"""),27.81) -> 27.81
A53: =IFERROR(__xludf.DUMMYFUNCTION("""COMPUTED_VALUE"""),45002.63611111111) -> 45002.636 | B53: =IFERROR(__xludf.DUMMYFUNCTION("""COMPUTED_VALUE"""),26.14) -> 26.14
A54: =IFERROR(__xludf.DUMMYFUNCTION("""COMPUTED_VALUE"""),45005.63611111111) -> 45005.636 | B54: =IFERROR(__xludf.DUMMYFUNCTION("""COMPUTED_VALUE"""),27.3) -> 27.3
A55: =IFERROR(__xludf.DUMMYFUNCTION("""COMPUTED_VALUE"""),45006.63611111111) -> 45006.636 | B55: =IFERROR(__xludf.DUMMYFUNCTION("""COMPUTED_VALUE"""),25.92) -> 25.92
A56: =IFERROR(__xludf.DUMMYFUNCTION("""COMPUTED_VALUE"""),45007.63611111111) -> 45007.636 | B56: =IFERROR(__xludf.DUMMYFUNCTION("""COMPUTED_VALUE"""),25.02) -> 25.02
A57: =IFERROR(__xludf.DUMMYFUNCTION("""COMPUTED_VALUE"""),45008.63611111111) -> 45008.636 | B57: =IFERROR(__xludf.DUMMYFUNCTION("""COMPUTED_VALUE"""),25.02) -> 25.02
A58: =IFERROR(__xludf.DUMMYFUNCTION("""COMPUTED_VALUE"""),45009.63611111111) -> 45009.636 | B58: =IFERROR(__xludf.DUMMYFUNCTION("""COMPUTED_VALUE"""),26.54) -> 26.54
A59: =IFERROR(__xludf.DUMMYFUNCTION("""COMPUTED_VALUE"""),45012.63611111111) -> 45012.636 | B59: =IFERROR(__xludf.DUMMYFUNCTION("""COMPUTED_VALUE"""),25.26) -> 25.26
A60: =IFERROR(__xludf.DUMMYFUNCTION("""COMPUTED_VALUE"""),45013.63611111111) -> 45013.636 | B60: =IFERROR(__xludf.DUMMYFUNCTION("""COMPUTED_VALUE"""),25.23) -> 25.23
A61: =IFERROR(__xludf.DUMMYFUNCTION("""COMPUTED_VALUE"""),45014.63611111111) -> 45014.636 | B61: =IFERROR(__xludf.DUMMYFUNCTION("""COMPUTED_VALUE"""),24.34) -> 24.34
A62: =IFERROR(__xludf.DUMMYFUNCTION("""COMPUTED_VALUE"""),45015.63611111111) -> 45015.636 | B62: =IFERROR(__xludf.DUMMYFUNCTION("""COMPUTED_VALUE"""),24.06) -> 24.06
A63: =IFERROR(__xludf.DUMMYFUNCTION("""COMPUTED_VALUE"""),45016.63611111111) -> 45016.636 | B63: =IFERROR(__xludf.DUMMYFUNCTION("""COMPUTED_VALUE"""),24.04) -> 24.04
A64: =IFERROR(__xludf.DUMMYFUNCTION("""COMPUTED_VALUE"""),45019.63611111111) -> 45019.636 | B64: =IFERROR(__xludf.DUMMYFUNCTION("""COMPUTED_VALUE"""),24.07) -> 24.07
A65: =IFERROR(__xludf.DUMMYFUNCTION("""COMPUTED_VALUE"""),45020.63611111111) -> 45020.636 | B65: =IFERROR(__xludf.DUMMYFUNCTION("""COMPUTED_VALUE"""),23.92) -> 23.92
A66: =IFERROR(__xludf.DUMMYFUNCTION("""COMPUTED_VALUE"""),45021.63611111111) -> 45021.636 | B66: =IFERROR(__xludf.DUMMYFUNCTION("""COMPUTED_VALUE"""),24.49) -> 24.49
A67: =IFERROR(__xludf.DUMMYFUNCTION("""COMPUTED_VALUE"""),45022.63611111111) -> 45022.636 | B67: =IFERROR(__xludf.DUMMYFUNCTION("""COMPUTED_VALUE"""),24.65) -> 24.65
A68: =IFERROR(__xludf.DUMMYFUNCTION("""COMPUTED_VALUE"""),45026.63611111111) -> 45026.636 | B68: =IFERROR(__xludf.DUMMYFUNCTION("""COMPUTED_VALUE"""),24.47) -> 24.47
A69: =IFERROR(__xludf.DUMMYFUNCTION("""COMPUTED_VALUE"""),45027.63611111111) -> 45027.636 | B69: =IFERROR(__xludf.DUMMYFUNCTION("""COMPUTED_VALUE"""),24.01) -> 24.01
A70: =IFERROR(__xludf.DUMMYFUNCTION("""COMPUTED_VALUE"""),45028.63611111111) -> 45028.636 | B70: =IFERROR(__xludf.DUMMYFUNCTION("""COMPUTED_VALUE"""),23.83) -> 23.83
A71: =IFERROR(__xludf.DUMMYFUNCTION("""COMPUTED_VALUE"""),45029.63611111111) -> 45029.636 | B71: =IFERROR(__xludf.DUMMYFUNCTION("""COMPUTED_VALUE"""),24.0) -> 24
A72: =IFERROR(__xludf.DUMMYFUNCTION("""COMPUTED_VALUE"""),45030.63611111111) -> 45030.636 | B72: =IFERROR(__xludf.DUMMYFUNCTION("""COMPUTED_VALUE"""),23.68) -> 23.68
A73: =IFERROR(__xludf.DUMMYFUNCTION("""COMPUTED_VALUE"""),45033.63611111111) -> 45033.636 | B73: =IFERROR(__xludf.DUMMYFUNCTION("""COMPUTED_VALUE"""),23.64) -> 23.64
A74: =IFERROR(__xludf.DUMMYFUNCTION("""COMPUTED_VALUE"""),45034.63611111111) -> 45034.636 | B74: =IFERROR(__xludf.DUMMYFUNCTION("""COMPUTED_VALUE"""),23.29) -> 23.29
A75: =IFERROR(__xludf.DUMMYFUNCTION("""COMPUTED_VALUE"""),45035.63611111111) -> 45035.636 | B75: =IFERROR(__xludf.DUMMYFUNCTION("""COMPUTED_VALUE"""),23.65) -> 23.65
A76: =IFERROR(__xludf.DUMMYFUNCTION("""COMPUTED_VALUE"""),45036.63611111111) -> 45036.636 | B76: =IFERROR(__xludf.DUMMYFUNCTION("""COMPUTED_VALUE"""),24.07) -> 24.07
A77: =IFERROR(__xludf.DUMMYFUNCTION("""COMPUTED_VALUE"""),45037.63611111111) -> 45037.636 | B77: =IFERROR(__xludf.DUMMYFUNCTION("""COMPUTED_VALUE"""),24.2) -> 24.2
A78: =IFERROR(__xludf.DUMMYFUNCTION("""COMPUTED_VALUE"""),45040.63611111111) -> 45040.636 | B78: =IFERROR(__xludf.DUMMYFUNCTION("""COMPUTED_VALUE"""),24.27) -> 24.27
A79: =IFERROR(__xludf.DUMMYFUNCTION("""COMPUTED_VALUE"""),45041.63611111111) -> 45041.636 | B79: =IFERROR(__xludf.DUMMYFUNCTION("""COMPUTED_VALUE"""),24.44) -> 24.44
A80: =IFERROR(__xludf.DUMMYFUNCTION("""COMPUTED_VALUE"""),45042.63611111111) -> 45042.636 | B80: =IFERROR(__xludf.DUMMYFUNCTION("""COMPUTED_VALUE"""),25.04) -> 25.04
A81: =IFERROR(__xludf.DUMMYFUNCTION("""COMPUTED_VALUE"""),45043.63611111111) -> 45043.636 | B81: =IFERROR(__xludf.DUMMYFUNCTION("""COMPUTED_VALUE"""),24.46) -> 24.46
A82: =IFERROR(__xludf.DUMMYFUNCTION("""COMPUTED_VALUE"""),45044.63611111111) -> 45044.636 | B82: =IFERROR(__xludf.DUMMYFUNCTION("""COMPUTED_VALUE"""),24.45) -> 24.45
A83: =IFERROR(__xludf.DUMMYFUNCTION("""COMPUTED_VALUE"""),45047.63611111111) -> 45047.636 | B83: =IFERROR(__xludf.DUMMYFUNCTION("""COMPUTED_VALUE"""),24.06) -> 24.06
A84: =IFERROR(__xludf.DUMMYFUNCTION("""COMPUTED_VALUE"""),45048.63611111111) -> 45048.636 | B84: =IFERROR(__xludf.DUMMYFUNCTION("""COMPUTED_VALUE"""),24.03) -> 24.03
A85: =IFERROR(__xludf.DUMMYFUNCTION("""COMPUTED_VALUE"""),45049.63611111111) -> 45049.636 | B85: =IFERROR(__xludf.DUMMYFUNCTION("""COMPUTED_VALUE"""),24.67) -> 24.67
A86: =IFERROR(__xludf.DUMMYFUNCTION("""COMPUTED_VALUE"""),45050.63611111111) -> 45050.636 | B86: =IFERROR(__xludf.DUMMYFUNCTION("""COMPUTED_VALUE"""),25.1) -> 25.1
A87: =IFERROR(__xludf.DUMMYFUNCTION("""COMPUTED_VALUE"""),45051.63611111111) -> 45051.636 | B87: =IFERROR(__xludf.DUMMYFUNCTION("""COMPUTED_VALUE"""),25.01) -> 25.01
A88: =IFERROR(__xludf.DUMMYFUNCTION("""COMPUTED_VALUE"""),45054.63611111111) -> 45054.636 | B88: =IFERROR(__xludf.DUMMYFUNCTION("""COMPUTED_VALUE"""),24.72) -> 24.72
A89: =IFERROR(__xludf.DUMMYFUNCTION("""COMPUTED_VALUE"""),45055.63611111111) -> 45055.636 | B89: =IFERROR(__xludf.DUMMYFUNCTION("""COMPUTED_VALUE"""),25.17) -> 25.17
A90: =IFERROR(__xludf.DUMMYFUNCTION("""COMPUTED_VALUE"""),45056.63611111111) -> 45056.636 | B90: =IFERROR(__xludf.DUMMYFUNCTION("""COMPUTED_VALUE"""),24.43) -> 24.43
A91: =IFERROR(__xludf.DUMMYFUNCTION("""COMPUTED_VALUE"""),45057.63611111111) -> 45057.636 | B91: =IFERROR(__xludf.DUMMYFUNCTION("""COMPUTED_VALUE"""),24.84) -> 24.84
A92: =IFERROR(__xludf.DUMMYFUNCTION("""COMPUTED_VALUE"""),45058.63611111111) -> 45058.636 | B92: =IFERROR(__xludf.DUMMYFUNCTION("""COMPUTED_VALUE"""),24.58) -> 24.58
A93: =IFERROR(__xludf.DUMMYFUNCTION("""COMPUTED_VALUE"""),45061.63611111111) -> 45061.636 | B93: =IFERROR(__xludf.DUMMYFUNCTION("""COMPUTED_VALUE"""),24.81) -> 24.81
A94: =IFERROR(__xludf.DUMMYFUNCTION("""COMPUTED_VALUE"""),45062.63611111111) -> 45062.636 | B94: =IFERROR(__xludf.DUMMYFUNCTION("""COMPUTED_VALUE"""),24.69) -> 24.69
A95: =IFERROR(__xludf.DUMMYFUNCTION("""COMPUTED_VALUE"""),45063.63611111111) -> 45063.636 | B95: =IFERROR(__xludf.DUMMYFUNCTION("""COMPUTED_VALUE"""),24.43) -> 24.43
A96: =IFERROR(__xludf.DUMMYFUNCTION("""COMPUTED_VALUE"""),45064.63611111111) -> 45064.636 | B96: =IFERROR(__xludf.DUMMYFUNCTION("""COMPUTED_VALUE"""),24.4) -> 24.4
A97: =IFERROR(__xludf.DUMMYFUNCTION("""COMPUTED_VALUE"""),45065.63611111111) -> 45065.636 | B97: =IFERROR(__xludf.DUMMYFUNCTION("""COMPUTED_VALUE"""),24.02) -> 24.02
A98: =IFERROR(__xludf.DUMMYFUNCTION("""COMPUTED_VALUE"""),45068.63611111111) -> 45068.636 | B98: =IFERROR(__xludf.DUMMYFUNCTION("""COMPUTED_VALUE"""),24.43) -> 24.43
A99: =IFERROR(__xludf.DUMMYFUNCTION("""COMPUTED_VALUE"""),45069.63611111111) -> 45069.636 | B99: =IFERROR(__xludf.DUMMYFUNCTION("""COMPUTED_VALUE"""),24.63) -> 24.63
A100: =IFERROR(__xludf.DUMMYFUNCTION("""COMPUTED_VALUE"""),45070.63611111111) -> 45070.636 | B100: =IFERROR(__xludf.DUMMYFUNCTION("""COMPUTED_VALUE"""),25.02) -> 25.02
...
